10 10 10 10 10 10 10 10 10 10 10 12 10 11 12 10 10 10 10 0F 0F 10 0F 11 10 10 0F 0F 11 10 10 11 10 10 10 0F 0F 0F 11 10 10 0F 11 11 12 10 11 0F 0F 10 11 12 11 11 11 10 11 11 11 10 11 12 11 10 11 11 0F 12 10 10 0F 0E 0E 0F 13 0F 0F 10 11 10 10 11 10 0F 11 11 10 11 11 10 11 11 10 11 12 10 10 11 10 12 0E 11 10 10 10 12 10 10 11 11 12 11 11 12 11 11 0F 0F 10 10 0F 11 11 11 0F 10 0F 10 11 11 10 10 12 11 11 0F 10 12 11 10 10 11 11 12 10 11 10 11 0F 11 11 0F 10 10 11 10 10 0E 0F 11 10 11 11 0F 11 11 0F 0F 10 11 11 0F 11 10 11 10 12 10 10 0F 0E 0F 11 11 0F 10 10 0F 0F 10 11 0F 11 11 11 0F 12 11 10 10 0F 10 11 10 0D 10 10 0F 0F 0E 0F 11 0F 0F 10 0F 10 10 11 11 10 0E 0F 11 10 11 11 10 0F 11 0F 0F 10 10 11 10 0F 0E 10 10 11 0F 0F 10 0F 10 0F 0D 11 0E 0F 0F 0F 10 0F 10 0F 0E 10 10 10 0F 0F 0E 11 0F 0F 0F 0F 0F 0F 0F 0F 10 0E 10 0F 0F 10 10 0F 0F 10 0F 11 11 0E 0F 10 0F 10 10 0F 10 0F 10 0F 11 0E 10 0F 10 10 0F 0F 0F 10 0F 0F 0F 0F 0F 0F 0F 0F 0F 0F 0F 0F 0F 
10 10 10 10 10 10 10 10 10 10 10 12 10 11 12 10 10 10 10 0F 0F 10 0F 11 10 10 0F 0F 11 10 10 11 10 10 10 0F 0F 0F 11 10 10 0F 11 11 12 10 11 0F 0F 10 11 12 11 11 11 10 11 11 11 10 11 12 11 10 11 11 0F 12 10 10 0F 0E 0E 0F 13 0F 0F 10 11 10 10 11 10 0F 11 11 10 11 11 10 11 11 10 11 12 10 10 11 10 12 0E 11 10 10 10 12 10 10 11 11 12 11 11 12 11 11 0F 0F 10 10 0F 11 11 11 0F 10 0F 10 11 11 10 10 12 11 11 0F 10 12 11 10 10 11 11 12 10 11 10 11 0F 11 11 0F 10 10 11 10 10 0E 0F 11 10 11 11 0F 11 11 0F 0F 10 11 11 0F 11 10 11 10 12 10 10 0F 0E 0F 11 11 0F 10 10 0F 0F 10 11 0F 11 11 11 0F 12 11 10 10 0F 10 11 10 0D 10 10 0F 0F 0E 0F 11 0F 0F 10 0F 10 10 11 11 10 0E 0F 11 10 11 11 10 0F 11 0F 0F 10 10 11 10 0F 0E 10 10 11 0F 0F 10 0F 10 0F 0D 11 0E 0F 0F 0F 10 0F 10 0F 0E 10 10 10 0F 0F 0E 11 0F 0F 0F 0F 0F 0F 0F 0F 10 0E 10 0F 0F 10 10 0F 0F 10 0F 11 11 0E 0F 10 0F 10 10 0F 10 0F 10 0F 11 0E 10 0F 10 10 0F 0F 0F 10 0F 0F 0F 0F 0F 0F 0F 0F 0F 0F 0F 0F 0F 
10 10 10 10 10 10 10 10 10 10 10 12 10 11 12 10 10 10 10 0F 0F 10 0F 11 10 10 0F 0F 11 10 10 11 10 10 10 0F 0F 0F 11 10 10 0F 11 11 12 10 11 0F 0F 10 11 12 11 11 11 10 11 11 11 10 11 12 11 10 11 11 0F 12 10 10 0F 0E 0E 0F 13 0F 0F 10 11 10 10 11 10 0F 11 11 10 11 11 10 11 11 10 11 12 10 10 11 10 12 0E 11 10 10 10 12 10 10 11 11 12 11 11 12 11 11 0F 0F 10 10 0F 11 11 11 0F 10 0F 10 11 11 10 10 12 11 11 0F 10 12 11 10 10 11 11 12 10 11 10 11 0F 11 11 0F 10 10 11 10 10 0E 0F 11 10 11 11 0F 11 11 0F 0F 10 11 11 0F 11 10 11 10 12 10 10 0F 0E 0F 11 11 0F 10 10 0F 0F 10 11 0F 11 11 11 0F 12 11 10 10 0F 10 11 10 0D 10 10 0F 0F 0E 0F 11 0F 0F 10 0F 10 10 11 11 10 0E 0F 11 10 11 11 10 0F 11 0F 0F 10 10 11 10 0F 0E 10 10 11 0F 0F 10 0F 10 0F 0D 11 0E 0F 0F 0F 10 0F 10 0F 0E 10 10 10 0F 0F 0E 11 0F 0F 0F 0F 0F 0F 0F 0F 10 0E 10 0F 0F 10 10 0F 0F 10 0F 11 11 0E 0F 10 0F 10 10 0F 10 0F 10 0F 11 0E 10 0F 10 10 0F 0F 0F 10 0F 0F 0F 0F 0F 0F 0F 0F 0F 0F 0F 0F 0F 
10 10 10 10 10 10 10 10 10 10 10 12 10 11 12 10 10 10 10 0F 0F 10 0F 11 10 10 0F 0F 11 10 10 11 10 10 10 0F 0F 0F 11 10 10 0F 11 11 12 10 11 0F 0F 10 11 12 11 11 11 10 11 11 11 10 11 12 11 10 11 11 0F 12 10 10 0F 0E 0E 0F 13 0F 0F 10 11 10 10 11 10 0F 11 11 10 11 11 10 11 11 10 11 12 10 10 11 10 12 0E 11 10 10 10 12 10 10 11 11 12 11 11 12 11 11 0F 0F 10 10 0F 11 11 11 0F 10 0F 10 11 11 10 10 12 11 11 0F 10 12 11 10 10 11 11 12 10 11 10 11 0F 11 11 0F 10 10 11 10 10 0E 0F 11 10 11 11 0F 11 11 0F 0F 10 11 11 0F 11 10 11 10 12 10 10 0F 0E 0F 11 11 0F 10 10 0F 0F 10 11 0F 11 11 11 0F 12 11 10 10 0F 10 11 10 0D 10 10 0F 0F 0E 0F 11 0F 0F 10 0F 10 10 11 11 10 0E 0F 11 10 11 11 10 0F 11 0F 0F 10 10 11 10 0F 0E 10 10 11 0F 0F 10 0F 10 0F 0D 11 0E 0F 0F 0F 10 0F 10 0F 0E 10 10 10 0F 0F 0E 11 0F 0F 0F 0F 0F 0F 0F 0F 10 0E 10 0F 0F 10 10 0F 0F 10 0F 11 11 0E 0F 10 0F 10 10 0F 10 0F 10 0F 11 0E 10 0F 10 10 0F 0F 0F 10 0F 0F 0F 0F 0F 0F 0F 0F 0F 0F 0F 0F 0F 
10 10 10 10 10 10 10 10 10 10 10 12 10 11 12 10 10 10 10 0F 0F 10 0F 11 10 10 0F 0F 11 10 10 11 10 10 10 0F 0F 0F 11 10 10 0F 11 11 12 10 11 0F 0F 10 11 12 11 11 11 10 11 11 11 10 11 12 11 10 11 11 0F 12 10 10 0F 0E 0E 0F 13 0F 0F 10 11 10 10 11 10 0F 11 11 10 11 11 10 11 11 10 11 12 10 10 11 10 12 0E 11 10 10 10 12 10 10 11 11 12 11 11 12 11 11 0F 0F 10 10 0F 11 11 11 0F 10 0F 10 11 11 10 10 12 11 11 0F 10 12 11 10 10 11 11 12 10 11 10 11 0F 11 11 0F 10 10 11 10 10 0E 0F 11 10 11 11 0F 11 11 0F 0F 10 11 11 0F 11 10 11 10 12 10 10 0F 0E 0F 11 11 0F 10 10 0F 0F 10 11 0F 11 11 11 0F 12 11 10 10 0F 10 11 10 0D 10 10 0F 0F 0E 0F 11 0F 0F 10 0F 10 10 11 11 10 0E 0F 11 10 11 11 10 0F 11 0F 0F 10 10 11 10 0F 0E 10 10 11 0F 0F 10 0F 10 0F 0D 11 0E 0F 0F 0F 10 0F 10 0F 0E 10 10 10 0F 0F 0E 11 0F 0F 0F 0F 0F 0F 0F 0F 10 0E 10 0F 0F 10 10 0F 0F 10 0F 11 11 0E 0F 10 0F 10 10 0F 10 0F 10 0F 11 0E 10 0F 10 10 0F 0F 0F 10 0F 0F 0F 0F 0F 0F 0F 0F 0F 0F 0F 0F 0F 
10 10 10 10 10 10 10 10 10 10 10 12 10 11 12 10 10 10 10 0F 0F 10 0F 11 10 10 0F 0F 11 10 10 11 10 10 10 0F 0F 0F 11 10 10 0F 11 11 12 10 11 0F 0F 10 11 12 11 11 11 10 11 11 11 10 11 12 11 10 11 11 0F 12 10 10 0F 0E 0E 0F 13 0F 0F 10 11 10 10 11 10 0F 11 11 10 11 11 10 11 11 10 11 12 10 10 11 10 12 0E 11 10 10 10 12 10 10 11 11 12 11 11 12 11 11 0F 0F 10 10 0F 11 11 11 0F 10 0F 10 11 11 10 10 12 11 11 0F 10 12 11 10 10 11 11 12 10 11 10 11 0F 11 11 0F 10 10 11 10 10 0E 0F 11 10 11 11 0F 11 11 0F 0F 10 11 11 0F 11 10 11 10 12 10 10 0F 0E 0F 11 11 0F 10 10 0F 0F 10 11 0F 11 11 11 0F 12 11 10 10 0F 10 11 10 0D 10 10 0F 0F 0E 0F 11 0F 0F 10 0F 10 10 11 11 10 0E 0F 11 10 11 11 10 0F 11 0F 0F 10 10 11 10 0F 0E 10 10 11 0F 0F 10 0F 10 0F 0D 11 0E 0F 0F 0F 10 0F 10 0F 0E 10 10 10 0F 0F 0E 11 0F 0F 0F 0F 0F 0F 0F 0F 10 0E 10 0F 0F 10 10 0F 0F 10 0F 11 11 0E 0F 10 0F 10 10 0F 10 0F 10 0F 11 0E 10 0F 10 10 0F 0F 0F 10 0F 0F 0F 0F 0F 0F 0F 0F 0F 0F 0F 0F 0F 
10 10 10 10 10 10 10 10 10 10 10 12 10 11 12 10 10 10 10 0F 0F 10 0F 11 10 10 0F 0F 11 10 10 11 10 10 10 0F 0F 0F 11 10 10 0F 11 11 12 10 11 0F 0F 10 11 12 11 11 11 10 11 11 11 10 11 12 11 10 11 11 0F 12 10 10 0F 0E 0E 0F 13 0F 0F 10 11 10 10 11 10 0F 11 11 10 11 11 10 11 11 10 11 12 10 10 11 10 12 0E 11 10 10 10 12 10 10 11 11 12 11 11 12 11 11 0F 0F 10 10 0F 11 11 11 0F 10 0F 10 11 11 10 10 12 11 11 0F 10 12 11 10 10 11 11 12 10 11 10 11 0F 11 11 0F 10 10 11 10 10 0E 0F 11 10 11 11 0F 11 11 0F 0F 10 11 11 0F 11 10 11 10 12 10 10 0F 0E 0F 11 11 0F 10 10 0F 0F 10 11 0F 11 11 11 0F 12 11 10 10 0F 10 11 10 0D 10 10 0F 0F 0E 0F 11 0F 0F 10 0F 10 10 11 11 10 0E 0F 11 10 11 11 10 0F 11 0F 0F 10 10 11 10 0F 0E 10 10 11 0F 0F 10 0F 10 0F 0D 11 0E 0F 0F 0F 10 0F 10 0F 0E 10 10 10 0F 0F 0E 11 0F 0F 0F 0F 0F 0F 0F 0F 10 0E 10 0F 0F 10 10 0F 0F 10 0F 11 11 0E 0F 10 0F 10 10 0F 10 0F 10 0F 11 0E 10 0F 10 10 0F 0F 0F 10 0F 0F 0F 0F 0F 0F 0F 0F 0F 0F 0F 0F 0F 
10 10 10 10 10 10 10 10 10 10 10 12 10 11 12 10 10 10 10 0F 0F 10 0F 11 10 10 0F 0F 11 10 10 11 10 10 10 0F 0F 0F 11 10 10 0F 11 11 12 10 11 0F 0F 10 11 12 11 11 11 10 11 11 11 10 11 12 11 10 11 11 0F 12 10 10 0F 0E 0E 0F 13 0F 0F 10 11 10 10 11 10 0F 11 11 10 11 11 10 11 11 10 11 12 10 10 11 10 12 0E 11 10 10 10 12 10 10 11 11 12 11 11 12 11 11 0F 0F 10 10 0F 11 11 11 0F 10 0F 10 11 11 10 10 12 11 11 0F 10 12 11 10 10 11 11 12 10 11 10 11 0F 11 11 0F 10 10 11 10 10 0E 0F 11 10 11 11 0F 11 11 0F 0F 10 11 11 0F 11 10 11 10 12 10 10 0F 0E 0F 11 11 0F 10 10 0F 0F 10 11 0F 11 11 11 0F 12 11 10 10 0F 10 11 10 0D 10 10 0F 0F 0E 0F 11 0F 0F 10 0F 10 10 11 11 10 0E 0F 11 10 11 11 10 0F 11 0F 0F 10 10 11 10 0F 0E 10 10 11 0F 0F 10 0F 10 0F 0D 11 0E 0F 0F 0F 10 0F 10 0F 0E 10 10 10 0F 0F 0E 11 0F 0F 0F 0F 0F 0F 0F 0F 10 0E 10 0F 0F 10 10 0F 0F 10 0F 11 11 0E 0F 10 0F 10 10 0F 10 0F 10 0F 11 0E 10 0F 10 10 0F 0F 0F 10 0F 0F 0F 0F 0F 0F 0F 0F 0F 0F 0F 0F 0F 
10 10 10 10 10 10 10 10 10 10 10 12 10 11 12 10 10 10 10 0F 0F 10 0F 11 10 10 0F 0F 11 10 10 11 10 10 10 0F 0F 0F 11 10 10 0F 11 11 12 10 11 0F 0F 10 11 12 11 11 11 10 11 11 11 10 11 12 11 10 11 11 0F 12 10 10 0F 0E 0E 0F 13 0F 0F 10 11 10 10 11 10 0F 11 11 10 11 11 10 11 11 10 11 12 10 10 11 10 12 0E 11 10 10 10 12 10 10 11 11 12 11 11 12 11 11 0F 0F 10 10 0F 11 11 11 0F 10 0F 10 11 11 10 10 12 11 11 0F 10 12 11 10 10 11 11 12 10 11 10 11 0F 11 11 0F 10 10 11 10 10 0E 0F 11 10 11 11 0F 11 11 0F 0F 10 11 11 0F 11 10 11 10 12 10 10 0F 0E 0F 11 11 0F 10 10 0F 0F 10 11 0F 11 11 11 0F 12 11 10 10 0F 10 11 10 0D 10 10 0F 0F 0E 0F 11 0F 0F 10 0F 10 10 11 11 10 0E 0F 11 10 11 11 10 0F 11 0F 0F 10 10 11 10 0F 0E 10 10 11 0F 0F 10 0F 10 0F 0D 11 0E 0F 0F 0F 10 0F 10 0F 0E 10 10 10 0F 0F 0E 11 0F 0F 0F 0F 0F 0F 0F 0F 10 0E 10 0F 0F 10 10 0F 0F 10 0F 11 11 0E 0F 10 0F 10 10 0F 10 0F 10 0F 11 0E 10 0F 10 10 0F 0F 0F 10 0F 0F 0F 0F 0F 0F 0F 0F 0F 0F 0F 0F 0F 
10 10 10 10 10 10 10 10 10 10 10 12 10 11 12 10 10 10 10 0F 0F 10 0F 11 10 10 0F 0F 11 10 10 11 10 10 10 0F 0F 0F 11 10 10 0F 11 11 12 10 11 0F 0F 10 11 12 11 11 11 10 11 11 11 10 11 12 11 10 11 11 0F 12 10 10 0F 0E 0E 0F 13 0F 0F 10 11 10 10 11 10 0F 11 11 10 11 11 10 11 11 10 11 12 10 10 11 10 12 0E 11 10 10 10 12 10 10 11 11 12 11 11 12 11 11 0F 0F 10 10 0F 11 11 11 0F 10 0F 10 11 11 10 10 12 11 11 0F 10 12 11 10 10 11 11 12 10 11 10 11 0F 11 11 0F 10 10 11 10 10 0E 0F 11 10 11 11 0F 11 11 0F 0F 10 11 11 0F 11 10 11 10 12 10 10 0F 0E 0F 11 11 0F 10 10 0F 0F 10 11 0F 11 11 11 0F 12 11 10 10 0F 10 11 10 0D 10 10 0F 0F 0E 0F 11 0F 0F 10 0F 10 10 11 11 10 0E 0F 11 10 11 11 10 0F 11 0F 0F 10 10 11 10 0F 0E 10 10 11 0F 0F 10 0F 10 0F 0D 11 0E 0F 0F 0F 10 0F 10 0F 0E 10 10 10 0F 0F 0E 11 0F 0F 0F 0F 0F 0F 0F 0F 10 0E 10 0F 0F 10 10 0F 0F 10 0F 11 11 0E 0F 10 0F 10 10 0F 10 0F 10 0F 11 0E 10 0F 10 10 0F 0F 0F 10 0F 0F 0F 0F 0F 0F 0F 0F 0F 0F 0F 0F 0F 
10 10 10 10 10 10 10 10 10 10 10 12 10 11 12 10 10 10 10 0F 0F 10 0F 11 10 10 0F 0F 11 10 10 11 10 10 10 0F 0F 0F 11 10 10 0F 11 11 12 10 11 0F 0F 10 11 12 11 11 11 10 11 11 11 10 11 12 11 10 11 11 0F 12 10 10 0F 0E 0E 0F 13 0F 0F 10 11 10 10 11 10 0F 11 11 10 11 11 10 11 11 10 11 12 10 10 11 10 12 0E 11 10 10 10 12 10 10 11 11 12 11 11 12 11 11 0F 0F 10 10 0F 11 11 11 0F 10 0F 10 11 11 10 10 12 11 11 0F 10 12 11 10 10 11 11 12 10 11 10 11 0F 11 11 0F 10 10 11 10 10 0E 0F 11 10 11 11 0F 11 11 0F 0F 10 11 11 0F 11 10 11 10 12 10 10 0F 0E 0F 11 11 0F 10 10 0F 0F 10 11 0F 11 11 11 0F 12 11 10 10 0F 10 11 10 0D 10 10 0F 0F 0E 0F 11 0F 0F 10 0F 10 10 11 11 10 0E 0F 11 10 11 11 10 0F 11 0F 0F 10 10 11 10 0F 0E 10 10 11 0F 0F 10 0F 10 0F 0D 11 0E 0F 0F 0F 10 0F 10 0F 0E 10 10 10 0F 0F 0E 11 0F 0F 0F 0F 0F 0F 0F 0F 10 0E 10 0F 0F 10 10 0F 0F 10 0F 11 11 0E 0F 10 0F 10 10 0F 10 0F 10 0F 11 0E 10 0F 10 10 0F 0F 0F 10 0F 0F 0F 0F 0F 0F 0F 0F 0F 0F 0F 0F 0F 
10 10 10 10 10 10 10 10 10 10 10 10 12 0F 10 10 12 10 11 12 10 11 12 10 12 0F 11 11 12 11 0F 11 0F 12 11 11 11 11 0F 10 10 0F 0F 0F 11 10 12 12 10 11 10 10 11 11 12 11 12 13 11 11 11 0F 11 11 11 0F 10 0E 11 11 10 10 10 10 0F 10 11 10 11 11 0F 12 11 11 0F 12 10 10 11 10 10 10 10 13 11 12 10 10 11 0E 10 10 11 10 10 10 0F 11 10 11 10 12 10 13 11 0F 11 11 10 11 0F 10 0F 0E 12 11 11 13 10 10 12 11 10 11 11 10 10 11 11 11 10 12 11 10 10 10 11 0F 10 11 11 12 13 13 11 10 10 11 10 10 10 11 10 11 11 10 0F 11 11 0F 12 10 13 10 11 0F 0F 0F 11 10 10 11 12 10 12 10 12 10 0F 0F 10 11 10 10 10 12 11 10 10 11 11 11 10 12 10 11 10 10 11 10 10 11 10 10 0F 0F 10 0F 10 0F 12 10 11 10 11 0F 0F 10 10 10 11 0F 11 10 12 0F 10 10 0E 11 0F 0F 0E 0F 0F 10 10 10 10 10 0F 10 10 0F 10 11 10 10 0F 0F 0E 10 0F 0F 0F 0E 10 10 10 0F 0F 0D 11 10 0F 10 0F 11 0F 10 10 0F 0F 0F 0F 10 0F 0F 0F 0F 10 10 0E 10 0F 0F 10 10 11 10 0E 0F 10 10 11 11 0E 12 0F 10 10 10 10 10 10 10 10 10 10 10 
10 10 10 10 10 10 10 10 10 10 10 0F 12 0F 0F 10 12 11 10 11 11 11 12 11 12 0F 11 11 11 10 0F 11 0F 12 10 11 11 12 0F 0F 10 0F 10 0F 11 10 11 12 10 11 10 11 10 11 11 11 11 12 11 12 11 10 11 12 10 0F 10 0E 11 0F 10 0F 10 11 0E 11 10 0F 11 10 0F 12 11 0F 0F 12 10 10 10 10 10 10 0F 13 11 11 11 10 10 10 10 10 11 10 11 11 10 11 0F 10 10 11 10 11 11 10 11 11 11 11 0F 11 0F 0F 12 10 11 11 0F 10 11 11 0F 10 11 10 10 10 10 10 10 12 10 11 0F 10 10 0F 11 11 11 13 13 13 11 11 10 0F 11 10 10 11 0F 10 11 10 10 11 10 0F 12 10 11 10 10 0F 10 10 10 0F 10 12 12 0F 12 10 12 10 0F 0F 10 11 11 11 0F 10 0F 10 10 11 11 11 10 12 10 11 10 0E 11 11 10 11 10 0F 0F 0F 10 10 10 0F 12 0F 11 0F 10 0F 0F 10 10 10 11 10 10 10 11 0F 10 0F 0F 11 0F 0E 0F 0F 0F 10 0F 10 10 0F 0E 0F 10 0F 11 10 10 10 0F 0F 0E 0F 0F 10 0F 0E 10 10 11 0F 0E 0D 11 10 0F 10 0F 11 0F 10 10 0F 0F 0F 0E 10 0F 10 0F 0F 10 10 0E 10 0F 10 10 10 10 10 0F 10 10 10 10 10 0F 10 0E 10 10 10 10 10 10 10 10 10 10 10 
0F 0F 0F 0F 0F 0F 0F 0F 0F 0F 0F 12 0F 11 11 10 10 10 10 0F 0F 10 0F 11 10 11 10 10 11 10 11 11 12 10 11 0F 0E 0F 11 10 11 10 10 11 12 10 11 0F 0F 11 11 12 11 10 11 10 11 10 11 10 11 11 11 10 11 11 0F 12 10 10 0F 0E 0F 0F 12 10 0F 11 10 11 10 10 10 10 11 11 10 11 10 10 11 10 11 10 11 10 10 12 10 11 0E 10 11 10 10 12 10 10 11 12 11 10 11 11 11 11 0F 0F 0F 10 0F 12 10 11 10 10 0F 11 11 10 11 10 12 10 11 10 10 11 10 0F 11 11 0F 12 11 12 10 12 10 10 10 0F 10 11 11 11 10 0F 0F 12 11 11 12 0F 11 11 10 0E 11 12 10 0F 11 11 11 0F 12 10 10 0F 0E 0F 11 12 0F 11 10 0F 10 0F 11 10 11 11 10 0F 11 10 10 10 0F 0F 10 10 0D 11 10 10 0E 0F 0F 10 10 0E 11 0F 0F 11 10 11 11 0D 0F 10 10 11 11 0F 10 10 0F 10 10 10 12 10 0E 0E 10 11 10 0F 10 11 10 10 0F 0D 11 0F 10 10 0F 0F 0F 0F 0F 0E 10 0F 11 0D 0F 0E 11 0F 11 0F 0F 10 10 0F 0F 10 0E 10 0F 0F 10 11 10 11 10 0F 10 11 0F 0F 10 0F 10 0F 0F 10 10 10 0E 10 0F 0F 10 0F 0F 0F 0F 10 0F 0F 0E 0E 0E 0E 0E 0E 0E 0E 0E 0E 0E 0E 
10 10 10 10 10 10 10 10 10 10 10 11 11 11 11 10 0F 11 10 10 0F 10 0F 11 10 12 10 0F 10 0F 10 10 11 10 11 0F 0F 0F 11 0F 10 10 11 11 12 10 11 0F 0F 0F 11 12 11 11 11 11 10 10 11 10 11 11 11 10 11 10 10 11 10 0F 0F 0E 0E 0F 12 0F 10 10 11 10 10 10 0F 0F 11 12 10 12 11 0F 10 11 10 10 11 10 10 11 10 12 0D 10 11 10 11 12 10 10 10 11 11 10 11 11 11 11 0F 0E 0F 11 0E 12 10 11 0F 10 10 11 11 11 10 10 12 10 12 10 10 11 10 11 10 11 10 12 10 10 10 12 0E 10 10 0F 10 11 10 10 0F 0F 0F 11 11 11 11 0F 11 11 0F 0E 10 12 10 10 10 11 11 10 10 11 0F 0E 0E 0F 10 13 0F 10 10 0F 0F 10 11 10 11 10 10 0F 11 11 10 10 0F 11 10 11 0E 10 10 0F 0E 0F 0F 11 0F 0F 10 0F 0F 10 10 11 10 0E 0F 10 10 11 11 11 0F 11 10 10 0F 10 11 0F 0E 0E 10 11 10 0F 0F 10 0F 10 0F 0D 11 0E 0F 10 0F 0F 10 10 10 0E 10 0F 0F 0E 0F 0E 10 0F 10 10 0F 0F 0F 0F 0F 10 0F 10 10 0F 10 10 0F 0F 10 0F 10 11 0E 0F 11 0F 10 10 0F 10 0F 0F 0E 10 0F 0E 10 10 0E 0F 0F 0F 10 0F 0E 0E 0E 0E 0E 0E 0E 0E 0E 0E 0E 0E 
10 10 10 10 10 10 10 10 10 10 10 10 12 11 0F 10 11 10 10 12 10 10 12 11 12 0F 11 11 12 11 0F 12 0F 12 10 10 12 11 0F 10 11 0F 0F 0F 11 11 12 12 10 10 0F 12 11 11 11 11 10 12 11 12 11 10 11 11 11 11 10 0E 12 0F 10 0E 11 12 0F 10 11 0F 10 10 0F 11 10 10 10 12 10 10 10 10 11 10 0F 12 11 11 11 10 10 0F 0F 0F 11 10 10 10 10 11 0F 10 11 12 10 11 11 10 12 11 11 11 10 10 0F 0F 11 11 12 12 10 0F 12 11 0F 12 11 10 11 11 12 10 10 12 11 11 0F 10 11 0F 10 10 11 12 12 13 11 10 10 10 10 11 10 10 10 0F 12 10 11 11 10 10 12 11 11 10 10 0F 10 0F 10 0F 11 12 12 0F 12 11 12 11 0F 0F 10 12 10 11 10 10 11 10 10 11 10 10 10 11 11 11 10 0E 12 11 10 10 10 10 10 10 10 10 11 0F 11 10 11 0F 11 0F 0F 11 10 10 11 0F 10 0F 10 0F 11 0F 10 11 0F 0E 0F 0F 10 10 0F 10 10 10 0F 0F 0F 0D 11 10 0F 10 10 0F 0E 10 10 0F 0F 0E 10 11 10 0F 0E 0E 11 0F 10 10 0F 11 0E 0F 10 10 0F 0F 0F 10 10 0F 0F 0E 10 10 0F 10 0F 10 10 10 11 11 0F 0F 0F 10 10 10 0F 10 0E 10 10 10 10 10 10 10 10 10 10 10 
0F 0F 0F 0F 0F 0F 0F 0F 0F 0F 0F 0F 13 10 10 10 11 12 0F 12 11 11 12 11 12 0F 12 11 12 10 10 11 10 11 10 10 11 11 0F 0F 11 10 0F 0F 10 11 11 13 10 11 10 10 11 10 11 12 10 12 12 12 10 0F 11 11 11 0F 10 0F 11 10 10 10 11 10 0F 10 10 0F 11 11 0F 12 10 10 10 12 10 10 10 11 0F 10 0F 13 12 12 11 10 10 0F 0F 0F 11 10 12 11 11 10 0F 10 10 11 10 11 11 10 11 10 10 11 0F 11 0F 10 11 10 12 11 10 0F 10 10 0F 11 11 10 10 11 10 10 10 11 10 12 10 10 11 0F 11 11 12 12 12 12 11 10 10 10 10 10 10 11 0F 11 11 10 10 10 10 10 12 11 11 10 0F 0F 10 10 10 10 11 11 12 10 12 11 10 0F 0F 10 10 11 10 10 0F 10 10 10 10 11 11 11 10 11 11 10 10 0F 13 10 0F 11 10 10 10 0F 0F 10 11 0F 12 10 11 10 11 0F 0F 10 11 10 11 0F 10 10 10 0F 11 0F 0F 10 10 0F 0F 10 10 10 0F 10 10 10 0F 10 0F 0F 10 0F 10 10 0F 0E 0E 10 0F 10 0E 0E 10 10 10 0E 0F 0D 11 0F 0F 10 0E 11 0E 10 10 0F 0E 0F 0F 10 0E 10 0F 0F 10 10 0F 0F 0E 0F 10 10 10 10 0E 0F 10 10 10 10 0F 10 0F 10 10 10 10 10 10 10 10 10 10 10 
10 10 10 10 10 10 10 10 10 10 10 12 10 11 11 10 10 12 11 0F 0E 10 0F 11 10 11 10 0F 10 11 11 10 11 10 10 10 0F 0E 11 10 10 11 12 12 12 11 11 10 0F 10 11 12 12 10 12 13 12 10 11 10 12 13 11 10 11 11 10 11 0F 10 0F 0F 0E 0F 12 0F 10 10 11 10 10 10 10 0F 11 11 10 12 12 11 11 10 10 12 11 10 10 11 10 11 0F 11 10 11 11 13 10 10 12 12 13 11 12 12 11 11 10 0F 0F 10 0E 12 10 11 0F 11 0F 10 11 10 10 11 12 11 11 11 11 12 11 10 11 11 10 13 10 13 0F 11 0F 10 10 10 10 11 12 11 0F 0F 10 12 11 11 12 0E 12 11 0F 0F 10 12 11 10 11 10 11 11 12 10 11 10 0E 0F 10 13 10 11 10 0F 10 10 11 10 10 11 11 0F 11 11 11 10 0F 10 11 10 0E 10 10 0F 0F 0E 0F 10 10 0F 10 0F 0F 10 11 11 10 0E 10 10 10 10 11 10 10 10 0F 10 11 10 11 10 0E 0F 0F 11 10 0F 0F 11 0F 10 0F 0E 10 0F 10 11 0F 10 0F 10 0F 0E 10 0F 10 0E 0F 0E 11 10 11 10 10 0F 0F 0F 0F 11 0E 10 11 0F 10 11 10 10 10 10 10 11 0F 0F 11 0F 10 0F 0E 11 0F 0F 0F 10 0F 0F 10 0F 0F 10 0F 10 10 0F 0E 0E 0E 0E 0E 0E 0E 0E 0E 0E 0E 0E 
10 10 10 10 10 10 10 10 10 10 10 11 10 11 12 10 0F 11 11 10 0F 10 0F 11 10 11 10 10 11 10 11 11 11 10 10 0F 0F 0F 11 10 11 10 11 12 11 11 12 10 10 11 10 12 11 10 11 11 11 10 10 10 11 12 11 10 10 10 10 11 10 10 0F 0F 0F 0F 13 0F 0F 11 10 10 0F 10 11 10 11 12 10 12 11 10 10 10 10 11 11 10 10 11 11 12 0E 11 10 11 11 11 10 10 11 13 11 10 11 12 11 11 10 0F 0F 11 0E 12 11 11 10 10 10 11 10 10 11 10 12 0F 11 10 11 11 11 10 12 11 11 13 10 11 10 12 0F 11 10 0F 0F 12 11 11 10 0F 11 12 10 11 12 10 11 12 10 0E 10 12 11 10 10 11 11 11 11 11 10 0F 0E 0F 11 11 10 11 11 10 10 10 11 10 11 11 10 0F 11 10 10 10 0E 10 10 11 0D 10 10 10 0F 0E 0F 10 10 0F 10 0F 0F 10 11 11 10 0E 10 10 11 11 11 10 10 12 0F 10 11 10 11 10 0E 0E 10 11 10 10 10 11 0F 10 10 0E 10 0F 10 10 0F 10 10 10 10 0E 10 0E 10 0F 0F 0F 12 0F 10 11 10 0F 10 0E 0F 10 0E 10 10 0F 10 11 10 0F 10 0F 10 11 0F 0F 10 0F 10 10 0F 10 10 0F 0F 11 0F 0F 0F 0F 0F 10 10 10 0F 0F 0F 0E 0E 0E 0E 0E 0E 0E 0E 0E 0E 0E 
11 11 11 11 11 11 11 11 11 11 11 10 12 0F 0F 10 12 10 11 12 11 11 13 11 12 0F 11 12 12 10 10 11 0F 12 11 11 11 11 0F 10 11 0F 10 0F 11 11 11 12 10 11 10 10 10 10 11 11 12 12 11 13 11 10 11 10 11 11 10 0E 11 0F 10 10 11 11 0F 11 11 10 12 11 10 12 11 10 0F 12 10 10 11 11 10 11 0F 13 11 11 10 11 11 10 10 10 11 11 11 11 10 11 10 10 10 12 10 11 11 0F 12 11 10 11 10 11 0F 0F 12 10 11 12 10 0F 11 11 10 11 12 10 11 11 11 10 10 12 11 11 0F 10 11 0F 10 12 11 13 13 13 11 11 10 10 11 11 10 11 10 10 12 11 10 11 11 10 12 10 12 10 10 0F 10 0F 10 0F 10 11 12 10 11 11 11 10 10 0F 11 11 10 11 12 10 11 11 10 12 12 10 10 11 11 11 10 0F 11 10 10 10 10 0F 10 10 10 10 10 0F 12 10 11 10 10 0F 0F 10 10 10 11 0F 10 0F 12 0F 10 10 0F 11 0F 0E 0F 10 0F 0F 10 10 10 0F 0F 10 10 0F 10 10 10 10 0F 0E 0F 0F 10 10 0F 0E 10 11 10 0F 0F 0E 11 10 0F 10 0F 11 0F 0F 10 0F 0F 0F 0F 10 0F 0F 0F 0F 11 10 0F 10 0F 0F 10 10 10 10 0E 0F 10 10 10 10 0F 11 0E 10 10 10 10 10 10 10 10 10 10 10 
11 11 11 11 11 11 11 11 11 11 11 10 12 10 0F 10 12 10 11 11 10 12 13 12 12 10 11 11 12 11 10 12 0F 13 10 11 11 12 10 10 11 10 0F 0F 11 10 12 12 10 10 10 11 11 11 11 11 11 12 11 11 11 10 11 11 11 0F 10 0F 12 10 10 10 11 11 0F 11 11 0F 11 10 10 12 11 10 0F 11 0F 10 10 11 10 10 10 13 11 12 10 10 10 0F 10 0F 11 11 10 11 10 10 0F 11 10 12 10 12 11 0F 11 10 11 10 10 11 10 0F 12 11 11 12 11 0F 12 11 0F 11 11 11 10 11 11 10 0F 12 10 12 10 0F 12 10 11 10 11 12 13 13 11 10 11 10 10 10 11 11 11 10 11 11 10 11 10 10 12 10 12 11 10 0F 10 0F 11 10 11 11 12 10 11 11 11 10 0F 0F 10 12 11 10 10 11 0F 11 10 11 12 11 11 11 11 11 10 0E 11 11 10 10 10 0F 10 10 10 10 10 0F 11 10 11 10 11 0F 0F 10 10 10 11 10 10 10 11 0F 11 10 0F 10 0F 0E 0E 0F 0F 10 10 10 10 10 0E 0F 10 0F 11 10 10 10 0F 10 0E 10 0F 10 10 0F 10 11 10 0F 0E 0E 11 10 0F 11 0F 11 0E 10 10 10 0F 0F 0F 11 0E 10 0F 0F 10 0F 0F 10 0F 10 10 10 10 11 0E 0F 10 10 10 10 0F 11 0F 10 10 10 10 10 10 10 10 10 10 10 
11 11 11 11 11 11 11 11 11 11 11 12 10 12 12 10 0F 11 12 0F 0F 11 0F 11 11 12 10 11 12 11 11 11 12 10 10 0F 0F 0F 11 10 10 11 12 10 12 11 12 10 0F 10 11 12 12 10 12 10 11 11 10 11 12 12 11 10 11 10 10 11 10 0F 0F 0F 0F 0F 12 0F 10 10 10 11 11 10 10 0F 11 12 11 11 12 10 11 11 10 11 11 0F 0F 11 10 12 0F 10 11 10 10 12 10 0F 10 12 11 10 11 12 11 12 0F 0F 10 10 0F 12 11 11 0F 11 10 12 11 10 10 11 12 10 12 0F 11 12 10 11 10 11 11 12 11 12 10 12 0E 10 0F 0F 10 11 12 11 0E 0F 0F 12 11 11 11 10 11 11 10 0F 10 12 11 10 11 11 11 11 11 10 10 0F 0E 0E 10 12 0F 11 10 10 10 10 11 0F 11 11 11 10 12 11 0F 11 0E 11 10 10 0E 10 10 10 0E 0F 0F 10 10 10 11 0F 0F 10 11 11 0F 0E 10 11 10 12 11 10 0F 11 0F 0F 10 10 11 10 0E 0F 10 11 11 0F 0F 10 0F 0F 10 0E 10 0F 10 10 0E 10 0F 10 0F 0F 10 0F 11 0E 0F 0E 10 10 10 10 10 10 0F 0F 10 10 0F 11 10 0F 11 10 10 10 11 0F 10 11 0F 0F 10 0F 10 10 0F 11 10 0F 0F 10 0E 0F 10 10 10 0F 0F 10 10 0F 0E 0E 0E 0E 0E 0E 0E 0E 0E 0E 0E 0E 
11 11 11 11 11 11 11 11 11 11 11 12 11 11 12 11 10 11 11 0F 0F 10 0F 12 10 11 10 10 11 11 10 11 11 10 10 10 0F 0F 11 0F 11 10 11 11 12 11 12 0F 0F 11 11 12 12 10 11 11 11 10 11 10 12 12 10 10 10 11 10 12 10 0F 0F 0F 0F 10 12 0E 0F 11 10 11 0F 10 11 0F 11 12 0F 11 11 10 11 10 10 10 11 10 11 11 11 11 0E 0F 11 11 11 12 10 10 12 12 11 10 11 11 10 11 0F 0E 0F 10 0F 13 11 11 10 10 0F 11 11 10 11 11 13 10 11 10 11 11 10 10 10 11 10 13 10 12 10 12 0F 11 10 0F 11 11 12 11 0F 0F 10 11 10 10 12 0F 11 11 10 0F 10 12 10 10 11 11 11 11 11 11 10 0F 0E 0F 12 12 0F 11 11 10 0F 11 11 10 12 11 10 0F 12 10 10 11 0E 10 10 10 0E 10 10 10 0F 0F 0F 10 10 0F 0F 0F 0F 11 10 11 10 0E 10 11 10 11 11 10 10 10 0F 10 10 10 11 10 0E 0E 10 10 11 0F 0E 11 0F 0F 0F 0E 10 0E 0F 10 0F 0F 0F 10 0F 0E 10 0F 10 0D 0F 0E 11 0F 10 10 0F 0F 0F 0F 10 10 0E 10 10 0F 11 11 0F 0F 10 0F 10 11 0F 0F 11 0F 10 10 0F 11 0F 10 0F 11 0F 0F 0F 10 0F 0F 10 10 10 0F 0F 0F 0F 0F 0F 0F 0F 0F 0F 0F 0F 0F 
10 10 10 10 10 10 10 10 10 10 10 10 13 10 10 10 12 11 10 11 11 11 12 11 12 10 12 11 14 11 10 12 0F 12 11 10 10 11 0F 10 11 10 0F 10 12 10 12 13 10 11 10 11 11 11 11 12 11 13 11 12 11 0F 12 12 11 11 10 0F 12 0F 10 0F 10 10 10 10 11 0F 12 11 0F 11 10 0F 0F 12 10 10 11 11 10 11 0F 12 11 12 10 10 11 10 10 0F 11 10 10 12 11 11 0F 11 10 12 10 12 11 10 11 11 10 11 10 10 0F 0F 11 10 11 11 11 10 11 11 10 11 12 10 11 11 11 10 10 11 10 12 0F 10 11 0F 11 10 11 13 13 13 10 11 11 10 10 10 10 11 11 11 11 11 11 10 10 10 12 10 11 0F 10 10 10 10 11 0F 11 11 12 10 11 11 12 11 10 10 10 11 10 11 11 11 10 11 10 11 10 11 10 11 11 11 10 0F 12 11 10 11 10 10 10 10 10 10 0F 0F 12 10 10 0F 10 10 0F 10 10 0F 11 10 10 0F 11 10 10 10 0F 10 10 0E 0E 10 0F 10 0F 10 10 0F 0F 10 0F 0F 11 0F 10 10 10 0F 0F 10 10 10 0F 0E 11 11 0F 0F 0F 0E 11 10 0F 10 0F 11 0E 0F 10 10 0E 10 0F 10 0F 0F 0F 0F 10 10 0F 10 0F 10 11 10 10 10 0F 0F 10 11 10 10 0F 11 0E 10 10 10 10 10 10 10 10 10 10 10 
11 11 11 11 11 11 11 11 11 11 11 11 12 0F 0F 10 13 11 11 12 11 11 12 12 13 10 12 11 11 11 10 11 10 13 10 11 10 11 11 10 11 0F 10 0F 11 10 12 12 10 11 10 10 11 11 11 12 11 12 10 12 10 10 11 12 11 10 11 0E 11 11 10 0F 12 11 0F 11 11 0F 11 11 10 12 11 11 0F 12 11 10 11 11 11 11 10 12 12 11 10 10 10 0F 10 10 11 10 11 12 11 11 10 11 10 11 10 12 11 10 12 10 11 10 0F 10 11 0F 11 10 12 12 10 10 11 12 0F 11 12 11 10 12 11 10 0F 13 11 11 10 10 12 0F 11 10 11 13 13 13 10 10 10 10 11 11 10 10 11 11 11 10 11 10 11 10 13 11 12 10 10 10 10 0F 11 10 11 11 13 10 12 11 11 11 0F 10 10 12 11 10 0F 10 10 10 10 11 11 11 10 11 11 11 10 0F 12 10 10 11 10 10 10 0F 11 10 11 0F 12 11 10 11 10 0F 0F 11 10 0F 10 10 10 0F 12 0F 12 10 0F 10 0F 0E 10 0F 10 10 10 10 11 10 0E 10 0F 0F 11 10 10 11 10 0F 0E 10 0F 0F 0F 0F 10 11 10 0F 0F 0D 11 10 0E 11 0F 11 0F 10 10 0F 0F 0F 0F 11 0F 0F 0F 0F 11 10 0F 10 0F 10 10 10 11 11 0E 0F 0F 10 11 10 10 11 0F 10 10 10 10 10 10 10 10 10 10 10 
11 11 11 11 11 11 11 11 11 11 11 12 12 11 12 10 10 11 11 0F 0F 11 10 11 11 12 10 10 12 11 11 11 11 10 10 0F 0F 0F 11 10 11 10 11 12 12 11 10 10 0F 11 13 12 11 10 12 11 11 10 11 10 11 12 11 10 11 10 10 12 10 10 0E 0F 0F 0F 13 0E 0F 12 11 11 10 10 11 10 11 12 0F 11 11 10 11 10 11 11 11 10 10 12 0F 11 0E 11 11 10 10 13 10 0F 10 12 11 11 12 12 12 12 0F 0F 10 10 0F 11 11 11 10 11 10 12 11 10 11 10 13 0F 12 10 11 12 10 11 11 10 11 12 11 11 10 11 0F 10 10 0F 10 11 11 10 10 0F 10 13 11 12 11 10 12 12 11 0F 10 13 10 10 11 10 12 11 11 11 10 0F 0F 0F 11 12 0F 10 10 10 0F 11 12 10 12 11 11 0E 12 10 10 10 0F 10 12 10 0E 10 10 10 0F 0E 10 10 10 0F 10 0F 0E 11 11 12 10 0E 10 10 10 11 12 10 10 11 10 0F 10 10 12 10 0E 0F 10 11 10 0F 0F 10 0F 0F 10 0D 10 0F 0F 0F 0F 0F 0F 11 0F 0F 10 0E 10 0E 0F 0E 10 0F 11 0F 11 0F 10 0F 0F 10 0E 10 10 0F 11 10 0F 0F 11 0F 10 12 0F 0F 11 0F 12 0F 10 11 10 0F 0F 11 10 10 10 10 0F 0F 10 10 0F 0F 0D 0F 0F 0F 0F 0F 0F 0F 0F 0F 0F 0F 
11 11 11 11 11 11 11 11 11 11 11 12 12 11 12 10 10 12 12 10 0F 10 0F 12 11 12 0F 10 11 11 11 11 11 10 10 10 0F 0F 11 10 10 10 11 11 12 11 12 10 10 10 11 12 12 10 12 11 10 11 11 11 12 12 11 10 10 11 0F 11 10 0F 0F 0F 0F 0F 12 0F 10 11 11 11 0F 11 10 10 10 11 10 12 11 10 11 10 11 12 11 10 10 10 10 11 0E 11 10 11 11 12 11 10 10 12 11 11 11 12 11 11 10 10 0F 12 0E 12 10 11 10 11 0F 12 10 10 11 11 12 10 12 10 11 11 10 10 11 11 10 13 11 11 10 11 0F 11 10 0F 10 12 12 10 10 0F 10 12 10 11 12 0F 11 11 10 0E 10 11 10 10 11 11 11 10 11 10 10 10 0E 0F 11 13 0F 11 10 10 10 10 11 10 11 11 12 0F 12 10 10 10 0F 10 11 10 0E 11 11 0F 0E 0F 0F 11 10 0F 10 0F 10 10 11 12 10 0F 10 11 10 11 11 10 10 12 0F 10 10 10 11 10 0E 0E 10 11 11 10 0F 11 0F 10 0F 0E 11 0F 10 10 0F 10 0F 10 0F 0E 11 0F 0F 0F 0F 0E 11 0F 10 10 10 10 0F 0F 10 10 0E 0F 10 0F 10 11 0F 0F 10 0F 10 11 0E 0F 10 10 10 10 0F 10 10 0F 0F 11 0E 10 11 0F 0F 10 0F 10 10 0F 0D 0F 0F 0F 0F 0F 0F 0F 0F 0F 0F 0F 
11 11 11 11 11 11 11 11 11 11 11 12 14 10 10 10 12 11 11 12 11 11 12 13 12 0F 11 12 11 11 11 12 10 11 11 11 11 12 10 0F 11 10 0F 0F 11 11 12 12 11 11 11 11 11 11 12 12 12 12 11 12 11 0F 12 11 11 0F 11 0F 12 10 11 10 12 11 0F 11 10 10 11 11 0F 12 11 10 0F 12 11 10 11 10 10 10 10 13 11 12 11 10 11 10 10 10 11 11 11 11 10 11 0F 11 10 12 10 11 12 10 12 11 11 11 10 10 10 0F 11 10 12 12 10 10 12 10 10 12 11 10 10 11 12 10 10 14 10 11 10 10 12 0F 11 10 12 12 13 14 11 11 10 11 11 11 10 11 11 12 11 10 11 11 10 10 13 12 13 11 11 10 10 0F 11 10 12 13 12 10 12 11 12 10 10 0F 10 11 10 11 10 11 10 12 10 12 11 12 11 12 11 11 11 10 12 11 11 11 10 11 10 10 11 10 11 0F 11 10 11 0F 11 0F 0F 10 0F 10 11 10 10 10 11 10 11 10 10 10 0F 0F 0F 10 10 10 0F 10 10 10 0F 10 10 0F 11 10 10 0F 0F 0F 0F 10 10 0F 0F 0F 10 11 10 0F 0E 0D 11 0F 10 10 0E 11 0E 11 10 10 0F 10 0F 11 0F 0F 0F 0F 11 10 0F 10 0F 10 10 11 10 11 0F 0E 10 11 11 10 0F 11 0F 10 10 10 10 10 10 10 10 10 10 10 
10 10 10 10 10 10 10 10 10 10 10 11 13 10 10 10 12 11 10 12 11 11 12 10 13 10 11 11 13 11 10 12 10 12 10 11 11 11 10 11 10 10 0F 0F 11 11 12 12 11 11 11 10 11 11 11 11 11 13 11 12 11 10 11 12 11 10 10 0E 12 11 10 0F 11 12 0F 10 11 10 10 10 0F 12 11 10 0F 12 10 10 11 11 10 10 10 12 11 12 10 11 11 0F 10 0F 11 11 11 11 10 11 0F 11 11 11 11 12 11 10 13 11 10 11 10 11 10 10 11 0F 11 12 10 10 11 10 10 10 12 11 10 11 11 10 10 12 11 12 11 10 11 10 11 11 11 12 12 14 10 11 11 10 10 11 11 11 11 10 11 11 11 11 10 0F 12 11 12 10 10 10 11 0F 11 11 11 11 12 0F 11 11 12 10 10 0F 11 12 11 11 0F 10 10 11 10 11 11 10 10 12 11 11 0F 0F 12 11 0F 12 10 0F 0F 10 10 10 11 10 12 10 10 10 11 0F 10 10 10 0F 11 10 10 10 11 10 10 10 0F 10 0F 0F 0F 0F 0F 0F 10 10 11 0F 0F 10 0F 0F 11 10 0F 10 10 10 0F 10 0F 10 0F 0E 11 11 11 0F 0F 0E 11 0F 0F 10 0F 12 0E 10 10 0F 0E 10 0F 11 0F 0F 0F 0F 10 10 0F 10 0F 10 11 11 10 11 0E 0F 0F 10 11 11 0F 10 0F 10 10 10 10 10 10 10 10 10 10 10 
11 11 11 11 11 11 11 11 11 11 11 12 11 12 12 11 10 12 10 0F 10 10 0F 12 11 11 11 11 13 11 11 11 12 10 11 10 0F 10 12 0F 11 11 11 11 12 11 12 11 0F 11 12 12 12 10 13 12 11 10 11 11 11 12 11 10 11 10 10 11 11 10 0F 0F 0F 10 13 0F 10 11 10 11 10 10 0F 0F 10 12 10 11 11 10 10 10 11 12 12 10 10 11 10 11 0F 10 10 11 11 13 11 11 11 12 12 10 12 12 11 11 10 0F 0F 11 0E 12 11 11 0F 11 10 12 11 11 10 11 13 10 11 10 11 11 10 10 11 11 11 13 10 11 11 12 10 10 10 0F 10 11 12 12 0F 10 10 13 10 11 12 0F 11 11 10 0F 11 12 11 10 12 11 12 10 11 11 10 0F 0E 0F 10 12 10 12 10 10 10 11 10 10 11 11 11 0F 11 10 0F 0F 0E 11 11 10 0E 10 10 10 0E 0F 10 10 10 10 10 0F 0F 10 11 11 10 0E 10 11 11 11 11 11 0F 11 0F 10 10 11 11 10 0E 0E 10 11 11 0F 10 11 0F 0F 10 0E 11 0F 10 0F 0E 0F 0F 10 0F 0E 10 0F 10 0F 0F 0F 11 0F 11 0F 10 0F 10 10 0F 11 0F 0F 10 0F 11 10 10 0F 10 10 10 11 0F 0F 0F 10 10 10 0F 10 10 0F 0F 11 0E 0F 10 10 10 0F 0F 10 0F 0F 0E 0F 0F 0F 0F 0F 0F 0F 0F 0F 0F 0F 
11 11 11 11 11 11 11 11 11 11 11 12 11 11 12 11 0F 12 11 10 0F 12 0F 11 11 12 10 10 12 11 11 10 11 10 10 10 0F 10 12 10 11 11 11 11 12 11 12 10 0F 10 10 12 11 10 12 12 12 10 12 11 12 12 11 10 10 11 0F 12 10 12 0F 0E 0F 0F 13 0F 10 11 10 11 0F 11 10 0F 11 12 10 12 11 0F 10 10 10 10 11 10 10 11 10 12 0E 11 10 11 10 12 10 10 11 12 11 11 12 11 11 12 10 0F 0F 11 0F 12 11 12 0E 10 10 12 11 11 11 10 13 10 12 10 10 12 11 11 10 11 10 12 11 11 10 12 0F 11 10 0F 10 11 11 11 10 0F 10 12 10 12 13 10 11 12 0F 10 11 12 10 11 12 11 11 10 11 11 11 10 0E 0F 11 12 0F 10 10 10 11 11 11 10 12 11 11 10 12 11 10 10 0E 11 10 10 0E 10 10 0F 0F 0E 0F 10 10 0F 11 0F 0F 11 11 11 10 0D 10 11 10 11 11 10 10 11 0F 10 11 10 11 10 0F 0F 0F 11 11 0F 0F 11 0F 10 0F 0E 10 0E 0F 10 0E 11 0F 0F 10 0E 11 10 10 0E 0F 0F 11 10 10 10 10 0F 10 0E 10 10 0E 10 0F 0F 10 11 0F 0F 10 10 10 11 0F 0F 10 0F 11 10 0F 10 0F 0F 0E 10 0F 0F 10 10 10 0F 0F 10 10 0F 0E 0E 0E 0E 0E 0E 0E 0E 0E 0E 0E 0E 
12 12 12 12 12 12 12 12 12 12 12 10 13 10 10 11 12 10 11 13 12 11 11 11 13 10 12 12 12 12 10 12 10 14 10 11 11 12 0F 11 11 10 10 10 11 12 12 12 11 11 11 11 11 12 11 11 11 13 11 12 12 11 12 11 12 10 10 0E 12 10 11 10 10 11 10 11 12 10 11 11 0F 13 11 10 10 12 10 10 11 11 10 10 10 13 12 12 11 11 10 0E 10 0F 11 12 11 11 11 11 10 12 10 12 11 11 12 0F 11 10 11 11 10 10 10 10 11 10 11 13 10 10 12 11 10 11 11 12 10 12 11 11 10 12 11 12 0F 10 11 10 11 12 11 12 13 13 11 10 12 11 11 11 11 11 10 11 11 11 10 10 10 10 13 10 13 11 10 10 11 10 12 10 11 12 13 10 12 12 13 12 10 0F 10 11 11 11 10 10 10 11 10 11 11 10 11 11 11 11 11 10 12 10 10 11 11 10 0F 10 10 10 10 0F 12 11 11 11 11 0F 10 10 10 0F 11 10 10 11 11 0F 11 0F 0F 10 0F 0F 0F 0F 10 0F 10 10 10 10 0E 10 0F 10 11 0F 10 10 10 0F 0F 0F 0F 10 10 0E 10 11 10 0E 0F 0E 11 10 0F 10 0F 11 0F 0F 10 10 0F 0F 0F 11 0F 0F 0F 0F 10 10 0F 10 0F 0F 10 10 11 10 0F 0F 10 10 10 11 0F 11 0F 10 10 10 10 10 10 10 10 10 10 10 
11 11 11 11 11 11 11 11 11 11 11 10 13 11 11 11 13 11 11 12 12 12 13 12 13 10 12 11 12 12 10 12 10 13 10 11 12 11 0F 0F 11 10 0F 0F 11 11 13 13 11 11 11 11 10 11 11 12 11 13 11 12 12 10 12 12 11 10 10 0F 13 10 11 10 11 11 10 10 11 0F 10 11 10 12 11 10 10 12 10 11 11 11 11 11 0F 13 12 11 11 10 10 10 10 10 11 10 11 11 11 10 0F 10 0F 12 11 12 1D 10 12 11 12 11 0F 10 10 10 11 10 12 12 10 0F 12 11 10 11 12 11 11 11 11 11 11 12 11 11 10 10 11 10 11 11 11 13 13 13 10 10 11 10 11 10 11 12 10 11 12 10 11 10 11 10 13 11 12 11 10 10 10 10 11 10 11 12 12 10 12 11 12 11 11 10 11 12 11 11 11 10 11 11 10 12 11 11 10 12 11 10 10 0F 11 11 11 11 11 10 0F 0F 11 11 11 0F 12 10 11 11 11 0F 0F 10 10 10 12 10 10 10 11 0F 11 10 0F 10 10 0E 0F 10 10 10 0F 10 10 0F 0F 10 10 0F 11 10 11 10 10 0F 0E 10 0F 10 0F 0F 11 10 10 0F 0F 0D 11 0F 0F 10 0F 11 0E 0F 10 0F 0F 10 0F 11 0F 10 0F 10 11 11 0F 10 0F 10 10 10 11 10 0F 0F 10 11 10 10 0F 11 0F 11 11 11 11 11 11 11 11 11 11 11 
13 13 13 13 13 13 13 13 13 13 13 12 11 12 13 10 11 12 11 0F 0F 11 10 12 11 11 11 10 11 11 11 11 11 10 10 10 0F 0F 12 11 11 11 12 12 12 12 13 10 11 11 12 12 12 11 11 12 11 11 12 11 12 13 12 11 12 10 10 12 10 10 0F 0F 0F 0F 13 10 10 11 12 11 10 10 11 10 11 12 10 12 12 11 11 12 10 12 11 10 10 11 10 11 0E 10 10 11 11 12 10 10 11 13 11 12 12 11 11 12 10 0F 0F 12 0F 12 11 11 0F 11 11 12 10 11 10 10 13 11 12 11 11 12 10 10 12 11 11 13 11 11 10 12 0F 10 0F 10 11 11 13 11 0F 0F 10 12 11 12 11 10 11 11 10 10 11 13 11 10 11 11 12 11 12 11 11 0F 0E 0F 11 12 10 11 11 10 10 10 11 10 11 12 12 0F 12 11 10 10 0F 11 11 11 0D 10 11 0F 0F 10 10 11 10 0F 10 10 0E 11 10 12 10 0E 10 11 11 11 11 11 10 11 10 10 10 10 11 10 0F 0F 10 11 11 10 10 10 0F 10 0F 0E 10 0F 0F 10 0F 10 10 10 0F 0E 10 0F 11 0D 0F 0E 11 0F 11 10 10 10 10 0F 0F 10 0E 10 11 0F 11 10 0F 0F 11 0F 11 11 0F 10 10 0F 11 10 0F 11 10 10 0F 11 0F 10 0F 10 0F 0F 10 10 0F 0F 0E 0E 0E 0E 0E 0E 0E 0E 0E 0E 0E 0E 
12 12 12 12 12 12 12 12 12 12 12 12 11 12 13 10 10 12 11 10 10 11 0F 12 11 11 11 10 12 11 11 12 12 11 11 10 0F 10 12 11 10 12 11 12 12 12 11 10 10 11 11 12 12 10 12 12 10 11 11 10 11 12 12 10 11 11 10 12 10 0F 10 0E 0F 0F 13 10 0F 10 11 11 10 10 10 11 11 11 10 12 11 10 11 11 10 11 12 11 10 11 11 11 0D 11 11 11 10 12 10 10 11 12 12 12 11 12 11 12 0F 10 0F 12 0F 12 12 11 10 12 10 11 11 11 11 11 12 10 12 10 12 12 10 11 10 11 10 12 11 11 10 12 0F 11 10 10 10 11 11 11 0F 10 10 13 10 12 11 10 11 12 0F 0F 11 13 11 11 12 11 11 11 12 11 11 10 0E 0F 11 12 10 11 10 10 11 11 11 10 11 12 10 0F 12 10 10 10 10 10 10 11 0D 10 10 10 0F 0F 0F 10 0F 0F 10 10 0F 11 11 11 11 0E 10 11 10 11 12 10 10 11 10 10 10 10 11 0F 0E 0E 10 11 11 10 0F 11 0F 10 0F 0D 11 0F 10 10 0F 10 0F 10 10 0E 11 0F 10 0E 0F 0F 11 0F 11 10 0F 0F 10 0F 10 10 0E 10 10 0F 10 11 10 0F 10 0F 10 11 0F 0F 10 0F 11 10 0F 10 10 0F 0F 11 0F 10 10 10 0F 0F 10 10 0F 10 0E 0F 0F 0F 0F 0F 0F 0F 0F 0F 0F 0F 
13 13 13 13 13 13 13 13 13 13 13 11 14 10 11 11 13 11 10 13 11 12 13 11 13 10 12 12 12 13 11 12 10 12 11 11 12 12 10 11 11 0F 0F 0F 11 12 12 13 11 13 11 10 11 12 11 12 11 13 11 12 11 11 12 11 11 11 11 0F 12 11 11 10 12 12 0F 12 11 11 11 11 0F 13 12 11 10 12 10 11 11 11 10 12 0F 13 12 12 10 11 10 0F 11 0F 12 10 11 11 10 12 0F 11 10 13 11 12 12 10 12 11 11 11 0F 11 10 11 12 10 13 12 11 10 12 11 10 12 12 11 10 12 11 11 10 13 12 11 10 10 12 10 11 11 12 12 13 14 11 11 11 11 11 11 11 11 10 12 12 11 11 11 12 10 13 11 12 11 11 10 10 10 11 10 10 12 13 11 12 12 12 11 10 10 10 11 11 11 10 10 11 12 11 11 12 11 11 12 12 11 10 0F 12 11 0F 11 10 11 0F 10 0F 10 11 0F 12 10 10 10 11 10 0F 10 11 10 11 0F 10 10 11 0F 10 10 0F 11 0F 0E 0F 0F 10 10 10 10 10 0F 0F 10 0F 0F 11 10 10 10 10 0F 0F 10 0F 10 0F 0E 10 11 10 0F 0E 0E 11 10 0F 11 0F 11 0E 0F 11 0F 0F 0F 0F 11 0F 10 0F 0F 11 10 0F 11 0F 10 11 10 11 11 0F 0F 0F 10 11 11 0F 11 10 10 10 10 10 10 10 10 10 10 10 10 
12 12 12 12 12 12 12 12 12 12 12 10 13 11 10 11 13 11 11 12 11 10 12 11 12 10 11 11 12 11 10 12 0F 12 11 12 12 11 10 10 11 10 0F 10 11 11 12 12 11 12 11 11 11 12 11 13 11 12 11 12 11 10 12 12 11 11 11 0F 12 11 11 0F 11 12 10 11 11 10 12 11 10 13 12 11 10 12 11 10 12 10 10 10 0F 13 11 12 10 10 0F 0F 10 10 12 11 11 11 10 11 0F 11 10 12 10 11 11 10 11 11 11 11 0F 11 10 10 12 10 12 12 10 10 12 12 10 11 12 11 11 12 11 10 0F 13 11 12 10 10 10 11 11 11 12 13 14 13 11 11 11 10 11 11 11 11 11 10 12 10 12 10 11 10 14 11 12 10 11 10 10 10 10 10 11 12 12 10 11 11 11 10 10 10 10 11 11 11 10 10 10 10 11 11 11 11 10 11 11 12 11 0F 12 11 10 11 10 0F 10 0F 10 10 10 0F 12 11 11 0F 10 0F 0F 11 10 10 11 0F 11 10 11 0F 11 10 10 11 10 0F 0F 0F 10 10 10 10 11 10 0F 10 0F 0F 10 10 10 10 0F 0F 0E 0F 0F 0F 0F 0E 10 11 10 0F 0E 0D 11 0F 0F 10 0E 11 0F 0F 10 10 0E 10 0F 10 0F 10 0F 0F 10 10 0F 10 0F 10 11 11 11 11 0F 0F 0F 10 11 10 0F 11 0E 10 10 10 10 10 10 10 10 10 10 10 
12 12 12 12 12 12 12 12 12 12 12 12 11 11 13 11 10 12 11 10 10 11 11 13 12 13 11 11 13 11 11 11 11 12 11 10 0F 10 11 10 10 11 11 11 12 12 11 10 10 12 10 12 13 10 12 13 11 12 11 11 12 13 13 10 11 11 10 12 11 11 10 0F 0F 0F 13 10 10 11 11 10 10 11 11 11 11 13 11 13 12 0F 12 11 11 11 11 11 11 11 10 11 0E 11 11 11 12 12 11 10 11 12 12 11 11 12 11 12 10 11 10 10 0F 12 11 12 0F 11 10 12 11 11 11 12 13 11 12 11 11 12 11 11 11 12 10 13 11 12 10 12 0F 11 10 10 10 12 12 11 10 10 10 12 11 12 12 10 11 12 0F 10 11 13 11 11 11 12 11 11 12 10 11 10 0E 0F 11 13 0F 11 11 11 11 10 11 10 11 11 11 0F 13 11 10 10 0F 11 11 10 0E 11 10 10 0F 0F 10 10 11 10 10 10 10 11 11 11 10 0E 0F 11 10 11 11 10 10 12 10 10 10 11 12 10 0F 0F 0F 11 11 0F 10 10 10 10 10 0E 10 0F 10 10 0E 10 0E 11 10 0F 10 0F 11 0E 0F 0F 11 10 10 10 0F 10 10 0F 0F 11 0E 10 10 0F 11 11 10 10 10 0F 10 11 0E 0F 10 0F 11 11 0F 11 10 0F 0E 11 0E 0F 10 11 0E 0F 10 10 10 0F 0D 0E 0E 0E 0E 0E 0E 0E 0E 0E 0E 0E 
11 11 11 11 11 11 11 11 11 11 11 12 11 12 13 11 11 12 11 10 10 11 10 12 11 11 11 10 11 12 11 11 12 10 11 10 10 10 12 11 10 11 12 12 13 10 12 10 10 11 11 13 13 11 12 12 11 11 12 11 12 11 11 10 11 12 10 11 11 10 10 0F 0F 10 12 0F 10 11 11 11 10 11 11 11 11 12 10 12 12 11 11 11 11 11 12 10 10 11 11 12 0E 11 10 11 10 12 10 10 11 12 11 11 11 13 11 11 0F 0F 10 11 0F 13 11 11 0F 10 10 11 11 11 11 11 13 10 12 10 11 13 11 11 11 11 11 14 11 12 11 12 0F 11 10 0F 10 11 12 12 10 0F 11 13 11 12 12 10 12 11 10 10 11 12 11 10 12 12 13 10 12 12 10 10 0F 0F 11 13 0F 11 10 10 10 11 11 11 11 10 11 0E 11 11 10 10 0F 11 10 11 0E 11 10 10 0F 0E 10 11 10 10 10 10 0F 10 11 12 10 0E 10 11 10 10 11 0F 11 11 0F 10 10 10 12 10 0E 0E 10 11 11 10 0F 11 0F 0F 0F 0D 11 0F 0F 0F 0F 0F 0F 10 10 0F 10 0E 10 0E 0F 0E 11 10 10 10 0F 0F 0F 0F 10 10 0E 10 10 0F 11 11 0F 0F 10 10 10 11 0F 0F 11 0F 11 10 0F 12 10 0F 0E 11 0F 0F 10 10 0F 0F 0F 10 0F 0F 0F 0E 0E 0E 0E 0E 0E 0E 0E 0E 0E 0E 
12 12 12 12 12 12 12 12 12 12 12 12 13 11 11 12 14 11 12 13 11 13 14 10 12 10 12 12 13 11 11 12 0F 12 12 12 12 12 10 10 12 10 10 10 11 12 12 13 11 11 11 11 11 13 11 12 11 13 11 12 11 10 12 12 11 10 11 10 13 10 12 11 12 12 10 12 11 11 12 12 10 13 12 11 10 13 11 11 11 11 11 10 10 13 12 11 12 11 11 10 10 11 11 11 11 11 11 11 10 11 10 12 11 12 12 10 12 11 11 11 0F 11 11 10 12 10 12 12 11 10 12 11 10 12 12 11 11 12 11 11 11 13 11 12 10 10 11 10 12 11 12 13 14 13 10 11 11 0F 11 11 11 12 11 11 12 11 11 11 11 11 13 11 13 12 11 0F 11 0F 11 0F 11 11 13 10 12 11 11 10 10 0F 11 12 11 11 10 11 11 11 10 12 12 10 11 11 13 11 0F 0F 13 11 11 11 10 0F 10 10 10 11 10 0F 11 10 11 10 11 0F 0F 11 10 11 11 0F 10 11 11 10 10 0F 0F 10 10 0E 0F 10 10 10 0F 10 10 0F 0F 0F 0F 0F 11 10 10 10 10 0F 0F 11 10 10 0F 0E 10 11 10 0F 0E 0D 11 10 0F 10 0F 11 0E 10 11 10 0E 10 0F 11 10 0F 0F 0F 11 10 0F 10 0F 0F 10 10 11 10 0F 0F 10 11 11 0F 10 10 0E 10 10 10 10 10 10 10 10 10 10 10 
13 13 13 13 13 13 13 13 13 13 13 11 14 11 10 12 12 12 11 12 11 12 13 12 13 11 12 12 11 11 10 12 10 13 11 11 11 11 10 11 11 10 10 10 11 11 12 13 11 11 11 11 12 11 12 12 11 13 11 12 11 10 11 12 11 10 11 0F 12 10 10 10 11 12 0F 11 11 10 11 12 10 13 11 10 10 12 11 10 11 10 10 11 10 13 12 12 11 11 10 0F 10 0F 11 11 11 11 10 12 10 11 10 13 10 12 12 11 12 11 11 11 10 10 10 0F 12 10 12 12 11 10 13 12 0F 10 12 10 11 11 11 11 10 12 12 13 0F 10 11 10 11 11 12 13 12 13 11 11 11 10 11 11 11 11 10 11 12 11 11 11 11 11 13 10 12 11 10 10 10 10 11 11 12 12 13 10 12 11 11 10 0F 10 10 11 11 11 10 11 11 11 11 11 12 11 10 11 11 11 10 0F 12 11 11 11 10 0F 10 10 10 10 11 0F 11 10 11 11 11 0F 10 10 10 10 11 10 10 10 11 0F 11 0F 0F 11 10 0E 0F 10 10 10 10 10 10 10 0E 0F 0F 0F 11 10 0F 10 10 0F 0F 10 0F 10 10 0E 10 12 10 0F 0F 0D 11 0F 10 10 0F 11 0E 10 10 10 0F 10 0F 11 0E 0F 0F 0F 11 11 0F 10 10 0F 10 10 10 10 0F 0F 10 11 10 10 0F 11 0D 10 10 10 10 10 10 10 10 10 10 10 
12 12 12 12 12 12 12 12 12 12 12 13 11 12 13 11 10 12 11 10 11 11 10 12 11 12 11 10 14 12 11 11 12 11 10 11 10 10 11 0F 11 11 12 12 12 12 11 11 11 12 12 13 13 11 13 12 11 11 11 11 12 13 11 11 12 11 10 12 10 10 10 0E 0F 10 13 10 10 11 11 11 10 11 11 10 11 13 10 12 12 11 11 10 11 12 12 11 10 12 11 11 0E 11 11 12 11 13 10 11 11 13 11 11 12 12 12 12 10 0F 0F 11 0F 12 11 11 10 11 11 12 12 11 11 12 13 11 12 12 11 12 11 10 10 12 11 13 12 12 10 13 10 11 10 0F 10 12 11 11 10 10 10 13 12 12 12 10 11 12 10 0F 11 12 11 11 12 11 13 10 13 12 10 10 0E 0F 11 12 10 11 11 10 10 12 11 10 11 13 11 0F 12 11 10 10 0F 10 11 11 0E 10 10 10 10 0F 10 10 10 0F 11 10 0E 11 11 12 11 0E 0F 11 12 11 12 10 10 11 0F 10 10 10 11 10 0E 0E 0F 11 11 10 10 11 0F 10 10 0E 11 0F 0F 10 0F 10 10 10 10 0F 10 0F 11 0E 0F 0F 12 10 11 10 0F 10 10 0F 10 10 0F 10 0F 0F 10 11 10 0F 10 0F 10 11 0F 0F 0F 10 10 10 0F 11 10 0F 0F 10 0F 0F 10 10 0F 0F 0F 10 10 0F 0F 0E 0E 0E 0E 0E 0E 0E 0E 0E 0E 0E 
12 12 12 12 12 12 12 12 12 12 12 13 12 11 13 12 11 12 11 10 10 12 0F 13 12 12 11 10 12 11 11 12 11 11 11 10 0F 0F 12 10 12 11 12 12 13 11 12 11 10 11 11 12 11 10 11 12 11 10 12 11 12 12 11 10 12 11 10 12 10 10 0F 0F 10 10 13 0F 10 11 11 10 10 10 11 10 12 13 10 12 12 10 11 10 11 11 11 11 10 11 11 12 0E 11 11 10 10 12 11 10 11 14 11 11 12 14 11 12 10 0F 10 11 10 12 11 12 0F 12 10 11 12 11 11 10 13 11 12 11 11 12 11 10 11 11 11 13 11 11 11 13 10 11 11 10 10 11 11 12 10 10 10 12 11 11 13 10 11 11 10 0F 11 13 11 10 12 11 11 11 12 12 11 10 0F 10 10 12 10 12 11 0F 10 11 12 11 11 10 11 0F 12 10 10 11 0F 10 11 10 0E 10 10 0F 0F 0E 10 11 10 0F 10 0F 0F 11 11 12 11 0E 0F 11 10 12 12 10 10 11 10 10 10 10 11 10 0E 0E 0F 11 11 0F 0F 10 0F 0F 0F 0E 10 0E 0F 10 0F 10 0F 10 10 0E 10 0E 11 0E 0F 0E 11 10 10 11 0F 0F 0F 0E 0F 11 0F 10 10 0F 10 11 0F 0F 10 10 10 11 0F 0F 11 0F 10 10 10 11 10 0F 0F 10 0F 10 10 10 0F 0F 10 10 10 0E 0E 0F 0F 0F 0F 0F 0F 0F 0F 0F 0F 0F 
12 12 12 12 12 12 12 12 12 12 12 12 15 11 11 12 13 12 12 12 12 13 13 12 14 11 12 11 12 11 10 13 10 12 12 12 12 12 11 10 11 10 11 10 11 11 12 12 11 12 11 11 11 12 12 13 12 12 11 12 11 10 12 10 12 11 10 0F 12 11 10 10 11 11 0F 11 11 10 11 11 0F 13 11 10 11 12 11 10 11 11 10 11 10 12 11 12 11 12 11 0F 10 10 13 11 11 11 11 11 10 10 10 12 11 12 12 10 12 10 11 11 10 12 10 0F 12 10 12 12 11 10 12 12 10 12 12 11 11 12 12 10 11 14 12 12 10 10 12 10 12 11 12 14 13 13 12 11 11 10 11 10 12 12 11 12 12 11 12 11 11 10 13 11 13 10 12 10 10 10 11 10 11 12 13 10 11 11 12 10 10 10 11 11 11 11 10 10 11 11 11 12 11 10 11 12 11 11 11 0F 12 11 10 12 10 0F 10 10 10 10 11 0F 12 10 10 10 11 0F 0F 10 10 10 11 0F 0F 10 11 0F 10 0F 0F 10 0F 0E 0E 0F 10 10 10 10 11 10 0F 0F 0F 0F 11 10 11 11 0F 0F 0E 10 10 10 0F 0E 10 12 10 0F 0E 0E 11 10 0F 10 0E 11 0F 0F 11 10 0F 10 0F 11 0F 10 0F 0F 11 11 0F 11 10 10 11 10 11 11 0F 0F 10 11 11 10 0F 11 0F 0F 0F 0F 0F 0F 0F 0F 0F 0F 0F 0F 
11 11 11 11 11 11 11 11 11 11 11 12 14 12 10 11 13 12 12 13 11 13 13 12 13 11 12 12 12 11 10 12 11 13 10 11 11 12 11 11 11 11 10 10 11 11 12 12 10 11 10 11 11 11 11 12 11 13 11 12 11 10 12 12 11 10 10 0F 12 11 11 10 12 12 0F 11 11 10 11 11 10 13 11 11 10 13 11 11 11 11 11 11 10 13 12 11 12 11 10 10 12 0F 12 11 11 11 0F 12 10 12 10 12 11 11 11 10 12 11 10 11 10 11 11 0F 13 10 12 12 11 10 12 11 11 11 11 11 11 12 11 10 11 13 11 12 10 10 11 10 12 12 12 14 14 13 11 12 10 11 11 12 11 11 10 10 11 11 12 12 11 10 13 11 13 11 11 10 11 10 10 10 11 12 12 11 12 13 12 10 10 11 11 12 11 10 11 10 11 11 10 11 12 11 11 12 11 11 10 0F 12 11 0F 11 10 0F 0F 0F 11 11 11 0F 12 10 11 10 11 0F 10 11 10 10 11 10 11 10 12 0F 10 10 0F 11 0F 0E 0F 0F 0F 10 10 0F 10 0F 0F 10 0F 0F 11 10 10 10 0F 0F 0F 10 0F 10 0F 0E 10 12 10 0F 0F 0D 11 10 0F 10 0F 11 0E 10 10 0F 0E 10 0F 10 0F 0F 0F 0F 10 10 0F 10 0F 10 11 11 10 10 0F 10 10 10 10 10 0F 11 0F 10 10 10 10 10 10 10 10 10 10 10 
12 12 12 12 12 12 12 12 12 12 12 14 13 12 14 11 11 14 12 11 10 12 11 12 12 12 11 11 12 10 12 12 13 12 12 11 10 11 12 10 12 11 11 12 12 11 11 11 11 11 13 12 12 11 12 11 12 10 11 11 12 12 12 10 12 10 0F 12 10 10 10 0F 0F 10 14 0F 0F 12 12 10 11 10 11 11 11 13 11 12 12 11 11 11 11 11 12 11 11 12 12 13 0F 11 11 11 11 13 11 10 10 13 11 11 12 12 12 11 10 10 0F 11 0F 13 12 12 10 10 10 12 11 11 11 11 13 11 12 11 11 12 11 11 11 12 10 14 11 12 11 12 10 11 11 10 11 12 13 12 11 10 10 12 12 12 12 11 12 12 11 10 12 13 12 10 12 12 12 10 13 11 10 0F 0F 10 11 13 0F 11 10 10 10 11 11 11 11 12 11 0F 12 11 10 10 0F 10 11 11 0E 10 11 10 0F 0F 0F 11 10 0F 11 11 0F 11 11 11 10 0E 10 11 11 12 12 10 10 11 10 11 11 10 11 10 0F 0E 11 12 10 10 0F 11 0F 10 0F 0E 10 0F 10 10 0F 0F 0F 10 0F 0E 10 0F 10 0F 0F 0F 11 10 11 10 10 0F 0F 0F 10 11 0F 10 0F 0F 10 10 10 0F 11 10 10 11 0F 0F 11 10 11 10 0F 11 10 0F 10 10 0F 10 0F 10 0E 0F 0F 10 0F 0F 0E 0F 0F 0F 0F 0F 0F 0F 0F 0F 0F 0F 
11 11 11 11 11 11 11 11 11 11 11 13 12 13 13 12 10 13 12 10 11 12 10 14 11 12 11 11 13 11 12 11 12 10 11 10 10 11 12 10 12 10 12 12 12 11 12 10 10 11 11 13 12 11 11 12 12 10 12 11 12 12 11 10 11 11 11 12 11 10 10 0F 10 0F 14 10 10 11 11 10 11 11 11 10 12 12 11 12 12 11 12 12 11 11 12 11 11 12 11 12 0F 11 11 11 11 13 11 10 11 12 11 11 11 11 11 12 10 0F 10 11 0F 13 12 12 10 11 11 12 11 11 11 11 14 11 12 11 11 12 11 11 11 12 11 14 12 12 11 12 10 11 10 10 12 12 13 12 10 11 10 13 11 12 12 10 12 12 10 10 11 13 10 11 12 12 12 11 13 12 11 0F 0E 10 11 13 10 11 10 10 11 11 12 10 12 12 11 10 12 10 10 10 0F 10 11 11 0E 11 11 0F 0E 10 10 10 10 0F 10 0F 10 11 10 12 10 0E 10 11 11 10 11 10 10 12 10 10 10 10 12 10 0F 0F 11 11 12 10 0F 10 0F 10 0F 0D 11 0F 10 10 0F 10 0F 11 10 0E 10 0F 10 0E 0F 0E 11 10 11 11 0F 0F 0F 0F 10 10 0E 10 10 0F 11 10 10 10 11 0F 11 11 0F 0F 11 10 11 10 0F 10 10 0F 0F 11 0E 10 0F 10 10 0F 0F 10 10 0F 0E 0E 0E 0E 0E 0E 0E 0E 0E 0E 0E 0E 
13 13 13 13 13 13 13 13 13 13 13 12 14 12 11 12 14 11 13 13 12 12 14 12 14 11 12 11 12 11 10 13 11 13 12 11 11 11 10 10 11 10 10 10 11 11 12 13 11 12 11 11 11 11 12 12 12 13 12 13 11 10 11 12 11 11 10 0F 12 11 11 10 12 12 10 11 11 0F 11 12 0F 12 11 11 11 13 12 10 11 11 10 11 10 14 12 12 10 11 11 11 11 10 12 10 12 12 11 12 10 11 11 12 11 12 11 10 12 11 12 11 10 12 10 11 12 11 12 13 10 11 12 12 10 12 13 12 10 12 11 11 11 14 12 12 10 11 11 11 11 12 12 13 13 13 13 11 11 10 12 12 12 11 11 11 12 11 11 12 11 11 13 11 12 11 11 10 10 10 12 11 12 12 12 10 12 12 12 10 10 10 10 11 0F 11 11 10 11 10 11 11 11 10 11 12 12 11 10 0F 12 11 10 11 11 0F 10 0F 11 10 11 0F 12 10 11 10 10 0F 10 10 10 11 12 0F 10 10 11 0F 11 10 0F 11 10 0E 0F 0F 0F 10 0F 10 10 0F 0F 0F 10 10 11 10 10 11 0F 0E 0F 0F 0F 10 10 0E 10 11 10 0F 0F 0D 12 10 0F 11 0F 10 0F 0F 10 10 0F 0F 0E 10 10 0F 10 0F 10 10 0F 10 0F 10 11 10 10 10 0F 0F 0F 10 10 11 10 11 0F 10 10 10 10 10 10 10 10 10 10 10 
13 13 13 13 13 13 13 13 13 13 13 11 14 12 11 12 13 12 12 13 12 13 13 12 14 11 11 12 13 12 10 13 10 13 11 12 11 12 11 11 11 10 10 11 11 12 12 13 11 11 10 11 11 12 12 12 11 13 11 12 12 10 12 11 12 10 11 0F 12 11 10 10 12 12 10 11 11 10 12 11 10 13 11 10 11 12 11 11 11 11 11 11 10 13 12 12 11 11 0F 10 11 10 11 11 11 12 11 12 11 10 11 12 10 12 11 11 12 11 11 11 10 11 11 10 11 11 12 12 11 11 12 11 10 12 12 11 11 12 11 11 10 13 11 12 10 10 11 10 11 11 12 13 14 14 11 11 11 11 12 12 12 11 10 11 12 11 11 11 12 11 13 11 12 11 11 0F 11 10 11 10 11 13 12 11 12 11 12 10 10 0F 10 11 11 11 10 10 11 12 11 12 12 11 10 11 11 11 10 10 12 11 11 12 10 0F 0F 10 10 10 11 10 13 10 11 11 11 0F 0F 10 10 10 12 10 10 0F 11 10 11 10 0F 10 0F 0F 0F 10 10 10 10 10 10 10 0F 10 10 0F 11 11 10 11 10 0F 0E 10 10 10 10 0E 10 11 10 0F 0E 0F 11 10 0F 10 0F 11 0E 0F 11 10 0F 0F 0E 11 10 10 0F 0F 11 10 0F 10 0F 10 10 11 10 10 0F 0F 10 10 10 12 10 11 0F 11 11 11 11 11 11 11 11 11 11 11 
12 12 12 12 12 12 12 12 12 12 12 14 12 12 14 12 12 12 12 10 10 13 11 14 12 12 11 11 13 13 13 12 12 11 12 11 11 11 13 11 11 11 13 12 12 12 12 11 10 11 12 13 11 11 13 12 13 12 12 12 12 12 12 11 12 11 10 13 12 10 0F 0F 0F 10 14 10 11 11 12 11 11 12 12 11 11 12 11 12 12 11 11 12 11 13 13 11 11 12 11 11 0F 11 11 11 12 13 11 10 11 12 12 12 13 13 11 12 11 0F 10 12 10 12 12 11 10 11 11 12 12 11 11 11 13 11 12 11 12 12 11 11 12 12 12 13 11 13 11 13 10 11 11 11 11 11 14 12 11 11 10 12 11 13 12 10 12 12 10 0F 11 13 11 10 11 12 12 13 13 12 11 0F 0E 10 12 13 10 12 11 10 10 12 12 10 13 11 11 0F 12 12 11 11 0E 11 12 10 0E 11 10 10 0F 0F 10 12 11 0F 10 10 0F 10 10 11 10 0E 10 11 11 11 11 10 10 12 10 10 11 11 12 10 0E 0F 10 11 11 10 0F 11 10 10 10 0E 11 0F 10 11 10 10 0F 10 10 0F 10 10 11 0E 10 0F 11 0F 10 11 10 10 10 0F 10 10 0F 10 10 0E 10 10 0F 0F 10 10 11 11 0F 10 10 0F 11 10 0F 12 10 0F 0F 10 0F 10 10 10 0F 0F 10 10 10 0F 0E 0E 0E 0E 0E 0E 0E 0E 0E 0E 0E 0E 
13 13 13 13 13 13 13 13 13 13 13 14 13 13 13 11 11 12 13 10 10 12 11 13 12 12 11 11 13 12 12 12 13 11 11 10 10 11 12 11 11 12 12 12 13 11 12 10 11 12 12 14 12 10 12 12 12 11 12 11 11 12 12 11 11 12 10 11 11 10 10 0F 0F 0F 13 10 10 11 11 11 11 11 11 10 12 13 10 13 13 10 12 11 11 11 11 10 11 12 11 12 0F 12 11 11 11 12 11 10 11 12 11 10 11 13 11 12 11 10 10 11 10 12 11 11 10 11 10 13 12 11 12 11 13 11 12 12 11 13 11 11 11 12 12 13 12 12 12 12 11 11 11 10 11 11 12 12 10 11 10 13 11 12 12 10 12 13 10 10 10 12 12 11 12 11 11 11 13 12 11 10 0E 0F 11 13 0F 11 11 11 10 11 11 10 12 11 11 10 12 11 11 10 0E 11 10 11 0E 10 10 10 0F 0F 0F 10 10 0F 11 0F 10 11 11 11 10 0F 10 11 11 11 11 10 11 11 0F 11 10 10 12 10 0F 0F 0F 10 11 10 10 11 10 0F 0F 0E 10 10 0F 10 0F 10 0F 10 10 0E 10 0F 11 0E 0F 0F 11 10 10 0F 0F 10 10 0F 10 10 0F 10 10 0F 11 10 10 0F 10 10 11 11 0F 0F 10 10 11 0F 0F 11 10 10 0E 11 0F 0F 10 0F 0F 10 10 10 0F 0F 0E 0E 0E 0E 0E 0E 0E 0E 0E 0E 0E 0E 
13 13 13 13 13 13 13 13 13 13 13 11 14 12 11 12 14 11 12 13 12 13 14 12 14 11 13 12 13 12 10 14 10 13 11 12 11 13 11 11 11 10 11 10 13 11 13 13 11 11 11 11 11 12 12 12 11 14 12 13 12 10 13 12 11 10 11 0F 12 11 11 10 12 12 10 11 11 10 12 12 10 13 12 11 11 12 11 11 11 12 11 11 10 13 12 12 10 11 11 10 11 10 11 11 11 13 10 12 0F 12 11 12 12 12 11 10 12 11 11 12 10 11 11 10 12 10 12 14 10 11 12 12 10 11 12 11 11 12 12 11 11 13 11 13 10 10 14 10 11 13 12 13 14 14 12 11 12 11 11 11 11 11 10 11 12 12 11 12 11 10 12 11 13 10 12 10 11 10 12 10 12 12 12 11 11 12 12 11 10 10 11 12 11 11 11 10 12 11 11 12 11 11 12 12 12 11 11 10 11 11 10 13 11 10 10 10 10 11 10 0F 12 11 11 10 11 0F 10 10 10 10 11 10 11 0F 11 10 10 10 0F 11 0F 0F 0F 0F 0F 10 0F 10 11 10 0F 0F 10 0E 11 11 11 11 10 0F 0F 10 10 10 10 0F 11 11 10 0E 0F 0E 10 10 0F 10 0F 10 0F 10 10 0F 0F 10 0F 10 10 10 10 10 11 10 0F 10 0F 10 10 10 11 11 0E 0F 10 10 11 11 0F 11 0E 10 10 10 10 10 10 10 10 10 10 10 
13 13 13 13 13 13 13 13 13 13 13 12 14 12 12 12 14 12 13 14 13 13 14 12 14 10 12 13 13 12 10 12 11 13 12 12 12 14 10 11 11 11 10 10 12 12 13 13 11 11 12 12 12 13 12 13 11 13 12 12 12 11 13 13 11 10 12 10 13 10 11 11 11 12 10 12 12 10 11 10 11 13 12 10 10 13 11 10 11 11 11 11 10 13 12 12 12 12 11 10 10 11 12 11 12 11 11 12 10 12 11 12 10 12 12 11 13 11 12 11 11 12 11 11 12 11 13 13 12 11 13 12 11 11 13 12 11 13 11 11 11 13 12 13 11 11 11 11 13 12 11 14 14 14 11 11 12 10 11 11 11 12 12 12 12 11 11 12 11 11 14 11 13 11 11 10 11 10 11 11 12 13 12 10 13 12 12 11 10 10 10 12 12 12 11 10 10 12 10 11 12 11 11 11 11 11 11 0F 12 11 10 11 11 10 10 10 11 11 11 0F 12 10 11 10 11 10 10 10 10 10 11 10 11 10 12 10 10 10 0F 11 10 0F 0F 10 10 10 10 10 11 11 0F 10 0F 0F 10 11 10 10 11 0F 10 10 10 11 10 0F 11 11 10 10 10 0E 12 11 10 10 0F 12 0F 10 10 0F 0F 10 0F 11 0F 10 0F 0F 11 10 0F 10 0F 0F 11 10 10 10 0F 0F 10 11 10 10 0F 11 0F 10 10 10 10 10 10 10 10 10 10 10 
13 13 13 13 13 13 13 13 13 13 13 13 13 12 14 12 11 13 13 11 11 11 11 13 13 13 12 11 13 13 13 12 13 11 12 11 11 10 13 11 11 11 12 13 13 12 12 11 10 11 12 13 13 11 13 11 12 11 13 11 12 12 12 11 11 11 10 12 11 0F 10 10 0F 0F 13 11 10 11 11 12 11 12 11 10 11 12 10 12 13 11 11 11 11 11 12 11 11 11 11 13 0E 11 12 12 11 13 11 11 12 13 12 11 12 13 12 13 10 10 10 11 10 13 12 12 11 12 11 12 12 12 11 13 14 12 13 12 14 13 12 12 12 12 12 14 11 13 12 13 10 12 12 11 11 13 13 11 11 10 11 13 12 13 12 10 12 12 11 10 12 13 12 11 12 12 12 12 12 12 11 11 0F 10 12 12 11 12 10 11 10 11 13 10 12 11 11 11 13 11 10 10 0F 11 10 10 0F 10 11 11 0F 10 10 11 10 10 11 10 0F 11 11 11 10 0F 10 11 11 11 12 10 10 12 10 10 11 10 12 11 0E 0F 11 11 11 0F 11 11 0F 0F 10 0E 10 0F 10 10 0F 0F 0F 10 0F 0F 11 0F 11 0E 0F 0F 11 0F 11 10 10 10 10 0F 10 11 0F 11 0F 0F 11 11 10 10 11 10 10 12 0F 10 11 10 11 0F 0F 10 0F 10 0F 10 0E 0F 11 0F 0F 10 10 0F 0F 0F 0F 0E 0E 0E 0E 0E 0E 0E 0E 0E 0E 0E 
13 13 13 13 13 13 13 13 13 13 13 14 12 13 14 11 11 13 12 11 10 12 11 14 12 13 12 12 13 12 11 13 12 11 11 10 10 10 12 10 12 11 12 12 14 12 12 10 11 12 13 13 12 11 13 11 12 11 12 11 12 13 11 10 12 12 11 12 11 11 10 0F 10 0F 13 0F 10 11 11 11 11 11 12 10 13 12 10 12 13 11 11 11 11 12 12 11 12 12 12 13 0F 12 11 11 12 12 11 11 12 13 12 12 12 12 12 12 10 0F 10 11 10 14 12 13 10 12 11 12 12 12 13 12 14 11 13 12 12 13 12 12 12 12 12 14 12 12 11 12 10 12 11 11 12 12 12 12 10 10 11 12 11 13 12 11 13 13 11 10 12 13 11 12 10 12 12 10 13 12 11 0F 0F 10 11 13 10 12 10 11 10 11 11 10 13 12 11 0E 12 11 10 11 0F 11 11 11 0D 10 10 0F 0E 0F 10 11 10 0F 11 0F 0F 12 11 12 10 0F 10 10 10 11 12 10 10 11 10 10 10 10 12 10 10 0E 11 11 11 0F 0F 11 0F 10 10 0E 10 0E 10 10 0F 10 10 10 10 0F 11 0F 11 0E 10 0F 12 10 11 0F 10 10 10 10 10 10 0F 10 11 0F 10 10 0F 0F 11 10 10 11 0F 0F 11 0F 11 10 10 11 10 0F 0F 10 0F 0F 10 0F 10 0F 10 10 0F 0F 0F 0F 0F 0F 0F 0F 0F 0F 0F 0F 0F 0F 
13 13 13 13 13 13 13 13 13 13 13 12 15 12 13 13 14 14 12 14 13 12 14 12 15 12 13 12 14 13 12 13 11 14 11 12 12 12 10 11 12 11 10 11 12 13 13 14 11 12 11 11 12 11 13 12 12 14 11 12 12 12 12 12 11 11 11 10 13 11 12 10 12 12 10 12 11 11 12 12 10 12 12 11 10 13 11 11 11 12 10 12 0F 13 12 13 11 11 11 10 10 10 14 12 11 12 11 11 10 13 12 13 11 12 12 11 12 12 13 12 11 12 11 10 12 12 13 13 11 11 12 11 11 12 13 12 12 13 11 11 12 14 11 12 11 11 12 10 12 11 12 13 14 15 12 13 12 12 12 11 11 12 11 11 13 12 12 11 12 11 14 11 14 11 11 11 13 0F 11 10 12 12 13 11 12 12 12 10 11 0F 11 11 12 12 11 10 11 11 11 12 11 11 11 11 12 11 10 0F 12 11 10 12 11 10 10 10 11 11 11 0F 12 11 11 11 11 0F 0F 10 11 10 12 0F 10 10 12 10 11 10 0F 12 10 0F 0F 10 11 0F 10 10 10 10 0E 0F 10 0F 11 10 11 10 10 10 0F 10 0F 10 10 0E 10 12 11 10 0F 0E 11 10 0F 10 0F 11 0F 10 10 10 0F 10 0F 11 10 0F 10 0F 11 10 0F 11 0E 10 11 10 10 10 0F 0F 10 11 10 10 0F 11 0E 10 10 10 10 10 10 10 10 10 10 10 
13 13 13 13 13 13 13 13 13 13 13 13 14 14 11 12 13 12 13 13 13 13 14 13 14 11 12 13 14 12 12 14 10 14 12 12 13 12 11 11 12 10 11 10 12 12 13 13 11 12 11 12 11 12 12 13 12 13 12 13 12 11 12 11 11 13 11 0F 12 11 12 10 12 11 10 11 13 11 12 11 10 13 11 11 10 13 11 10 11 12 11 11 10 13 12 12 12 11 11 10 10 10 11 10 12 12 11 12 10 12 11 13 10 13 12 11 12 11 12 12 11 12 10 10 12 11 12 13 12 11 13 12 11 12 13 11 11 13 12 13 11 13 12 15 10 11 13 10 12 13 12 14 15 14 12 11 11 11 11 12 12 12 11 12 13 12 12 12 11 10 13 12 12 11 11 11 11 11 12 11 11 12 13 11 12 11 12 11 11 10 10 12 10 11 10 10 11 11 11 13 12 11 12 11 11 11 10 0F 13 11 10 11 10 10 11 10 10 11 11 10 12 10 10 10 12 0F 0F 10 10 11 12 11 11 10 12 10 10 10 0F 11 0F 0E 10 10 10 10 0F 11 11 10 10 10 10 0F 11 10 10 11 0F 10 0E 11 10 10 11 0E 11 11 10 0F 0F 0E 11 10 10 10 10 11 0F 10 11 10 0F 0F 0F 11 0F 0F 10 0F 11 11 10 10 0F 10 10 10 11 10 0F 0F 10 10 10 10 0F 11 0F 10 10 10 10 10 10 10 10 10 10 10 
13 13 13 13 13 13 13 13 13 13 13 13 13 13 16 12 12 14 14 11 12 13 12 14 12 13 13 12 13 13 12 11 12 12 12 13 10 10 13 11 11 12 12 13 13 12 13 11 11 13 13 13 13 10 12 13 13 11 12 11 13 13 12 11 12 11 12 14 11 11 10 0F 0F 11 13 0F 11 12 12 11 10 11 11 11 12 13 10 13 12 11 12 11 11 11 12 12 11 12 11 12 0F 12 12 11 12 13 11 11 12 14 12 12 13 13 12 12 11 10 10 12 10 13 11 12 11 12 12 12 12 12 12 12 13 12 13 11 11 13 12 11 12 12 11 14 12 13 11 13 11 12 11 11 11 12 13 13 11 11 11 13 12 12 12 11 13 12 11 0F 11 13 11 11 12 12 12 11 13 12 11 10 0F 11 11 13 10 12 11 10 10 12 12 10 12 13 11 10 12 11 11 10 0F 11 12 11 0E 10 11 10 0F 0F 11 11 10 0F 11 10 10 11 11 12 11 0F 0F 11 11 11 12 11 10 11 10 11 11 11 12 11 0F 0F 10 11 10 10 0F 11 10 10 10 0E 11 0F 10 10 0F 10 10 10 0F 0F 11 10 10 0F 10 0F 11 10 11 10 10 10 11 0F 0F 11 0F 11 11 0F 10 10 10 0F 10 10 10 11 0F 10 10 10 11 10 0F 11 0F 10 0F 11 0E 10 10 10 0F 0F 0F 10 10 10 0E 0F 0F 0F 0F 0F 0F 0F 0F 0F 0F 0F 
13 13 13 13 13 13 13 13 13 13 13 14 13 14 14 12 12 14 13 12 11 12 11 13 13 12 13 12 13 13 11 11 12 12 12 11 11 11 12 11 11 12 12 13 12 12 13 11 10 11 12 13 13 12 12 12 12 11 13 12 13 13 12 11 11 11 11 12 11 11 10 10 0F 10 13 10 10 12 12 12 11 11 11 11 12 13 11 13 12 10 11 11 11 12 12 11 10 12 11 12 10 11 11 12 12 14 11 11 11 12 12 12 13 13 13 12 11 10 10 12 10 14 13 12 11 12 11 13 13 11 12 12 14 12 14 12 13 13 11 12 12 13 13 14 12 13 11 14 11 12 11 11 11 12 12 12 11 11 11 13 12 13 12 11 11 12 11 10 12 13 11 12 11 12 12 12 13 12 11 11 0F 10 12 13 11 12 10 11 11 11 12 11 13 11 11 0F 12 12 11 10 0E 11 11 11 0E 10 11 11 0F 0F 10 11 10 10 11 10 0F 10 11 12 11 0E 10 10 11 11 12 10 10 11 0F 10 11 10 12 10 0F 0F 10 12 11 10 10 12 10 10 10 0E 11 0F 10 11 0F 10 10 10 11 0F 11 0F 11 0E 10 0F 11 10 10 10 0F 10 10 0F 10 10 0F 10 11 10 10 12 10 0F 11 10 11 12 0F 10 10 0F 11 0F 0F 11 10 0F 0F 10 0F 0F 10 0F 0F 10 10 10 10 0F 0E 0F 0F 0F 0F 0F 0F 0F 0F 0F 0F 0F 
12 12 12 12 12 12 12 12 12 12 12 13 15 13 12 13 14 13 13 13 13 13 15 12 14 11 13 13 13 12 11 13 11 14 12 12 12 13 10 11 12 11 11 11 12 12 14 13 11 11 11 13 12 13 11 14 12 13 11 13 12 10 13 14 12 10 11 0F 14 11 11 11 12 12 11 11 12 11 12 12 11 13 13 11 11 12 11 11 13 11 11 11 10 14 13 12 12 11 11 10 11 11 12 12 12 13 11 12 10 12 12 13 12 13 13 11 13 13 12 12 12 12 12 12 13 13 13 13 12 12 14 12 11 13 14 12 12 13 12 11 12 14 13 13 11 12 12 11 12 12 13 14 15 14 13 12 12 11 12 13 12 12 11 12 13 11 12 11 11 11 13 12 13 11 12 11 12 11 12 11 11 12 12 11 13 12 12 11 11 11 11 12 12 12 11 10 11 12 11 12 12 11 11 13 12 11 10 10 12 11 10 11 10 10 10 10 10 10 11 10 12 10 11 10 11 0F 0F 10 10 10 11 11 11 0F 12 10 10 10 0F 11 11 0F 0F 10 11 10 10 10 11 0F 0E 10 10 0F 11 10 11 11 11 0F 0F 11 10 10 10 0F 11 11 10 0F 10 0E 12 10 10 10 0F 12 0F 10 11 10 0F 10 0F 11 0F 10 10 10 11 10 0F 10 0F 10 10 10 11 11 0F 0F 10 10 10 11 0F 11 0F 10 10 10 10 10 10 10 10 10 10 10 
13 13 13 13 13 13 13 13 13 13 13 13 15 14 13 13 14 13 13 14 13 14 15 13 13 12 13 13 13 13 11 13 11 13 12 12 11 13 10 11 11 11 11 10 12 12 13 14 11 12 12 11 12 12 12 13 12 13 11 13 12 11 12 12 11 12 12 0F 13 10 11 10 12 12 11 11 12 11 12 12 10 15 12 11 10 12 12 11 12 11 11 11 11 13 12 13 11 13 11 10 11 11 12 12 11 12 12 12 11 12 11 13 12 12 12 11 13 12 13 13 12 13 12 12 13 13 12 14 12 11 13 13 11 12 14 13 14 13 12 11 11 14 13 13 11 11 12 11 11 13 13 14 14 15 12 12 11 12 13 13 11 11 12 11 12 12 12 12 11 12 14 11 13 11 12 10 12 10 12 11 12 12 13 11 13 12 12 10 10 10 12 12 11 11 10 0F 11 12 11 12 13 11 11 13 11 11 11 0E 12 12 10 12 11 10 10 10 11 11 10 0F 11 11 11 11 12 0F 10 10 10 11 11 11 10 10 11 10 11 10 0F 10 0F 0F 0F 10 10 0F 0F 10 11 10 0E 0F 10 10 11 11 11 10 10 0F 0F 11 10 10 10 0E 11 11 11 0F 0F 0E 11 10 0F 10 0F 11 0F 10 10 10 0F 10 0F 11 0F 10 0F 0F 10 10 0F 11 0F 10 11 10 10 10 0F 10 0F 10 10 11 0F 11 0F 10 10 10 10 10 10 10 10 10 10 10 
13 13 13 13 13 13 13 13 13 13 13 14 13 13 17 12 12 13 13 11 12 12 12 15 13 14 11 12 13 13 13 13 13 12 13 11 10 10 12 11 12 11 13 13 15 11 12 11 13 11 13 13 12 11 13 14 13 12 13 12 12 13 13 12 12 12 11 13 11 11 11 0F 10 10 14 10 10 10 11 12 11 12 12 10 11 12 12 13 13 12 13 11 12 12 13 12 12 12 12 12 0F 12 12 13 12 13 12 12 11 13 13 12 13 13 13 14 11 10 11 14 11 15 12 14 11 14 12 14 12 13 12 12 15 13 13 13 12 15 12 12 13 13 13 15 12 13 12 14 11 12 12 11 12 13 13 13 11 12 12 15 11 13 14 11 13 13 11 10 12 13 12 11 12 12 12 12 13 12 12 10 0E 10 11 13 10 11 11 10 11 12 12 10 12 12 11 10 12 11 10 10 0F 10 11 11 0E 11 11 0F 0F 0F 10 11 10 10 10 10 10 11 11 12 0F 0E 10 12 11 11 11 10 10 12 0F 10 11 11 11 10 0E 0E 10 12 11 10 10 11 10 10 10 0E 11 10 0F 10 0F 10 0F 10 10 0F 11 10 10 0F 10 0F 12 10 11 11 10 10 10 10 10 11 0F 10 10 0F 11 12 11 11 11 10 10 11 10 0F 10 0F 11 0F 0F 11 10 10 10 11 0F 0F 10 10 0F 0F 10 10 10 0F 0E 0F 0F 0F 0F 0F 0F 0F 0F 0F 0F 0F 
13 13 13 13 13 13 13 13 13 13 13 14 13 15 16 13 13 14 14 12 11 13 11 15 13 12 11 13 15 12 13 12 13 11 12 11 10 11 13 11 12 12 12 13 14 11 12 11 11 11 12 14 12 11 12 13 12 12 12 11 13 14 12 11 12 13 11 12 11 12 11 11 10 10 13 10 11 12 12 12 12 11 11 12 12 13 12 13 12 12 13 12 12 12 12 11 12 12 11 13 10 12 12 11 12 13 11 11 11 14 13 12 13 13 13 12 11 12 12 13 11 14 14 13 12 13 13 14 12 13 13 13 15 12 14 12 13 14 13 13 13 13 12 14 13 13 13 13 11 13 12 12 12 13 14 13 11 11 12 14 12 13 14 12 12 13 11 10 12 14 12 11 12 12 13 11 13 12 11 11 10 11 12 14 11 12 11 11 10 11 12 11 12 12 11 10 12 11 10 10 0E 11 11 11 0F 10 10 10 0F 0F 10 11 11 10 12 0F 0F 10 10 12 11 0F 0F 10 11 11 11 10 11 12 10 10 12 11 13 10 0E 0F 10 11 11 10 0F 11 10 10 10 0E 11 0F 0F 10 0F 10 10 10 10 0E 10 10 10 0F 10 0F 11 10 12 10 10 10 10 10 10 11 0F 11 10 0F 12 11 10 10 11 0F 10 11 0F 0F 11 10 11 11 10 11 0F 10 0F 10 0F 10 0F 10 10 0F 0F 10 10 0F 0E 0F 0F 0F 0F 0F 0F 0F 0F 0F 0F 0F 
14 14 14 14 14 14 14 14 14 14 14 14 17 13 13 14 15 13 13 13 13 13 15 12 14 11 13 13 14 13 11 13 11 13 13 12 13 12 11 12 12 10 12 11 13 13 13 13 12 12 11 12 12 12 14 13 12 13 12 13 12 12 14 13 12 11 12 10 13 11 12 11 12 12 10 12 12 11 12 12 11 12 12 11 10 13 10 11 12 11 12 12 11 14 12 13 11 12 14 11 12 11 12 13 13 12 12 12 11 12 12 13 12 13 13 13 13 12 13 14 12 14 14 12 14 14 14 17 14 16 15 13 14 13 14 13 12 13 13 12 11 13 13 13 12 12 14 11 13 14 13 15 15 15 13 14 13 11 12 15 12 13 11 12 14 15 11 12 13 13 14 11 14 12 12 11 12 11 12 13 12 12 13 10 12 12 13 11 11 10 11 11 11 11 11 11 11 11 11 12 11 11 11 12 11 11 10 10 12 11 10 11 12 10 10 10 10 10 11 0F 13 10 11 10 11 10 0F 10 10 10 11 10 10 10 12 0F 11 10 0F 11 11 0E 0F 0F 10 10 10 11 11 10 0F 11 10 10 12 10 11 10 10 10 10 10 10 10 10 0E 11 11 11 10 0F 0E 12 10 10 10 0F 11 0F 10 11 11 0F 0F 0F 11 10 0F 0F 0F 10 10 0F 10 10 10 11 10 11 11 0F 10 0F 10 10 11 0F 11 0E 11 11 11 11 11 11 11 11 11 11 11 
14 14 14 14 14 14 14 14 14 14 14 14 16 12 13 13 14 14 13 14 12 13 15 13 14 12 14 13 13 14 11 13 11 13 12 13 12 12 11 12 12 11 11 12 12 12 14 14 11 12 11 12 12 13 14 13 11 13 13 14 12 11 13 13 12 11 12 0F 13 11 11 11 12 12 11 12 12 11 12 13 11 13 13 11 10 13 11 10 12 12 12 11 11 14 12 13 11 11 12 11 12 11 12 12 13 13 12 13 11 13 12 13 12 13 14 12 14 12 13 13 13 13 13 13 15 14 15 16 13 14 15 16 13 13 16 13 14 15 12 13 12 14 13 14 13 12 13 11 12 13 13 15 15 16 14 12 13 13 12 14 13 14 13 12 13 12 12 12 12 11 13 12 13 12 11 11 12 10 12 11 13 12 13 11 12 12 13 11 11 10 11 12 11 11 11 11 11 12 11 12 12 12 11 11 12 12 11 10 12 12 10 11 11 10 10 10 11 11 11 0F 12 11 12 11 12 0F 0F 11 10 10 11 10 11 10 12 0F 11 10 10 11 10 0F 0F 10 10 10 10 11 11 10 10 10 10 10 11 10 10 10 10 0F 0F 11 10 10 10 10 11 12 10 10 10 0E 12 10 10 10 10 11 0E 10 11 0F 0F 10 10 10 0F 0F 0F 0F 10 10 0F 10 0F 10 11 11 10 11 0F 10 10 10 10 11 10 11 0F 10 10 10 10 10 10 10 10 10 10 10 
15 15 15 15 15 15 15 15 15 15 15 15 14 14 15 13 12 15 14 11 12 14 11 14 13 13 13 11 13 14 13 13 13 13 12 12 11 11 13 12 12 12 13 13 14 12 13 11 10 12 13 13 13 11 12 12 12 12 13 12 12 14 12 12 12 12 11 13 11 12 11 10 10 10 14 11 11 12 12 13 10 12 11 11 11 13 11 13 12 11 12 13 11 12 13 11 12 12 12 13 11 13 13 12 14 14 14 12 13 15 13 13 14 14 13 13 12 12 12 15 13 15 15 16 14 16 15 16 15 16 14 15 17 13 15 13 14 14 12 13 13 14 13 15 13 14 12 14 12 13 12 12 13 13 14 13 12 12 12 15 13 13 14 10 13 14 11 11 12 14 12 11 12 13 12 12 13 13 10 10 10 10 12 14 11 13 11 10 10 11 12 11 12 11 12 10 12 11 11 12 0F 11 11 11 0F 10 10 0F 0F 11 10 11 10 0F 11 10 10 12 11 12 11 0F 0F 12 11 11 12 10 11 12 10 11 11 10 11 10 0F 0E 10 11 11 10 10 11 0F 10 0F 0E 11 0F 0F 10 10 11 0E 11 10 10 10 0F 11 0D 0F 0E 12 11 11 10 11 10 10 10 10 11 0F 10 11 10 11 11 10 0F 11 10 11 11 0E 11 11 0F 11 10 10 11 0F 0F 10 10 0F 0F 10 10 0F 0F 0F 10 0F 0F 0F 10 10 10 10 10 10 10 10 10 10 10 
14 14 14 14 14 14 14 14 14 14 14 15 14 14 14 13 13 14 13 12 12 13 12 13 14 13 13 11 13 13 13 13 13 13 12 12 11 11 12 12 12 12 12 13 14 12 13 11 11 12 13 14 13 12 13 12 12 11 12 12 12 13 12 11 12 12 11 13 11 11 11 10 10 11 14 10 12 12 13 11 11 12 11 12 12 13 11 13 13 11 12 13 11 13 13 13 11 12 11 13 10 13 12 12 12 15 12 11 13 13 13 13 14 14 13 15 13 12 12 14 12 15 17 16 13 15 15 16 16 16 16 16 18 14 15 13 14 15 13 14 13 13 13 15 14 14 13 15 12 12 13 12 13 14 14 14 11 12 12 15 13 13 13 11 13 13 13 10 12 14 12 12 12 12 13 13 13 12 12 10 0F 11 13 13 11 13 11 11 11 11 12 12 12 11 11 10 11 12 11 10 0F 11 11 12 0F 11 11 10 0F 0F 10 10 11 0F 11 0F 10 12 12 11 10 0E 0F 10 11 10 12 10 10 12 10 10 11 11 12 10 0F 0F 10 11 11 10 10 12 0F 10 0F 0F 11 0F 10 10 10 10 10 10 11 0F 11 10 11 0F 11 10 11 0F 11 11 10 0F 10 0F 11 11 0F 10 10 0F 10 11 10 10 11 10 10 12 0F 10 11 10 11 10 10 12 0F 0F 0F 10 0E 10 10 10 10 10 0F 10 10 0F 0E 0E 0E 0E 0E 0E 0E 0E 0E 0E 0E 0E 
15 15 15 15 15 15 15 15 15 15 15 14 15 13 14 13 15 14 14 15 13 15 16 13 16 13 14 13 15 14 13 14 11 14 13 13 13 13 12 12 13 11 11 12 13 13 13 13 12 12 12 13 13 13 13 14 12 14 13 14 12 10 13 13 12 11 13 10 13 12 11 11 13 12 10 13 12 10 12 12 11 15 13 12 12 13 11 12 12 12 11 12 11 14 13 14 12 12 12 13 12 12 13 12 14 13 12 13 13 12 12 14 12 14 13 12 15 14 13 15 13 14 14 16 18 17 1A 19 17 16 19 17 16 15 17 15 14 15 17 13 13 15 14 14 13 13 14 13 14 14 16 16 16 16 14 13 14 13 13 13 14 13 13 12 13 13 12 12 13 12 14 13 13 13 12 10 12 11 11 11 12 13 13 12 14 12 13 11 10 11 11 12 12 12 11 11 11 12 11 13 12 12 12 13 12 12 10 10 14 12 10 12 11 10 10 10 11 12 11 0F 12 10 11 11 12 11 10 11 10 11 11 10 10 10 12 10 11 10 10 11 10 0F 0F 11 11 10 10 10 11 10 0F 10 10 10 12 11 10 11 11 10 10 10 10 10 10 0F 11 12 11 10 0F 0F 12 10 10 10 0F 11 0F 10 11 10 0F 10 0F 11 10 10 10 0F 11 10 10 10 0F 10 11 10 11 11 0F 0F 10 10 10 11 0F 11 0F 10 10 10 10 10 10 10 10 10 10 10 
15 15 15 15 15 15 15 15 15 15 15 13 16 13 13 14 15 14 13 15 13 13 14 13 15 13 13 14 14 13 11 14 12 14 13 13 13 13 11 13 12 12 11 12 12 12 14 14 12 12 11 12 13 13 12 14 13 14 13 13 13 11 14 13 12 11 12 10 13 11 12 12 13 12 10 12 12 12 12 13 12 14 11 11 11 14 12 12 13 12 11 11 12 14 13 13 12 12 12 11 12 12 14 11 13 13 13 13 12 13 12 14 13 15 14 13 14 14 14 15 13 14 15 14 18 16 18 1B 17 18 1A 1B 17 17 16 16 15 16 14 14 14 15 15 15 13 13 14 13 15 14 14 16 17 16 15 14 14 12 13 15 13 13 13 13 14 12 13 12 13 11 14 11 13 12 12 11 12 11 11 11 13 13 14 12 15 11 14 12 12 11 11 12 11 12 11 11 11 12 11 12 12 11 12 12 12 12 11 10 13 12 11 12 11 10 10 10 10 11 11 11 12 11 11 10 12 0F 10 11 10 11 12 11 11 11 11 10 11 10 10 11 0F 0E 10 10 10 10 10 10 11 10 0F 10 10 10 11 10 11 11 10 10 0F 11 0F 11 10 0F 11 11 11 10 0F 0F 12 10 10 11 0F 11 0F 11 10 10 0F 10 0F 10 10 0F 0F 0F 10 10 0F 10 0F 11 11 10 11 10 0F 0F 0F 11 10 10 10 11 0E 10 10 10 10 10 10 10 10 10 10 10 
15 15 15 15 15 15 15 15 15 15 15 16 13 15 15 14 13 16 14 13 12 13 13 15 13 13 14 13 13 13 13 14 14 12 13 11 12 11 14 12 13 11 14 13 13 12 14 12 11 12 13 14 14 12 14 14 15 12 13 13 14 14 13 11 12 12 12 13 11 11 11 10 10 11 13 11 11 13 12 12 11 12 12 11 13 14 12 13 13 12 13 13 12 12 14 12 12 12 13 13 10 13 13 12 13 14 12 12 13 14 15 14 14 15 13 14 13 11 13 15 13 15 15 16 17 19 19 19 19 1A 1D 19 1B 18 18 17 17 19 17 15 14 15 17 17 15 15 14 15 13 14 13 13 14 15 16 15 13 13 13 15 13 13 14 12 14 13 12 12 14 14 12 12 13 13 14 12 13 12 12 11 11 10 12 13 12 12 12 10 12 12 13 11 12 12 12 11 13 11 11 10 10 11 12 12 0F 12 12 11 0F 0F 11 11 11 10 12 11 10 11 11 11 11 0F 10 11 10 12 12 10 10 11 10 10 12 11 13 10 0F 0F 10 11 11 0F 10 11 10 10 10 0E 11 0F 11 11 0F 11 10 10 10 0F 12 10 11 0F 10 10 12 10 11 11 0F 10 10 0F 10 11 0F 10 10 10 11 11 10 10 11 10 10 12 0F 10 11 10 11 10 0F 12 10 10 0F 11 10 10 10 10 10 10 0F 10 10 0F 0E 0F 0F 0F 0F 0F 0F 0F 0F 0F 0F 0F 
14 14 14 14 14 14 14 14 14 14 14 16 14 16 15 12 13 15 15 13 12 13 13 14 13 14 13 12 13 14 13 13 13 13 13 12 12 11 13 12 13 12 13 12 14 13 13 11 11 13 13 14 13 11 14 13 13 12 13 12 13 13 12 11 12 12 10 13 12 11 11 10 10 11 14 10 11 12 12 12 10 12 12 11 11 14 13 13 12 11 13 12 13 12 13 13 12 13 12 14 11 12 13 13 13 14 12 12 14 14 14 15 13 14 14 15 13 11 13 14 12 16 15 15 15 18 17 19 1B 1A 1A 1A 1C 19 19 17 17 17 15 15 14 15 15 16 16 15 15 15 13 15 13 15 15 14 15 15 13 13 12 16 13 15 14 12 13 13 12 10 14 14 12 12 13 13 14 13 13 12 12 11 10 11 12 13 12 12 12 11 12 12 13 10 13 12 12 10 12 12 11 11 11 11 11 11 0F 12 10 11 0F 0F 10 11 11 0F 11 10 0F 11 11 12 11 0F 10 11 11 11 12 10 11 12 11 11 11 11 12 10 0F 10 11 12 11 10 10 11 0F 10 10 0F 11 0F 11 10 10 11 10 10 11 10 11 10 10 0F 10 10 12 10 12 11 10 11 10 11 11 11 0F 10 11 10 11 11 10 10 11 10 10 11 0F 0F 11 10 11 11 0F 12 0F 0F 0F 11 0F 10 0F 0F 0F 0F 0F 10 0F 0F 0E 0F 0F 0F 0F 0F 0F 0F 0F 0F 0F 0F 
14 14 14 14 14 14 14 14 14 14 14 14 16 14 14 14 16 14 14 15 13 14 16 14 14 12 14 14 14 13 14 14 12 14 12 13 14 13 11 11 13 11 11 12 12 13 15 14 13 12 12 12 13 13 14 14 12 14 12 13 12 12 13 13 13 12 13 10 14 11 12 11 13 12 11 12 13 11 13 12 11 13 12 11 11 14 11 12 12 12 12 12 12 14 14 14 13 12 12 10 13 11 14 13 14 14 12 14 12 13 13 15 13 15 14 14 14 13 14 15 14 14 14 16 17 19 1A 1C 1B 1C 1B 1B 1A 1A 1C 19 17 18 18 17 15 18 15 16 15 15 16 14 15 14 16 17 17 16 17 15 15 14 14 15 14 14 13 13 13 14 12 12 13 13 14 13 15 14 12 11 12 11 13 11 12 13 13 12 13 13 12 11 11 11 12 13 13 12 12 11 11 11 11 13 12 13 12 13 13 12 11 10 13 12 11 12 11 11 10 10 11 11 11 0F 12 11 12 12 12 10 0F 11 11 11 11 10 11 10 13 11 10 10 10 11 10 0F 10 0F 11 11 10 10 11 10 0F 10 10 0F 12 11 11 11 10 10 0F 10 10 10 10 0F 11 12 11 10 0F 0E 11 10 10 11 10 12 0F 10 11 10 10 0F 0F 11 10 0F 0F 0F 11 10 0F 11 0F 10 11 10 11 11 0F 10 10 11 10 11 0F 11 0F 10 10 10 10 10 10 10 10 10 10 10 
14 14 14 14 14 14 14 14 14 14 14 15 17 14 14 14 15 14 14 15 13 14 16 14 15 12 13 15 14 14 13 14 13 14 12 14 13 13 12 11 12 12 12 12 13 13 14 14 12 12 12 13 13 13 13 12 12 13 13 14 13 12 14 13 12 11 14 10 13 12 12 10 13 12 10 12 12 11 12 13 11 14 13 11 11 14 12 11 12 12 11 12 11 14 15 14 14 13 12 11 13 11 14 13 12 14 13 14 11 13 13 14 13 15 14 13 15 13 14 14 13 15 13 15 17 15 19 1A 1A 18 1C 1D 1B 1C 1C 1C 1A 1A 17 16 16 18 15 16 14 15 16 14 14 15 16 16 17 17 15 14 15 14 15 15 14 14 14 13 14 13 13 12 12 12 15 12 13 13 12 11 12 11 12 12 12 13 14 11 13 13 12 11 11 10 11 13 12 12 11 11 12 11 11 12 13 11 12 12 12 11 11 10 13 12 11 12 11 10 10 10 11 10 11 10 12 10 11 10 11 10 10 12 10 11 12 10 10 10 11 10 11 0F 10 11 10 0E 10 10 11 10 10 11 11 10 0F 10 10 10 11 10 11 11 11 10 0F 11 10 11 10 0E 11 11 10 0F 10 0E 12 10 0F 11 0F 12 0F 10 11 10 0F 10 10 11 0F 10 10 10 10 10 0F 10 0F 10 10 11 11 10 0F 0F 10 11 10 11 10 11 0F 10 10 10 10 10 10 10 10 10 10 10 
15 15 15 15 15 15 15 15 15 15 15 16 14 16 16 15 14 15 15 13 13 13 12 15 14 14 13 12 14 14 14 13 14 13 12 12 12 11 13 12 13 12 13 13 13 13 14 11 11 12 13 15 13 12 14 12 13 11 13 13 14 14 13 11 14 12 11 13 11 13 11 11 10 11 13 12 11 13 12 12 11 12 13 12 13 13 12 13 14 12 13 12 14 14 13 13 13 14 14 13 10 12 12 14 14 15 13 12 13 14 13 13 14 15 14 15 13 13 13 16 12 16 15 15 15 18 17 1B 1B 1C 1D 1C 20 1C 1D 1A 1B 1B 1A 18 16 18 15 16 15 15 14 17 13 15 15 13 15 16 17 17 13 14 13 17 14 16 16 14 14 14 13 12 13 14 12 12 13 14 13 13 14 13 11 12 11 10 13 14 11 14 12 12 12 12 12 11 13 12 13 11 13 12 11 11 10 11 12 12 10 12 11 10 0F 11 11 11 10 10 11 10 10 11 11 12 11 0E 11 11 11 12 13 10 12 11 11 11 11 11 11 10 0F 0F 11 11 12 10 10 11 11 0F 0F 0E 11 10 10 10 0F 11 10 11 11 0F 11 0F 11 0F 10 0F 12 10 11 11 10 11 10 10 10 11 0F 11 11 10 11 11 10 10 10 10 11 12 0F 0F 11 0F 11 10 0F 11 10 10 10 11 10 10 10 10 0F 0F 10 10 0F 0F 0F 0E 0E 0E 0E 0E 0E 0E 0E 0E 0E 0E 
15 15 15 15 15 15 15 15 15 15 15 16 15 15 15 13 13 15 16 13 13 14 12 14 13 15 12 15 14 13 14 14 13 13 12 13 11 11 14 11 12 12 14 13 14 12 13 11 11 12 14 14 13 13 14 13 12 13 13 12 13 13 12 11 12 12 11 13 11 11 11 10 10 11 14 11 12 12 12 13 11 12 12 11 12 14 11 14 13 12 12 12 12 13 13 13 12 13 12 13 10 13 13 12 13 14 13 13 13 15 14 13 14 15 14 14 14 12 13 13 13 16 15 15 14 15 16 18 1A 1B 1B 1D 20 1B 1C 1A 1B 1A 1C 18 19 17 16 18 16 16 16 17 14 15 15 15 15 16 16 16 15 12 15 16 15 16 15 12 14 14 11 12 12 14 12 11 13 13 14 11 15 13 12 11 11 11 13 14 11 13 12 12 12 13 13 11 13 12 11 10 12 12 10 11 10 11 12 12 0F 12 11 11 10 10 10 11 11 0F 11 10 0F 10 11 11 11 0E 11 11 12 13 12 11 11 11 10 10 11 11 11 10 0F 0F 11 11 11 10 10 11 10 10 10 0E 11 10 11 11 10 11 10 11 11 0F 10 10 11 0F 10 0F 12 10 11 11 0F 10 10 10 10 11 0F 10 11 10 11 11 10 10 10 10 11 12 0F 10 10 0F 11 10 10 10 10 10 0F 10 0F 10 10 11 0F 0F 10 0F 0F 0F 0E 0E 0E 0E 0E 0E 0E 0E 0E 0E 0E 0E 
16 16 16 16 16 16 16 16 16 16 16 15 16 15 14 15 16 14 15 16 14 14 16 15 15 14 14 14 15 13 13 14 13 14 13 14 15 14 12 12 13 12 12 12 13 12 14 14 12 13 12 13 13 14 14 14 13 14 13 14 13 12 13 14 13 12 13 11 13 11 13 12 12 12 11 12 12 11 13 13 11 14 13 11 11 15 13 12 13 12 11 12 11 16 14 14 13 14 14 12 12 12 12 14 15 15 13 14 12 13 13 15 14 15 14 14 16 14 14 14 14 14 14 15 16 17 19 1A 1A 19 1A 1D 19 1C 1E 1C 1A 1C 1B 19 18 19 16 17 16 16 16 14 16 16 16 18 18 17 15 15 15 13 15 16 15 15 14 13 15 14 13 14 13 13 15 12 14 12 13 11 12 12 13 12 14 13 14 12 13 13 13 12 11 11 13 13 12 12 11 11 12 12 12 13 13 12 11 13 11 12 10 10 13 12 11 12 11 10 12 10 11 12 11 0F 13 11 11 11 11 10 0F 11 10 11 12 0F 11 11 11 10 11 11 10 11 10 0F 0F 10 11 11 11 11 11 11 10 10 11 10 11 11 10 11 11 0F 0F 10 11 10 11 0F 11 11 11 10 0F 0E 12 10 11 10 10 12 0F 10 11 11 0F 11 10 12 10 10 0F 10 12 10 0F 10 10 11 10 10 11 11 0F 0F 10 11 0F 10 0F 11 0F 10 10 10 10 10 10 10 10 10 10 10 
16 16 16 16 16 16 16 16 16 16 16 14 17 15 13 15 15 14 15 16 13 14 15 14 15 12 15 14 14 13 12 15 13 14 13 13 13 14 11 12 13 12 12 12 13 12 15 15 13 13 12 12 12 13 13 14 13 14 13 14 13 11 14 13 12 12 12 10 13 11 13 12 13 12 11 12 12 11 13 13 11 13 12 12 11 14 12 11 14 13 11 13 12 14 14 13 12 11 12 12 12 12 13 13 14 14 12 14 11 13 13 15 13 15 14 13 14 14 15 14 14 14 14 14 18 15 17 18 18 18 1B 1A 1B 1C 1C 1C 1D 1C 19 18 1A 19 17 17 15 15 16 15 16 16 18 18 17 18 15 14 15 14 15 15 15 14 14 14 13 14 13 13 12 12 14 13 13 12 13 12 13 11 12 11 12 13 13 11 12 12 12 12 10 10 11 13 11 12 11 12 12 13 12 13 13 12 12 12 12 12 10 10 13 11 11 11 12 11 11 12 12 11 12 0F 13 12 11 10 11 0F 10 11 10 10 12 10 10 10 11 10 11 10 0F 11 10 0F 10 10 11 10 10 12 12 10 0E 11 10 0F 11 10 11 11 10 10 0F 11 11 11 10 0E 10 11 10 10 0F 0E 12 10 10 11 0F 11 0F 10 11 10 0F 10 0F 10 0F 10 0F 0F 11 10 0F 10 0F 10 10 10 11 11 0F 10 10 11 10 11 0F 11 0F 10 10 10 10 10 10 10 10 10 10 10 
16 16 16 16 16 16 16 16 16 16 16 17 17 18 18 15 14 17 15 13 13 13 13 15 14 14 13 15 15 13 13 13 14 12 13 12 13 13 13 12 13 12 14 13 14 13 12 12 13 13 14 15 13 13 13 13 12 13 12 13 13 14 14 12 12 12 12 14 12 12 11 10 0F 12 14 10 11 13 12 13 12 13 13 11 12 14 12 13 14 13 13 12 12 13 14 13 13 15 14 14 11 13 13 14 13 16 13 12 13 16 13 14 15 14 14 16 13 12 13 14 13 16 15 16 14 15 15 18 17 19 19 1A 1B 1B 1C 1C 1B 1C 1B 1B 1B 19 18 1A 18 18 16 17 13 15 16 14 14 16 16 16 14 13 15 17 15 14 15 14 14 13 12 12 13 14 13 12 13 13 13 12 14 13 13 13 10 13 13 14 11 12 11 11 12 13 13 11 13 13 11 11 13 12 11 11 0F 11 12 12 0E 11 11 10 10 10 10 12 10 0F 11 11 10 12 12 12 11 0F 10 11 12 12 12 11 10 12 10 11 11 11 12 10 0F 0F 11 11 11 10 0F 11 10 11 10 0E 11 0F 10 11 0F 10 10 10 11 0F 11 10 12 0F 10 0F 12 10 11 11 10 11 11 10 10 11 0F 12 10 10 11 11 10 11 11 10 11 12 0F 10 11 10 12 10 10 11 10 10 10 11 0F 10 11 10 0E 0F 0F 10 10 0F 0F 0E 0E 0E 0E 0E 0E 0E 0E 0E 0E 0E 
15 15 15 15 15 15 15 15 15 15 15 17 16 17 17 14 15 16 15 13 12 14 13 16 14 15 14 14 15 13 13 13 15 13 13 13 11 12 14 12 13 13 13 13 14 13 13 11 12 13 13 14 13 12 13 14 12 12 13 12 13 14 12 11 12 12 12 13 13 11 11 10 11 11 13 11 11 11 12 12 11 13 13 11 13 14 11 14 12 12 13 12 13 13 13 12 12 13 13 13 10 13 13 14 13 15 13 12 13 15 14 14 15 15 13 14 13 12 14 15 12 15 16 15 14 15 15 18 17 17 18 19 1B 1A 1C 1A 1B 1C 1B 19 18 19 19 1A 17 17 16 18 14 15 15 14 16 16 16 15 13 14 14 16 14 15 15 14 14 13 12 11 13 14 13 13 13 14 13 12 13 13 13 11 10 11 12 14 11 12 11 12 12 12 12 10 12 13 12 10 13 12 11 11 10 13 11 12 0F 11 11 11 0F 10 11 11 11 10 11 10 10 11 11 12 10 0F 10 12 11 12 11 11 10 11 10 11 11 11 12 11 0F 0F 10 11 11 10 10 11 10 10 10 0E 12 10 10 11 0F 10 10 10 10 0F 11 0F 11 0F 0F 10 11 10 12 10 10 10 11 0F 11 11 0F 12 10 10 11 11 10 10 11 10 11 11 0F 10 11 10 11 10 0F 11 10 0F 0F 11 0F 0F 10 0F 0F 0F 11 10 10 0F 0D 0E 0E 0E 0E 0E 0E 0E 0E 0E 0E 0E 
16 16 16 16 16 16 16 16 16 16 16 15 17 16 15 15 18 15 15 15 15 15 17 15 16 13 14 14 15 13 14 15 13 16 13 13 13 14 15 13 13 12 12 12 14 12 14 14 12 13 12 14 13 14 14 14 13 14 13 13 13 13 14 13 13 13 12 10 14 11 12 11 13 13 11 12 13 12 12 13 12 14 13 12 12 14 12 12 13 13 12 12 11 14 14 14 13 13 13 12 12 13 14 13 14 14 13 14 12 14 12 14 14 15 13 12 15 16 13 14 14 13 14 14 15 14 16 18 15 16 17 19 18 1A 1A 19 1A 1B 19 1B 1A 1A 1A 18 18 17 16 16 16 17 17 17 19 17 15 15 16 15 14 15 14 14 15 14 15 14 14 13 13 13 15 13 14 13 13 11 13 11 12 11 14 14 15 12 13 13 14 12 11 11 12 12 11 11 12 11 12 12 12 13 12 11 12 12 12 12 12 10 13 12 11 12 10 10 10 11 11 11 11 10 12 10 11 11 10 10 0F 10 10 11 12 10 10 11 12 10 11 10 10 11 10 10 0F 11 10 10 10 11 10 0F 0F 0F 11 10 11 11 10 11 10 10 0F 11 11 11 10 0F 12 12 11 10 10 0E 13 10 11 11 10 12 0F 10 11 10 0F 10 10 11 10 10 10 10 11 11 0F 10 0F 10 11 10 11 11 0F 10 10 10 11 10 10 10 0E 10 10 10 10 10 10 10 10 10 10 10 
16 16 16 16 16 16 16 16 16 16 16 15 19 15 14 16 16 15 15 16 15 15 16 16 15 13 15 14 15 14 13 13 12 14 13 13 14 14 12 14 13 12 12 12 12 13 14 14 13 14 13 12 12 13 13 14 12 15 12 14 13 11 13 13 12 12 13 10 14 12 12 11 13 13 11 12 12 11 13 13 12 13 12 11 12 14 12 11 12 12 12 13 12 14 13 13 13 11 13 11 12 11 14 12 13 14 14 13 12 14 12 15 14 14 13 13 14 14 15 15 12 14 14 14 14 15 15 16 17 15 18 18 17 19 1B 19 1A 1B 1B 1A 19 1A 18 19 18 18 18 16 16 16 16 16 18 17 16 14 14 14 15 14 14 15 14 14 14 13 14 14 13 11 15 14 15 12 13 11 12 12 12 12 14 14 14 12 13 13 13 11 11 10 13 13 11 12 12 12 11 12 12 12 13 12 12 13 12 12 11 10 13 13 11 12 11 11 11 11 11 11 12 10 13 11 11 11 11 10 0F 10 10 10 11 11 10 10 12 10 10 11 10 11 10 0F 0F 10 10 10 10 12 12 10 10 10 10 0F 11 11 11 11 10 10 0F 10 10 10 11 0E 11 11 11 10 0F 0E 11 10 0F 11 0F 12 0F 10 11 10 0F 10 0F 11 10 0F 10 10 10 10 10 11 0F 10 11 10 10 10 0F 10 11 10 11 11 10 11 0F 10 10 10 10 10 10 10 10 10 10 10 
17 17 17 17 17 17 17 17 17 17 17 17 16 16 17 16 15 16 14 14 13 14 14 17 15 14 14 14 14 13 14 15 13 13 13 13 12 12 14 13 14 13 15 13 13 13 13 13 12 12 14 14 13 11 15 13 13 12 13 13 13 14 13 11 13 14 13 13 12 12 11 11 11 11 14 12 11 13 13 14 12 12 13 11 13 14 12 14 14 12 13 13 12 12 13 13 12 13 13 14 11 13 12 12 13 14 12 12 13 16 13 14 14 14 14 14 13 11 12 14 12 14 15 15 14 15 14 16 16 16 17 17 1A 16 19 18 19 1A 1A 17 19 1A 18 1A 19 18 16 18 13 16 15 14 14 17 16 15 14 13 14 16 14 14 14 14 15 15 13 11 14 15 12 12 13 12 13 12 14 13 12 11 10 13 12 14 12 13 11 12 12 13 13 11 12 12 12 10 13 12 11 12 10 11 11 13 0E 11 12 10 0F 0F 11 12 11 11 11 10 10 12 11 13 11 0F 10 11 12 12 12 11 11 11 0F 11 11 11 13 11 0F 10 11 11 11 10 10 12 10 10 10 0F 11 10 10 11 0F 10 0F 11 11 0F 11 10 12 0F 10 10 12 10 11 11 11 10 11 10 11 11 0F 11 10 10 12 12 11 10 11 10 11 11 10 10 12 0F 12 10 0F 11 0F 0F 0F 11 0F 0F 10 10 10 10 0F 11 10 0F 0E 0F 0F 0F 0F 0F 0F 0F 0F 0F 0F 0F 
17 17 17 17 17 17 17 17 17 17 17 17 14 16 17 15 14 15 16 15 14 14 13 15 15 14 14 14 14 14 16 13 14 13 13 12 11 12 14 11 13 13 14 14 15 12 14 12 12 12 14 14 14 11 13 13 12 12 13 12 13 13 13 12 12 13 11 13 11 12 11 10 10 11 14 11 11 13 13 11 11 12 12 11 13 14 12 13 13 11 14 12 11 13 13 12 13 13 13 14 11 13 13 12 13 14 12 12 13 14 13 14 14 14 13 14 12 14 12 13 12 15 14 14 12 15 14 15 16 15 16 17 19 16 18 19 18 19 1A 17 1A 1A 19 1B 19 18 16 17 15 16 16 15 14 15 15 14 14 13 15 15 15 15 13 13 14 14 13 12 13 14 12 12 13 13 13 13 13 12 12 11 10 11 12 13 12 13 13 12 11 12 12 11 12 12 12 11 13 11 11 12 0F 11 12 11 0F 11 11 10 10 10 10 11 12 10 11 10 0F 11 11 12 11 0F 11 11 11 11 12 10 10 12 10 10 11 11 13 11 0F 0F 11 12 12 10 10 11 10 11 10 0E 11 0F 10 11 10 10 10 11 11 0F 11 10 11 0F 10 0F 11 10 11 11 11 10 11 10 10 11 0F 10 11 0F 11 11 0F 10 10 10 10 11 0F 10 10 10 11 10 0F 11 10 0F 0F 11 0F 10 10 10 0F 10 0F 10 11 10 0E 0E 0E 0E 0E 0E 0E 0E 0E 0E 0E 0E 
19 19 19 19 19 19 19 19 19 19 19 16 17 16 15 15 17 16 16 17 15 15 16 15 17 14 15 15 15 15 13 15 12 16 13 14 14 13 13 13 13 12 12 11 14 13 14 14 12 13 12 12 13 14 13 14 13 13 13 14 13 11 14 14 13 12 12 11 14 11 12 11 13 13 11 12 13 12 13 11 11 14 13 13 12 13 13 11 13 13 12 12 12 14 13 13 13 13 12 12 12 12 13 12 14 14 13 12 12 12 12 15 13 14 14 13 14 13 13 14 12 13 12 12 15 14 15 15 14 14 16 16 15 18 19 18 18 19 17 17 18 1A 17 1A 16 16 17 15 18 16 17 18 17 18 14 14 15 14 14 15 15 14 13 14 14 13 13 13 13 13 15 13 14 13 12 12 12 11 13 12 12 14 13 13 13 12 13 12 11 11 12 13 12 12 11 11 12 12 12 12 13 12 12 13 12 12 11 10 13 12 12 12 11 11 11 10 11 10 11 10 12 11 11 10 11 10 10 10 11 11 11 11 11 11 12 11 11 10 10 11 11 0F 10 10 10 10 10 11 11 10 0F 10 11 0F 11 11 10 11 11 10 0F 11 11 12 11 0E 11 12 11 10 10 0E 12 10 10 10 0F 12 0E 10 10 10 0F 10 0F 11 10 10 10 10 11 10 0F 10 10 10 11 10 11 11 0F 0F 10 11 10 10 10 12 0F 10 10 10 10 10 10 10 10 10 10 10 
16 16 16 16 16 16 16 16 16 16 16 16 19 17 15 15 17 16 16 15 15 15 16 14 16 14 14 14 16 14 13 14 12 16 13 13 13 14 12 13 12 12 11 12 13 13 14 14 13 13 13 13 13 13 13 13 13 14 13 14 13 12 14 14 13 12 12 10 14 12 12 12 13 12 12 12 12 12 13 12 12 14 13 12 11 14 12 13 13 15 11 12 11 14 13 13 14 13 13 12 12 13 14 12 14 14 12 13 12 14 12 14 14 14 14 12 14 13 14 14 12 14 14 13 15 13 15 16 13 14 17 16 16 16 18 17 17 18 19 17 18 19 17 18 16 16 17 15 15 16 17 17 18 17 15 14 15 12 14 14 15 13 14 14 15 14 13 14 13 14 14 12 14 13 12 11 12 11 12 12 14 13 14 12 13 13 13 11 11 10 12 12 12 11 12 12 12 12 12 12 13 11 12 12 12 12 11 10 13 12 11 12 10 10 10 11 11 11 11 0F 12 11 11 10 11 10 10 11 10 10 12 12 11 10 12 0F 11 11 10 11 10 0F 0F 10 10 11 10 11 11 10 10 10 10 0F 11 11 11 11 10 0F 0F 11 10 11 11 0F 11 12 11 10 0F 0E 12 10 10 11 0F 12 10 10 10 10 0F 10 0F 12 10 0F 10 10 11 10 0F 10 10 11 11 10 11 11 10 0F 10 11 10 10 0F 11 0F 10 10 10 10 10 10 10 10 10 10 10 
16 16 16 16 16 16 16 16 16 16 16 18 17 19 18 16 14 17 15 15 14 15 15 16 15 15 14 15 15 15 15 15 15 14 15 15 13 13 15 12 14 13 14 14 14 13 15 12 13 13 13 14 14 13 13 14 14 12 13 13 13 14 14 12 13 13 12 13 12 12 11 11 11 12 14 11 11 12 12 12 11 13 13 11 12 13 12 14 13 11 12 13 12 13 12 12 13 13 12 13 11 12 13 13 13 14 12 13 12 15 13 14 13 15 13 13 13 11 12 14 12 14 14 14 13 14 14 15 15 16 15 15 18 16 17 15 17 18 18 16 16 16 17 19 17 18 17 16 15 17 16 14 14 16 15 15 14 13 14 15 14 14 14 12 15 14 12 11 13 15 14 12 14 13 13 12 14 13 12 11 10 10 13 16 11 13 12 11 13 12 12 11 13 13 12 11 13 12 12 11 10 12 12 11 0F 13 11 10 10 10 11 11 12 10 11 11 10 11 11 12 12 0F 11 13 11 12 12 10 10 12 11 11 11 11 12 11 10 10 11 11 12 10 10 11 10 11 10 0E 11 11 11 11 11 11 10 11 11 10 11 11 12 0F 10 0F 12 10 11 11 10 10 11 0F 11 12 0F 10 11 0F 11 11 10 10 11 10 10 12 10 10 11 10 12 11 10 12 11 10 0F 11 0F 10 10 10 10 10 10 10 10 10 0F 0E 0E 0E 0E 0E 0E 0E 0E 0E 0E 0E 
18 18 18 18 18 18 18 18 18 18 18 17 16 17 18 16 14 16 17 14 14 16 14 16 14 15 15 14 15 15 15 14 15 14 13 13 12 12 14 12 14 13 14 14 14 13 13 12 12 13 13 14 14 11 13 13 13 13 13 14 14 14 12 12 13 13 11 13 12 12 11 10 10 10 14 10 12 13 13 12 12 13 13 12 13 13 11 13 13 11 12 12 12 13 14 13 12 13 12 14 10 12 13 14 12 14 12 10 13 14 14 13 14 15 13 13 12 11 12 13 11 15 14 13 12 14 13 14 14 14 14 14 17 15 16 16 17 18 16 17 17 16 16 18 17 16 16 17 14 16 15 14 14 16 15 14 13 13 13 15 13 14 15 13 14 14 12 11 12 14 13 12 13 13 13 13 13 13 12 11 10 11 12 15 11 12 11 12 11 12 12 10 13 12 12 10 13 11 11 11 10 11 12 11 0F 12 12 11 10 10 10 11 11 10 11 11 10 12 11 12 12 0F 11 11 11 12 12 11 11 11 11 11 10 11 12 11 0F 0F 11 10 11 10 10 12 10 10 10 0F 11 10 10 11 10 11 10 11 10 10 11 10 11 0F 0F 0F 11 10 11 11 0F 10 10 10 10 10 0F 10 10 10 11 12 11 10 11 0F 11 11 0F 0F 11 10 11 0F 10 11 10 10 10 11 0F 10 10 10 0F 10 10 10 10 0F 0E 0F 0F 0F 0F 0F 0F 0F 0F 0F 0F 0F 
16 16 16 16 16 16 16 16 16 16 16 17 1A 18 16 17 17 16 17 17 15 16 17 15 17 14 15 16 15 15 14 14 13 15 14 13 14 14 12 13 13 12 14 13 14 13 14 15 13 13 13 13 13 14 13 14 13 14 13 14 13 12 13 14 13 11 12 11 13 12 12 11 14 13 12 12 14 11 13 13 12 14 13 11 12 14 13 11 13 13 12 11 12 14 13 14 13 13 11 11 12 12 13 13 13 13 11 13 13 14 12 14 11 13 14 12 14 13 13 13 12 14 13 12 14 14 15 15 14 14 15 14 14 14 17 15 16 17 16 16 16 17 16 18 15 16 17 14 17 15 16 17 16 17 14 13 13 14 14 15 13 14 13 13 13 13 13 13 13 12 15 13 14 13 12 11 13 11 12 12 12 13 13 12 14 13 13 11 11 10 12 13 12 12 11 11 11 12 12 12 12 12 11 13 12 11 11 10 13 12 11 12 11 11 11 10 12 11 11 0F 13 11 11 11 12 0F 10 10 11 10 12 10 11 11 13 10 12 10 10 11 10 0F 10 11 11 11 0F 11 11 10 0F 10 10 10 11 11 12 11 11 11 0F 11 10 11 10 0F 13 13 11 0F 0F 0E 12 10 10 11 0F 11 10 10 11 10 0F 11 0F 11 10 0F 0F 10 11 10 0F 10 10 10 11 10 10 0F 0F 10 10 10 10 11 0F 10 0F 10 10 10 10 10 10 10 10 10 10 10 
16 16 16 16 16 16 16 16 16 16 16 16 1A 16 16 17 18 17 15 17 16 16 17 17 16 16 16 15 16 15 13 16 12 16 14 14 15 14 13 13 13 13 12 12 13 13 14 15 13 13 13 13 13 13 14 14 13 14 12 14 13 12 13 13 14 13 13 11 13 13 11 12 12 14 11 13 13 11 13 13 12 14 13 11 12 14 11 11 13 12 12 12 11 14 13 14 12 12 13 11 12 12 13 12 13 14 12 13 11 12 13 14 13 15 13 12 14 13 13 13 13 14 13 13 16 14 14 14 14 13 15 15 14 15 14 15 15 16 15 15 16 18 16 16 15 15 15 15 16 16 15 17 16 16 14 15 13 13 14 14 13 14 13 13 14 14 14 12 12 13 15 13 14 13 12 10 13 10 12 11 13 12 14 12 13 14 13 12 11 10 12 13 11 11 11 12 11 13 11 12 13 12 11 13 12 11 11 10 13 12 11 13 11 10 11 12 10 10 11 10 13 11 11 11 12 0F 11 11 10 11 12 11 11 11 12 10 12 11 10 11 10 0E 0F 10 11 11 10 10 11 11 0E 10 10 10 12 11 11 12 10 10 10 10 10 10 11 0F 11 11 11 10 0F 0E 13 11 10 11 0F 12 0F 11 11 10 0F 10 0F 11 10 10 10 10 11 10 10 10 10 10 10 11 10 10 0F 0F 10 11 10 10 10 11 0F 10 10 10 10 10 10 10 10 10 10 10 
1A 1A 1A 1A 1A 1A 1A 1A 1A 1A 1A 17 17 17 1A 17 17 18 16 15 15 16 15 16 16 16 15 14 16 15 15 15 15 15 14 13 12 13 15 14 13 13 14 14 14 14 14 12 13 13 14 15 13 13 14 14 13 12 13 13 14 14 14 13 13 13 13 14 13 12 11 11 10 10 14 11 12 12 12 12 12 12 12 12 13 14 12 14 13 11 13 12 12 13 13 12 11 13 12 13 10 13 12 12 13 14 12 12 13 14 14 13 14 14 14 14 11 12 12 12 11 13 13 14 13 14 13 15 14 12 13 14 16 14 16 14 15 15 14 14 15 16 15 18 16 16 16 16 15 15 14 14 14 16 15 15 14 13 13 15 13 16 14 12 13 14 12 11 12 14 13 12 13 13 13 12 13 13 12 11 10 11 12 14 12 13 11 12 12 12 13 11 13 13 12 11 13 13 11 11 11 12 12 11 0E 11 11 10 10 10 11 12 11 10 12 11 11 11 12 12 12 0E 11 11 11 12 12 10 11 12 10 11 11 11 12 11 0F 0F 11 11 11 11 10 11 11 10 10 0F 11 0F 11 11 10 12 10 11 11 0F 11 10 11 10 10 0F 12 10 11 11 10 10 11 10 11 11 0F 11 11 10 11 11 10 10 11 10 11 12 10 10 11 10 11 10 0F 11 10 0F 0F 11 10 10 11 10 10 10 10 10 10 0F 0E 0F 0F 0F 0F 0F 0F 0F 0F 0F 0F 0F 
17 17 17 17 17 17 17 17 17 17 17 18 17 17 18 17 16 18 16 16 14 15 17 17 15 15 14 15 16 14 15 14 15 14 14 13 12 13 14 13 13 14 15 14 15 13 13 13 12 12 13 14 14 12 14 13 14 13 14 13 14 14 14 12 13 13 12 13 12 12 12 10 10 12 14 11 12 12 13 13 11 12 12 12 12 13 12 14 13 12 12 13 11 12 12 12 12 14 13 14 10 13 13 12 12 15 14 12 13 15 12 12 14 14 14 14 12 10 12 13 11 15 14 14 12 14 13 14 13 13 14 14 16 13 14 14 14 16 14 14 15 16 15 16 16 16 15 16 13 15 14 14 15 14 15 14 13 12 13 16 13 14 15 12 14 13 12 12 13 14 13 13 14 13 12 11 13 13 13 12 10 10 12 14 11 12 12 11 12 12 12 11 13 12 11 11 13 11 11 11 0F 12 12 12 0E 11 11 11 10 0F 10 11 11 10 12 11 0F 12 11 13 11 0F 10 12 11 12 12 11 10 12 11 11 11 11 13 11 0F 0F 10 12 12 10 10 11 10 10 11 0E 12 10 11 11 10 10 10 11 11 0F 11 0F 12 0F 11 0F 12 11 11 12 10 11 10 10 10 12 0F 10 11 10 10 11 0F 10 11 10 11 12 0F 0F 11 10 11 10 0F 11 10 10 0F 11 0F 10 10 10 0F 0F 10 11 10 10 0E 0F 0F 0F 0F 0F 0F 0F 0F 0F 0F 0F 
17 17 17 17 17 17 17 17 17 17 17 18 19 17 17 17 19 16 16 17 15 17 17 16 17 14 16 15 16 15 15 15 14 17 14 14 14 13 15 13 14 12 13 13 14 14 15 16 13 13 14 13 13 13 14 14 13 14 14 13 14 13 14 14 14 12 13 12 15 12 12 11 13 13 11 12 12 11 13 13 12 13 13 12 12 14 12 11 12 13 12 13 11 15 14 13 12 12 12 11 12 11 14 12 12 14 12 13 11 12 11 14 11 13 13 11 13 12 13 14 12 13 13 12 14 13 14 15 13 13 15 15 13 14 14 13 13 15 14 14 13 15 15 16 15 14 15 14 14 16 15 16 16 17 14 13 14 12 14 14 13 13 13 12 14 13 15 13 12 12 14 13 14 12 13 11 12 11 12 12 14 13 14 13 13 12 13 11 12 11 11 12 12 12 11 11 11 12 11 12 13 13 12 12 12 12 11 0F 14 12 10 12 11 11 11 11 11 11 12 11 12 10 12 10 11 0F 10 11 11 10 11 11 13 10 12 11 12 11 10 12 11 10 10 10 10 10 10 11 12 11 10 10 11 10 12 11 10 11 11 10 0F 12 11 11 10 0F 11 13 11 11 0F 0F 12 11 10 11 0F 12 10 11 11 10 10 10 10 11 0F 0F 10 10 11 11 0F 11 10 10 10 10 10 11 10 0F 10 11 11 11 0F 11 0F 10 10 10 10 10 10 10 10 10 10 10 
18 18 18 18 18 18 18 18 18 18 18 18 1B 17 15 17 18 16 17 17 17 17 17 19 17 14 15 16 15 14 13 16 13 17 15 15 15 15 13 13 14 12 11 13 13 14 14 15 13 13 12 13 13 13 13 14 14 14 13 14 13 12 14 13 13 12 13 10 14 11 12 11 14 13 12 12 13 12 13 13 11 15 12 12 11 13 12 11 14 12 11 12 11 15 12 13 12 13 12 10 12 11 13 12 13 13 12 13 11 12 12 13 12 13 13 11 13 13 14 13 12 13 12 12 13 12 15 15 13 12 13 13 12 14 14 13 14 14 14 14 13 16 15 16 14 14 15 14 14 16 15 16 17 16 14 14 13 13 14 14 14 13 13 13 14 12 12 13 13 12 14 12 14 12 12 11 14 11 12 11 13 13 14 11 13 12 13 12 11 10 12 12 12 12 12 11 13 13 12 13 12 12 11 12 12 12 11 10 12 12 11 11 12 11 12 11 11 11 11 10 12 12 11 11 12 10 10 11 11 11 12 10 12 11 12 10 11 11 10 11 10 0F 10 10 11 10 10 11 11 10 0F 11 10 10 12 11 10 12 11 10 0F 10 11 10 11 0F 12 12 12 10 0F 0E 12 10 10 11 10 11 0F 10 11 10 0F 10 0E 11 10 0F 10 10 10 10 0F 11 0F 10 11 10 10 10 0F 10 11 11 10 11 0F 11 0F 10 10 10 10 10 10 10 10 10 10 10 
1B 1B 1B 1B 1B 1B 1B 1B 1B 1B 1B 18 17 19 19 17 16 18 17 18 16 15 15 17 16 17 15 14 15 14 16 14 15 14 14 14 13 13 15 12 14 15 13 14 15 14 15 13 12 14 14 15 14 13 14 13 13 12 14 13 13 15 13 11 14 15 12 13 11 12 12 11 10 11 14 12 12 13 12 13 11 12 14 12 13 14 12 13 13 11 12 11 12 13 14 12 12 14 12 13 11 12 12 13 13 15 12 11 12 14 13 12 13 14 13 14 12 12 12 13 11 14 13 14 12 13 12 14 14 13 14 13 16 13 14 12 13 15 14 13 14 14 14 16 15 16 15 13 13 15 12 12 12 14 16 13 12 14 13 15 13 14 13 12 13 14 13 11 13 15 12 12 13 12 12 12 13 13 12 12 0F 10 12 13 10 12 13 12 11 12 12 11 12 13 12 10 13 12 11 11 0F 11 12 11 0E 11 11 11 10 0F 11 13 11 10 11 12 0F 11 11 12 11 0E 10 11 11 12 12 12 11 12 11 11 11 10 12 10 0F 0F 11 11 11 10 10 12 10 10 10 0F 11 10 10 11 0F 11 0F 10 10 0F 11 10 12 0F 10 10 12 10 11 11 10 10 10 10 10 11 0F 11 11 10 11 11 10 10 11 10 11 11 0F 10 11 0F 11 0F 0F 13 10 10 10 11 0F 0F 10 0F 0F 0F 0F 10 10 0F 0E 0F 0F 0F 0F 0F 0F 0F 0F 0F 0F 0F 
18 18 18 18 18 18 18 18 18 18 18 1A 19 17 19 17 17 17 17 15 14 15 15 17 15 16 16 15 15 15 15 15 15 13 15 15 12 13 15 13 13 14 14 14 15 13 14 13 12 13 14 14 13 12 14 14 14 13 13 13 14 14 13 11 14 13 12 14 12 11 12 11 10 10 15 11 12 13 13 12 12 13 12 12 12 13 12 13 13 12 13 12 12 12 12 12 11 13 11 12 10 13 12 12 13 13 13 12 13 14 13 12 13 13 14 16 12 11 10 12 11 14 14 13 11 13 12 13 14 13 14 14 16 13 14 14 14 16 13 14 14 14 14 17 14 14 13 15 12 14 13 13 14 15 14 14 13 12 13 14 12 14 13 11 14 13 11 11 12 14 12 12 13 12 13 12 13 12 12 11 0F 11 12 13 11 13 12 11 12 12 12 10 12 12 11 10 13 13 11 12 10 11 11 12 10 11 12 11 0F 0F 10 11 12 10 11 10 10 11 11 12 11 0F 10 11 11 12 12 11 10 12 10 11 11 11 12 10 0F 0F 11 12 12 10 10 11 10 11 10 0E 11 10 10 10 10 10 10 10 11 0F 11 0F 11 0F 10 10 12 11 11 11 10 10 10 0F 10 11 0F 10 11 10 11 11 10 10 11 10 11 11 0F 0F 10 10 11 10 0F 11 10 0F 10 10 0F 10 10 0F 10 0F 10 10 10 0F 0F 0E 0E 0E 0E 0E 0E 0E 0E 0E 0E 0E 
18 18 18 18 18 18 18 18 18 18 18 18 1A 17 17 19 18 19 17 17 17 15 18 17 17 14 17 17 16 15 16 17 14 16 14 15 15 15 13 13 13 12 13 13 13 14 14 15 13 14 13 13 14 13 14 14 15 15 13 14 13 13 14 14 13 12 14 11 14 13 13 11 13 13 11 12 13 12 13 13 11 14 13 11 11 13 12 13 13 13 11 12 11 15 13 14 12 11 12 11 11 11 12 12 12 13 11 13 11 12 12 14 12 14 13 13 13 11 13 13 11 12 12 11 14 13 14 14 14 12 15 13 13 13 14 13 13 14 13 14 13 15 15 14 13 13 14 14 13 14 15 15 15 16 14 14 13 13 12 14 13 13 13 12 13 14 13 13 13 12 14 13 13 12 12 11 12 11 13 11 13 13 15 12 13 13 13 11 12 10 12 13 12 13 11 12 11 12 12 12 14 12 12 13 12 12 11 0F 12 12 12 13 12 10 10 10 12 12 11 10 12 12 12 11 11 10 10 11 11 11 11 10 11 11 13 10 12 11 11 11 0F 0F 10 10 11 10 11 11 11 10 10 10 0F 10 12 11 11 12 10 10 10 11 10 10 10 0F 11 11 11 10 0F 0F 11 10 11 11 0F 12 10 0F 11 11 0E 10 0F 11 10 0F 10 10 11 11 0E 11 10 10 12 11 11 11 0F 11 10 11 10 11 10 11 0F 10 10 10 10 10 10 10 10 10 10 10 
17 17 17 17 17 17 17 17 17 17 17 18 1B 17 16 16 19 18 16 18 18 16 18 17 18 15 17 16 18 15 15 15 14 18 14 16 15 16 14 13 13 14 13 12 14 13 15 16 13 15 14 13 13 14 13 14 14 14 13 14 14 13 14 14 13 12 13 11 14 12 13 13 13 13 11 12 13 12 13 12 11 14 13 11 11 14 12 11 12 12 11 13 10 14 13 14 12 12 11 11 11 12 13 11 13 13 12 12 10 11 11 14 12 13 14 12 14 13 13 13 12 13 12 12 13 12 14 14 12 13 14 13 12 14 14 13 13 14 13 13 13 14 13 16 13 13 14 13 13 14 14 15 16 17 13 14 14 13 14 13 14 13 13 14 14 13 12 12 12 11 14 12 14 13 13 11 11 11 12 11 13 13 14 12 12 12 12 12 12 10 11 13 12 12 11 12 10 12 11 13 12 11 12 13 12 12 11 0F 13 12 11 12 11 11 11 12 11 11 11 11 13 12 11 10 12 10 11 11 10 10 13 10 12 10 12 10 11 11 10 11 10 0F 10 10 11 11 11 11 11 10 10 11 10 0F 12 11 11 11 11 10 0F 12 10 11 10 0F 12 12 11 10 10 0E 11 11 10 11 10 11 10 11 10 10 0F 10 10 11 0F 0F 0F 10 11 10 0F 10 10 10 10 11 11 11 0F 0F 10 10 10 11 10 12 0F 10 10 10 10 10 10 10 10 10 10 10 
18 18 18 18 18 18 18 18 18 18 18 1B 18 1D 1A 18 17 19 17 16 14 16 14 17 17 16 14 15 16 17 16 15 16 14 15 14 13 13 15 14 15 14 14 16 16 14 13 12 13 13 15 15 14 13 14 14 13 12 13 13 13 14 14 12 12 13 12 13 12 12 11 11 11 12 14 11 12 13 12 13 11 13 12 12 13 14 11 12 14 12 12 12 12 13 13 13 12 12 12 14 10 12 13 12 12 15 12 11 12 14 13 12 13 13 13 13 11 11 12 13 11 14 13 13 12 13 12 13 13 13 13 13 15 13 14 13 13 14 13 13 13 14 14 15 14 15 14 14 13 14 13 12 13 13 14 13 12 11 12 14 13 13 13 12 13 13 12 11 13 14 12 12 13 13 13 13 13 13 12 11 10 10 12 14 11 12 11 11 11 13 13 11 12 12 12 10 13 13 11 10 11 11 11 12 0F 12 10 11 0F 10 11 12 11 10 11 10 10 11 12 12 12 10 11 12 11 12 13 11 10 13 10 11 12 10 13 11 10 10 11 12 12 10 10 11 10 11 11 0F 12 10 11 11 0F 11 10 10 11 0F 10 10 11 0F 10 10 11 11 11 11 10 10 11 10 10 12 0F 11 0F 10 11 12 10 10 12 11 10 12 0E 10 11 10 11 10 0F 11 10 10 0F 12 0F 10 0F 11 0F 10 10 10 10 0F 0F 0E 0E 0E 0E 0E 0E 0E 0E 0E 0E 0E 
18 18 18 18 18 18 18 18 18 18 18 1A 19 18 1B 17 18 19 18 16 16 16 15 17 16 17 17 15 16 15 14 15 16 14 14 13 14 13 15 13 14 14 15 14 15 14 14 13 12 12 13 14 14 12 14 13 13 13 14 14 13 14 12 12 13 14 12 14 12 12 11 10 11 11 14 11 11 13 13 12 11 13 13 11 12 13 12 13 14 11 13 12 12 12 12 11 11 12 11 13 10 12 12 12 13 13 12 12 12 15 14 13 14 14 13 13 12 11 11 12 10 15 13 13 12 13 12 13 14 13 13 13 14 13 13 13 12 15 13 13 13 14 14 16 14 14 14 14 11 13 12 12 13 13 14 13 12 12 13 14 13 14 13 12 13 13 12 11 12 14 13 11 13 12 13 12 13 12 11 10 0F 10 11 14 11 12 12 11 11 12 13 11 13 12 13 11 12 12 11 11 10 12 12 12 0E 12 11 11 10 0F 11 11 11 10 12 11 10 11 12 12 11 0F 11 11 12 11 12 12 11 11 11 11 11 10 12 12 10 10 11 12 12 10 10 12 0F 10 11 0F 11 10 11 10 10 11 10 11 11 10 12 10 11 0E 10 10 12 10 11 11 10 10 11 0F 10 11 0F 11 10 10 11 11 10 10 11 10 11 11 10 0F 11 0F 12 10 10 12 11 10 0F 11 0F 10 10 10 10 10 0F 10 0F 0F 0F 0F 0F 0F 0F 0F 0F 0F 0F 0F 0F 0F 
19 19 19 19 19 19 19 19 19 19 19 18 1A 17 18 18 1A 17 18 1B 17 17 19 17 18 15 17 16 16 15 15 16 13 16 15 15 15 15 14 14 14 13 13 13 14 15 15 15 13 13 14 13 14 13 14 14 14 15 13 14 14 11 14 13 14 12 12 12 14 12 12 13 13 12 12 13 12 11 13 12 11 14 12 12 11 13 12 11 13 14 12 12 10 15 12 14 12 12 11 10 11 11 12 12 13 12 11 12 11 13 12 13 12 13 13 12 14 12 13 14 12 12 12 11 14 12 13 15 14 12 14 14 12 13 14 13 14 13 13 13 13 15 14 14 13 12 14 13 14 14 13 15 15 15 15 13 14 13 13 14 13 14 12 12 13 13 13 13 12 12 14 13 14 12 12 12 13 12 13 12 12 13 13 12 13 13 14 12 12 11 11 13 12 12 10 12 12 12 12 13 14 12 11 13 11 12 12 10 13 12 12 12 11 11 10 11 12 11 12 11 13 11 12 11 11 0F 10 12 11 11 12 11 11 11 13 10 11 11 0F 11 11 0F 10 10 10 11 10 11 12 10 10 10 11 0F 12 11 11 11 10 10 0F 11 11 11 10 0F 11 11 11 10 0F 0F 12 10 10 10 10 11 0F 11 11 10 10 10 0F 11 10 0F 0F 0F 12 11 0F 10 0F 10 10 10 11 10 0F 10 10 11 11 10 0F 12 0E 11 11 11 11 11 11 11 11 11 11 11 
17 17 17 17 17 17 17 17 17 17 17 17 1A 18 17 19 1A 18 1A 19 17 19 19 17 17 16 18 16 17 17 15 16 14 16 14 14 17 15 13 14 14 14 13 13 14 13 16 15 12 14 12 14 13 15 14 15 14 15 13 15 12 13 14 14 13 13 13 11 13 13 13 13 14 13 12 13 12 12 13 13 12 14 13 12 11 14 12 12 13 13 12 12 11 14 14 13 13 12 11 11 12 11 13 11 13 12 12 13 11 13 12 14 12 13 13 12 14 12 12 14 13 12 12 11 14 12 14 13 11 13 15 14 11 13 14 13 12 13 14 13 13 15 13 13 12 12 14 13 13 13 13 15 16 16 14 13 14 12 13 13 12 13 14 13 13 12 12 12 13 12 14 12 14 12 13 12 11 12 12 11 12 13 14 12 13 13 13 11 11 11 12 13 11 11 10 12 12 12 12 13 13 11 11 13 12 12 11 10 13 12 11 13 12 10 11 11 11 10 12 11 13 11 12 11 12 10 10 11 11 11 11 10 12 11 12 10 11 11 10 11 11 10 10 11 11 11 11 11 12 11 10 10 10 10 12 11 12 11 11 10 0F 11 10 11 10 0F 11 12 11 10 10 0E 12 10 10 11 0F 12 0F 11 11 11 0F 10 10 11 10 10 0F 0F 11 10 10 10 0F 10 11 10 11 11 0F 10 10 10 10 11 0F 11 0E 11 11 11 11 11 11 11 11 11 11 11 
18 18 18 18 18 18 18 18 18 18 18 19 19 1A 19 17 18 19 19 17 16 16 18 18 18 17 17 16 17 15 15 15 15 15 15 14 15 14 16 14 14 14 15 14 15 14 15 13 13 14 14 15 14 13 13 15 14 13 13 13 14 14 13 12 14 13 13 15 11 12 11 11 10 12 14 13 12 13 13 13 11 12 12 11 13 14 11 13 13 12 13 13 13 12 13 11 11 13 12 14 10 12 13 13 12 14 11 11 13 14 14 13 14 14 13 13 12 12 11 13 10 14 13 13 12 15 13 14 13 13 14 13 16 12 14 14 14 14 13 13 13 13 13 16 14 14 13 14 11 13 14 14 13 13 14 14 12 12 12 14 12 14 13 12 14 13 10 10 12 14 12 11 13 13 14 13 13 13 11 11 0F 11 12 14 10 12 13 11 11 12 13 11 13 13 12 12 12 12 11 11 11 12 11 12 0F 12 11 10 10 10 10 12 11 10 11 10 11 12 12 13 12 0F 11 12 11 13 13 11 11 12 11 11 11 12 13 11 0F 10 11 12 12 10 10 12 10 11 10 0F 12 11 11 11 10 11 10 11 11 10 10 10 12 0F 10 0F 11 10 12 11 10 11 11 10 10 11 0E 11 11 10 11 11 10 10 11 10 11 12 0F 10 11 0F 12 10 10 12 10 10 10 11 0F 10 10 10 10 10 10 10 10 0F 0E 0F 0F 0F 0F 0F 0F 0F 0F 0F 0F 0F 
18 18 18 18 18 18 18 18 18 18 18 1A 1A 19 1A 19 18 18 1C 17 16 18 16 19 17 17 16 16 16 17 16 16 15 15 16 14 14 13 15 14 14 15 16 15 16 13 14 13 13 13 14 15 14 14 14 15 13 13 14 13 14 15 13 12 13 13 12 13 12 13 11 11 10 11 14 11 11 14 13 13 12 13 12 12 12 13 12 13 13 11 12 12 12 12 12 12 11 13 13 13 10 11 12 11 13 14 12 11 13 14 12 12 14 13 13 12 11 11 11 12 11 14 12 13 11 12 12 13 14 13 13 12 14 12 14 13 14 14 13 12 13 13 14 14 13 15 13 14 12 14 12 12 13 13 14 13 11 11 12 14 13 13 14 12 13 14 11 10 13 14 11 12 13 12 13 12 13 12 13 12 10 10 13 13 12 12 11 11 11 12 12 11 12 12 11 11 12 11 12 11 11 11 11 11 0F 11 12 10 11 10 11 11 11 11 12 11 0F 12 12 12 11 10 11 11 11 12 12 11 11 12 10 10 11 11 13 10 0F 0E 11 11 11 10 10 12 10 10 11 0F 11 0F 11 11 10 11 10 11 10 0F 12 10 11 0F 10 0F 12 11 11 11 10 10 10 0F 10 11 0F 10 10 10 11 11 10 10 11 10 11 12 0F 0F 11 0F 12 11 0F 12 10 0F 10 11 0F 0F 10 11 0F 0F 0F 10 10 10 0E 0E 0E 0E 0E 0E 0E 0E 0E 0E 0E 0E 
18 18 18 18 18 18 18 18 18 18 18 18 1A 1B 18 19 1C 18 19 19 17 19 1B 17 1A 15 18 17 16 17 16 17 16 17 15 14 16 15 17 13 14 13 13 14 15 14 15 15 14 14 13 14 13 14 15 14 14 15 13 14 15 13 16 13 14 13 13 11 15 13 14 11 14 13 11 13 13 12 13 13 13 13 13 11 11 14 13 12 12 12 11 12 11 14 13 13 12 12 12 11 11 12 13 12 12 14 11 12 12 14 12 14 11 14 13 11 14 12 12 13 12 13 12 12 13 12 14 14 12 12 14 13 11 13 15 13 14 13 14 14 13 14 14 15 12 12 14 12 13 14 14 15 15 15 14 13 12 12 13 13 13 12 14 14 14 13 13 14 13 12 14 13 14 13 13 12 13 10 12 12 12 13 14 10 14 13 13 11 11 11 11 12 12 12 12 12 12 12 12 12 12 13 12 12 12 12 10 10 13 12 12 13 11 11 11 10 11 11 12 11 13 12 11 11 12 10 10 12 10 11 12 11 11 11 12 11 11 10 10 12 10 10 11 11 11 10 11 12 12 11 10 11 10 11 12 11 11 12 11 10 10 11 11 11 10 0F 11 11 11 10 10 0E 11 10 11 10 11 12 10 11 11 11 0F 10 0F 11 11 0F 0F 10 11 11 0F 11 0F 10 11 10 11 11 0F 0F 10 10 11 11 0F 12 0F 10 10 10 10 10 10 10 10 10 10 10 
18 18 18 18 18 18 18 18 18 18 18 19 1A 18 17 18 19 19 1B 1A 17 18 19 19 19 16 17 17 17 17 16 16 14 16 16 15 16 16 15 15 16 14 13 13 14 14 16 17 13 15 14 14 13 14 14 14 13 15 14 15 14 12 14 14 13 13 13 11 14 12 13 12 14 14 12 12 12 12 13 13 11 15 13 12 10 14 13 12 13 12 11 12 12 15 13 13 13 12 12 11 12 12 13 13 13 12 12 12 11 13 12 13 13 13 14 12 13 12 14 12 12 12 11 11 13 12 13 14 13 12 13 13 12 14 14 12 13 13 14 13 11 15 13 14 13 12 14 12 14 14 14 14 15 15 14 13 14 13 12 12 14 12 12 12 13 13 13 12 13 12 14 12 14 12 13 11 12 12 12 11 12 13 14 13 12 13 13 11 12 13 11 12 12 13 11 11 12 12 12 13 13 12 12 12 11 11 10 11 13 12 12 12 11 11 10 11 12 11 12 0F 14 11 12 12 12 11 11 10 12 12 12 11 11 12 12 10 12 11 10 11 11 10 10 10 11 11 10 11 12 11 0F 10 10 10 12 11 12 12 11 10 10 11 11 10 11 10 11 12 10 10 0F 0E 12 10 11 11 10 12 0F 10 11 10 0F 10 10 12 10 10 10 10 11 11 0F 10 10 10 10 11 11 11 0F 0F 10 11 11 11 0F 11 0F 10 10 10 10 10 10 10 10 10 10 10 
19 19 19 19 19 19 19 19 19 19 19 19 1B 1A 1A 1A 18 19 19 16 17 17 16 19 18 17 17 16 17 16 17 16 16 15 15 16 14 15 17 14 15 14 15 15 15 14 15 13 13 14 15 15 15 12 14 14 15 13 14 14 14 15 15 13 14 13 12 13 13 13 11 11 10 11 14 12 11 13 13 12 12 12 13 12 12 14 12 13 13 11 13 12 13 13 13 13 13 13 13 13 10 12 12 12 13 14 12 11 13 15 13 12 13 13 13 13 11 11 11 13 10 14 13 13 11 13 13 13 13 14 13 14 14 13 13 14 12 14 12 13 14 14 13 14 14 13 12 14 12 12 12 12 13 14 13 14 11 12 13 15 13 14 13 12 13 14 12 10 13 13 12 12 14 13 12 13 13 12 12 12 0F 12 12 13 12 13 11 12 12 12 13 11 13 12 13 11 12 12 12 12 11 12 12 11 0F 11 12 11 10 10 11 11 12 11 11 11 0F 12 12 12 11 0F 10 12 12 13 12 11 11 13 10 11 12 11 13 11 0F 0F 12 12 11 10 11 12 11 10 10 0E 12 10 10 12 0F 10 11 11 11 0F 12 0F 11 0F 11 10 13 10 11 10 11 10 11 11 10 11 0F 11 10 10 11 11 10 10 11 10 11 11 0F 11 10 10 11 10 0F 11 10 10 0F 11 10 10 11 10 10 0F 0F 10 0F 0F 0F 0F 0F 0F 0F 0F 0F 0F 0F 0F 0F 0F 
1A 1A 1A 1A 1A 1A 1A 1A 1A 1A 1A 19 18 19 19 19 17 1A 18 17 17 18 17 19 18 18 17 17 18 16 16 15 17 15 15 14 14 13 16 15 14 13 15 15 16 14 16 13 13 14 13 15 14 14 13 14 15 13 13 13 13 14 14 11 13 13 12 14 12 12 12 11 11 12 15 11 12 13 12 13 12 12 12 12 13 13 12 13 13 12 13 11 13 13 14 13 12 13 12 14 10 12 13 12 12 13 12 11 13 13 13 13 13 13 14 12 11 11 11 11 10 14 13 13 12 13 11 13 13 13 13 12 14 12 13 12 13 14 13 13 13 14 13 15 14 14 12 14 11 12 12 11 13 14 13 13 13 12 13 14 12 14 13 11 13 13 12 10 12 14 12 11 12 13 12 12 13 13 12 11 0E 11 12 14 12 12 11 11 11 11 12 11 12 12 12 10 13 12 12 11 0F 11 12 11 0F 12 12 10 0F 0F 12 12 11 11 12 10 11 12 12 12 11 0F 10 11 11 12 12 11 11 13 11 12 11 11 13 10 10 0F 12 12 11 11 11 12 10 11 10 0F 11 10 11 12 10 11 10 11 11 0F 11 10 11 0F 10 0F 12 10 11 10 10 10 10 0F 11 11 0F 11 10 0F 11 12 10 10 11 10 10 12 0F 0F 11 10 11 10 10 11 10 10 0F 10 0F 10 10 10 10 0F 10 11 0F 0F 0F 0E 0E 0E 0E 0E 0E 0E 0E 0E 0E 0E 
1A 1A 1A 1A 1A 1A 1A 1A 1A 1A 1A 19 1B 17 18 18 1A 18 18 1A 18 18 1B 1A 1B 16 19 19 19 18 16 18 14 17 15 16 16 15 13 15 15 14 13 15 15 15 15 16 14 14 14 14 14 15 15 15 13 16 14 15 14 12 13 14 14 13 12 10 14 12 12 11 13 13 11 12 12 12 13 13 11 13 14 12 11 14 12 12 13 11 12 13 11 15 14 14 13 12 12 11 12 12 13 13 14 13 12 13 11 12 12 14 12 13 14 12 14 13 12 13 12 14 12 11 13 12 13 14 13 12 14 14 12 14 13 14 13 15 13 13 12 14 14 15 12 13 14 13 14 14 14 15 15 15 14 14 14 12 13 13 13 14 12 13 14 13 13 13 13 11 15 12 14 12 13 11 12 11 12 12 14 13 14 11 13 12 13 11 11 11 12 12 12 12 12 11 11 11 11 13 12 13 13 13 12 13 11 11 12 12 10 12 12 12 11 11 11 11 13 11 12 12 12 11 12 11 10 11 11 11 12 11 12 11 12 11 12 11 10 11 10 0F 10 11 11 11 11 11 11 11 10 11 12 10 13 11 12 12 11 10 10 11 10 10 10 0F 11 12 11 0F 0F 0E 12 10 10 11 0F 11 0F 10 11 10 10 10 0F 11 10 10 10 0F 11 11 10 10 10 10 11 10 11 11 10 0F 10 11 11 10 10 12 0E 10 10 10 10 10 10 10 10 10 10 10 
19 19 19 19 19 19 19 19 19 19 19 1A 1B 17 18 19 19 18 19 19 18 18 1A 17 1A 17 18 1A 18 17 16 16 15 17 15 14 16 16 14 15 15 15 14 13 14 14 15 16 14 15 14 14 13 14 13 15 14 15 13 14 13 14 14 13 13 12 13 11 13 13 13 12 14 14 11 13 13 11 13 13 11 14 12 12 11 14 12 11 13 12 11 13 11 13 13 13 12 13 12 11 12 11 14 12 13 13 11 13 11 12 11 14 12 13 13 13 13 13 13 12 11 13 11 10 13 12 14 14 13 11 14 13 13 13 15 14 13 14 14 12 12 15 13 14 12 12 14 12 14 14 14 15 15 16 13 12 12 13 13 13 13 13 12 12 14 13 14 13 12 12 14 13 14 12 11 11 12 11 13 11 13 12 14 11 13 12 14 12 11 11 12 12 12 11 12 11 11 12 13 13 13 12 12 12 13 12 12 10 13 12 12 12 12 11 11 11 12 12 12 10 13 10 12 12 13 11 10 11 11 11 11 11 11 11 12 10 12 11 10 11 12 0F 10 11 11 12 10 12 12 12 10 10 10 0F 12 11 11 12 11 10 0F 12 11 11 10 0F 11 12 11 0F 0F 0E 13 10 10 11 0F 12 0F 10 11 10 0F 11 0F 11 10 10 0F 0F 11 11 10 10 10 10 10 10 11 11 0F 10 11 11 10 11 0F 12 0F 10 10 10 10 10 10 10 10 10 10 10 
18 18 18 18 18 18 18 18 18 18 18 18 18 18 1A 18 19 19 18 17 18 17 16 1A 18 18 17 15 18 18 18 18 17 16 15 15 14 14 17 15 14 15 16 15 16 16 15 13 13 15 15 16 14 14 16 15 14 13 14 13 14 15 14 12 14 14 12 14 13 13 12 11 12 11 15 12 12 12 13 13 11 13 13 12 13 14 12 13 13 12 13 13 12 12 13 12 13 13 12 14 10 13 12 13 13 14 12 12 12 14 13 12 14 14 13 13 11 12 11 12 11 14 13 13 11 13 12 14 13 13 13 13 14 12 14 13 13 15 13 12 13 13 13 15 14 15 13 13 12 13 13 11 13 13 14 13 12 12 12 15 13 14 14 12 13 13 12 12 13 13 12 12 12 13 13 13 13 13 12 12 0F 11 13 14 11 13 12 12 11 12 14 11 13 12 12 10 13 12 11 11 10 13 11 12 0F 11 11 10 10 11 12 11 11 10 11 10 11 12 12 12 11 0F 10 12 12 12 13 11 10 12 11 11 12 12 14 11 10 11 11 13 11 11 10 12 10 10 10 0F 12 10 11 12 10 11 0F 11 11 11 11 10 11 0F 10 0F 11 11 11 11 10 11 11 10 10 11 0F 10 11 10 10 11 11 10 11 10 11 12 10 10 11 0F 12 10 10 11 10 0F 0F 11 0F 10 10 11 0F 10 10 10 10 0F 0E 0F 0F 0F 0F 0F 0F 0F 0F 0F 0F 0F 
19 19 19 19 19 19 19 19 19 19 19 19 18 19 19 17 19 19 1A 17 17 18 17 1A 18 18 16 18 19 18 17 17 17 15 16 15 14 16 15 13 14 15 15 16 15 14 14 13 13 15 15 16 15 13 15 14 14 13 14 14 14 15 14 12 14 14 12 14 13 13 11 11 11 11 14 11 12 12 13 12 13 12 12 13 12 13 12 13 13 13 12 14 12 12 13 11 11 13 12 12 10 12 12 12 13 14 12 11 12 14 12 13 13 13 13 13 11 10 11 12 11 14 13 12 11 13 12 14 13 13 13 12 14 13 12 13 13 14 13 13 13 14 13 15 14 14 12 15 12 14 13 11 13 14 14 13 12 11 13 14 14 13 14 12 13 13 12 11 14 14 12 12 13 13 13 13 14 12 12 11 10 11 12 13 11 12 12 11 12 12 12 11 13 12 12 10 13 12 10 11 11 11 12 11 0F 12 12 11 10 10 11 12 12 11 11 11 10 12 13 14 12 0F 11 12 13 12 12 11 11 13 11 12 12 12 13 11 10 10 11 12 12 11 11 11 10 11 11 0F 12 11 10 11 0F 11 10 11 10 0F 12 10 11 0F 11 0F 11 10 11 11 11 10 10 10 10 11 0F 10 11 10 11 12 10 10 11 10 10 11 0F 10 11 10 11 10 0F 11 11 10 0F 10 0F 10 10 11 10 10 10 10 10 10 0F 0F 0F 0F 0F 0F 0F 0F 0F 0F 0F 0F 
18 18 18 18 18 18 18 18 18 18 18 18 1B 18 18 19 1A 19 18 1B 19 19 1B 19 1A 17 18 17 19 17 15 18 17 18 16 16 16 17 14 14 15 15 14 14 15 15 16 16 13 15 16 15 15 16 15 15 14 15 13 14 14 14 15 15 14 12 13 11 14 14 13 13 13 13 12 13 12 12 14 13 11 14 14 12 11 14 13 12 14 13 12 12 12 15 13 14 12 13 13 11 12 11 14 12 13 13 11 12 12 14 11 13 14 13 13 12 14 12 13 13 11 12 12 12 14 13 14 15 13 12 14 13 12 13 14 13 13 13 12 13 13 14 14 14 12 12 14 12 14 15 14 15 15 15 13 13 13 12 13 14 13 13 13 13 14 13 12 13 13 11 15 12 14 13 13 11 12 12 12 11 14 12 14 12 14 13 13 11 11 12 12 13 13 13 11 11 10 12 12 13 13 12 12 13 13 12 12 11 13 13 11 12 12 11 11 11 12 11 11 11 14 12 12 11 13 11 10 12 11 11 13 11 11 11 13 11 12 11 10 12 11 10 10 10 11 11 11 11 11 11 10 11 11 10 11 11 11 11 11 11 0F 10 10 10 11 10 11 12 11 10 10 0F 11 10 10 11 0F 11 0F 10 10 11 0F 11 0F 11 11 10 10 10 11 10 0F 11 10 10 11 11 10 11 0F 0F 10 10 11 11 10 11 0F 11 11 11 11 11 11 11 11 11 11 11 
17 17 17 17 17 17 17 17 17 17 17 18 1A 18 19 1B 1B 18 19 1A 19 1B 1B 19 19 16 19 18 18 17 16 18 15 18 16 16 16 16 13 14 14 14 14 13 15 14 16 16 14 15 13 14 14 14 14 15 15 15 13 14 14 12 14 15 13 12 13 10 14 12 13 12 14 13 12 12 13 12 13 13 11 14 13 12 11 14 12 11 13 13 12 13 11 14 13 13 12 13 13 12 12 11 13 12 13 13 12 12 11 12 12 14 12 13 12 11 14 12 12 12 11 12 12 10 12 12 14 14 12 13 14 13 11 14 14 13 12 13 13 12 12 14 14 14 12 13 15 12 14 13 13 15 15 15 12 13 14 13 14 13 13 14 12 12 13 13 12 12 12 12 14 12 13 12 13 11 12 11 13 13 13 13 14 11 14 12 13 11 11 10 12 13 11 13 12 12 12 12 12 12 13 12 11 12 12 13 11 0F 14 12 11 13 11 11 11 11 12 11 11 10 13 11 11 11 12 10 10 11 11 11 11 12 11 12 13 10 11 11 10 11 10 10 10 10 11 11 11 11 11 11 10 10 11 10 12 11 10 11 11 10 10 11 10 10 10 10 11 12 11 10 10 0E 12 10 10 10 0F 11 0F 10 10 0F 10 10 10 11 10 0F 0F 0F 10 10 0F 10 10 0F 10 10 11 11 0F 10 10 11 10 10 0F 11 0F 10 10 10 10 10 10 10 10 10 10 10 
19 19 19 19 19 19 19 19 19 19 19 19 19 19 1B 17 1A 18 19 18 18 17 18 19 18 18 18 18 19 17 17 17 17 16 16 15 15 14 16 14 15 14 17 16 16 16 15 15 14 14 15 15 15 13 14 15 14 13 14 13 14 15 14 13 13 13 13 14 13 12 12 11 12 11 15 13 13 14 12 13 11 12 12 12 12 13 11 13 13 11 13 13 11 12 13 12 12 13 11 14 11 12 13 13 13 14 13 13 13 14 12 12 12 13 13 12 11 12 11 13 12 14 14 12 12 13 13 13 12 12 13 13 14 12 13 13 13 14 12 12 13 14 13 15 14 14 13 14 12 14 13 12 13 15 14 13 12 12 13 16 12 13 14 11 13 13 13 11 12 15 13 12 12 13 14 14 14 14 12 12 10 11 12 15 11 12 12 11 11 12 13 11 13 13 12 11 13 12 10 12 10 11 12 12 0F 12 12 10 10 10 11 12 12 10 12 11 11 13 12 13 12 0F 12 12 12 12 13 11 11 12 11 11 12 11 13 11 0F 10 12 12 12 11 11 12 10 11 10 0E 11 10 11 11 0F 10 11 11 11 0F 12 10 11 0F 10 10 13 10 11 10 11 11 11 0F 10 11 0F 11 10 10 11 12 10 10 11 10 11 12 10 10 11 0F 12 10 0F 11 10 10 0F 10 0F 0F 10 0F 10 0F 10 10 10 0F 0E 0E 0E 0E 0E 0E 0E 0E 0E 0E 0E 0E 
18 18 18 18 18 18 18 18 18 18 18 19 18 19 19 18 1A 1A 19 17 18 17 18 19 19 19 18 18 19 17 17 16 17 15 16 16 15 14 17 15 15 14 16 16 17 15 15 14 13 14 16 15 15 14 14 14 14 13 14 14 14 15 14 12 13 14 14 14 13 12 11 11 12 11 15 12 11 14 14 12 12 12 12 12 13 13 12 13 13 13 12 13 12 12 13 12 12 14 12 13 10 12 13 12 14 14 13 12 12 14 13 14 13 13 13 13 12 10 11 13 11 14 14 13 12 12 12 13 13 13 14 13 15 13 13 13 13 14 13 12 13 14 13 15 13 14 14 14 11 13 12 11 13 14 14 13 12 12 12 15 13 13 13 12 14 12 12 12 12 14 13 12 14 14 14 13 15 12 12 11 10 12 13 14 12 13 12 11 12 11 12 11 13 12 12 11 13 13 11 12 10 12 12 12 0F 12 12 11 10 10 11 12 12 10 11 10 10 12 12 13 11 10 11 13 12 13 12 11 11 13 11 11 12 10 13 12 10 10 11 11 12 11 11 12 11 11 11 0E 12 10 11 11 0F 10 10 11 10 0F 11 10 12 0F 10 10 12 11 11 11 10 10 11 10 10 11 10 11 11 10 11 11 10 0F 10 10 11 11 10 0F 11 10 12 10 0F 10 10 10 0F 10 0F 10 10 0F 0F 10 10 10 10 10 0E 0F 0F 0F 0F 0F 0F 0F 0F 0F 0F 0F 
18 18 18 18 18 18 18 18 18 18 18 16 1B 18 18 1A 1B 19 18 1B 1A 1A 1B 19 19 17 19 19 18 18 16 18 17 18 16 16 16 16 15 15 15 15 13 13 15 15 15 16 14 14 14 14 14 14 15 16 14 15 14 15 15 13 16 14 14 13 13 12 14 12 14 11 16 13 11 13 12 11 14 13 12 16 13 12 11 14 12 12 12 13 11 12 12 14 13 13 13 12 12 10 12 11 14 12 12 13 12 13 11 13 12 13 12 13 13 12 14 11 13 13 12 12 12 11 14 12 13 14 12 12 13 13 11 13 14 14 12 14 13 12 13 14 13 13 12 13 14 12 14 14 15 15 15 15 14 14 14 13 12 12 13 14 12 13 14 13 13 12 12 12 14 12 14 11 14 13 13 11 14 12 14 13 15 12 13 12 13 14 12 11 12 13 13 13 11 10 12 11 12 13 13 13 12 12 12 13 12 11 13 13 12 13 11 11 10 11 11 11 12 11 13 12 12 12 12 11 11 11 11 11 12 11 12 12 14 10 12 11 10 12 11 10 10 10 11 10 11 12 11 10 10 11 11 10 11 11 10 10 10 10 10 11 10 11 10 10 12 11 11 10 0F 0F 12 10 0F 10 10 12 0F 11 10 10 10 11 0F 12 0F 0F 10 0F 11 10 0E 11 0F 10 10 10 11 11 0F 0F 10 10 11 10 10 11 0F 10 10 10 10 10 10 10 10 10 10 10 
19 19 19 19 19 19 19 19 19 19 19 17 1B 17 19 18 19 18 1A 19 17 19 1A 18 1A 16 1A 19 19 17 15 17 15 18 16 16 17 16 14 15 15 15 13 14 15 15 16 17 14 15 14 14 14 14 15 15 14 15 14 15 14 13 15 15 14 13 13 11 14 13 13 12 12 13 12 13 13 11 13 13 11 14 13 12 12 13 12 11 13 12 12 12 11 14 13 13 13 13 12 10 11 11 13 12 13 13 12 13 11 12 12 13 12 14 13 11 13 12 12 13 12 13 12 11 14 12 13 14 13 12 14 13 11 14 14 13 12 14 13 12 13 15 13 13 13 12 14 13 13 13 14 15 15 15 14 13 13 13 13 13 13 13 13 13 13 12 12 13 13 11 14 12 14 13 13 13 12 11 12 12 13 13 14 11 13 13 14 12 11 10 12 12 13 12 11 11 12 12 11 13 12 12 12 12 13 12 12 10 13 12 11 11 11 10 11 11 11 12 12 11 13 12 12 12 12 11 11 12 11 11 12 11 12 11 13 10 12 11 10 11 11 10 10 10 11 11 10 11 11 11 10 10 11 10 11 11 11 11 11 10 10 11 10 11 10 0F 11 11 11 10 0F 0E 12 10 10 10 10 12 0F 10 11 10 0F 11 10 11 10 10 10 10 11 10 0F 11 0F 10 11 10 10 11 0F 0F 10 10 11 10 0F 11 0F 11 11 11 11 11 11 11 11 11 11 11 
18 18 18 18 18 18 18 18 18 18 18 19 18 19 1B 18 17 1A 1A 19 18 18 19 19 19 18 17 16 1B 19 19 17 18 17 19 15 16 14 17 14 15 15 17 15 15 15 16 14 13 15 14 16 15 13 16 15 14 14 15 14 15 16 14 14 13 15 12 14 13 12 12 11 12 12 14 12 13 14 14 13 12 13 12 11 13 13 12 13 14 12 13 13 13 13 13 12 12 13 11 13 10 12 13 13 13 14 12 12 13 14 13 12 14 14 13 13 11 11 11 13 11 14 13 13 10 13 12 14 12 13 12 13 15 12 16 13 15 15 12 13 13 14 13 16 13 13 13 14 11 13 13 13 12 14 14 14 13 12 13 15 12 15 13 12 14 13 12 11 13 14 12 13 13 14 14 13 14 13 12 12 10 12 13 14 11 12 12 12 11 12 13 11 13 12 13 11 12 12 12 12 10 11 12 13 0F 12 12 12 11 10 12 12 11 11 13 11 10 13 13 13 12 0F 11 12 12 13 13 12 11 13 12 11 12 11 13 11 10 10 12 12 11 10 10 12 11 11 11 0F 11 10 11 10 11 11 11 11 10 0F 11 10 11 0F 10 10 12 11 11 11 10 0F 11 10 11 11 10 11 10 10 11 12 10 10 11 10 11 11 10 10 12 10 11 10 0F 11 10 10 0F 11 0F 10 11 10 10 10 0F 10 11 10 0F 0F 0F 0F 0F 0F 0F 0F 0F 0F 0F 0F 
18 18 18 18 18 18 18 18 18 18 18 1A 19 19 1A 19 17 1B 19 18 18 18 18 19 19 19 1A 18 19 17 18 17 18 17 16 15 15 15 17 14 15 15 16 16 16 15 15 13 13 14 15 16 15 14 15 14 15 13 15 14 14 15 13 13 13 13 13 14 13 11 13 12 11 12 14 10 12 13 13 12 12 13 13 11 12 13 12 13 14 12 12 12 12 12 13 13 12 12 12 13 10 13 13 12 12 15 13 11 12 13 14 13 14 14 13 13 12 12 11 13 11 14 13 13 11 13 12 13 12 13 13 13 15 13 13 12 14 14 13 13 14 13 14 15 14 14 13 14 13 13 13 12 13 13 14 13 12 11 13 13 13 13 13 12 14 13 12 11 13 14 12 12 13 13 14 12 14 13 12 11 10 11 13 14 11 12 13 12 11 13 12 11 13 13 12 12 13 13 12 11 10 12 11 12 0F 12 11 10 10 11 11 12 12 10 12 10 10 11 12 13 11 0F 11 12 12 12 12 11 11 12 11 11 12 12 13 11 10 0F 11 12 11 10 11 12 10 11 10 0F 11 10 11 12 0F 10 10 11 10 0E 11 0F 11 0F 10 0F 12 10 11 11 10 11 10 10 10 11 0F 11 11 10 11 11 10 10 11 10 11 11 0F 10 10 10 11 0F 0F 12 10 10 10 10 0F 10 10 10 0F 0F 10 11 10 0F 0F 0F 0F 0F 0F 0F 0F 0F 0F 0F 0F 0F 
19 19 19 19 19 19 19 19 19 19 19 18 1B 17 18 18 1A 19 19 1B 1C 19 1A 19 19 17 19 1A 19 18 15 17 16 19 19 15 16 17 17 15 15 15 15 15 15 16 17 16 15 15 14 15 14 15 14 16 14 16 14 15 15 12 16 14 14 14 14 11 16 13 13 13 14 14 12 12 13 13 13 13 12 13 13 13 11 14 12 12 12 12 11 12 11 15 14 14 13 13 11 11 12 11 12 11 12 13 12 14 12 13 12 13 12 14 13 12 14 14 13 13 11 12 12 11 13 12 14 14 12 12 14 13 11 12 14 13 14 14 15 13 13 14 13 14 13 13 13 13 14 14 14 16 17 15 14 13 13 13 14 13 13 14 13 13 14 13 13 13 13 13 15 13 15 13 14 11 12 11 14 12 13 13 14 12 14 14 14 12 13 11 13 14 13 12 12 12 13 12 11 13 14 12 12 13 13 14 11 11 13 12 12 13 12 11 12 11 12 12 12 11 12 12 13 12 12 10 10 12 12 12 12 11 12 11 13 11 12 11 10 12 11 11 0F 11 10 11 11 11 11 11 10 11 10 10 12 11 11 10 11 10 0F 11 11 11 10 0F 11 12 11 0F 10 0F 11 11 10 11 10 12 0F 10 12 10 10 11 0F 13 10 10 10 0F 10 11 0F 10 10 11 11 10 11 11 0F 10 11 11 11 10 10 12 0F 10 10 10 10 10 10 10 10 10 10 10 
18 18 18 18 18 18 18 18 18 18 18 18 1B 18 17 19 1A 18 19 1A 19 1A 1A 19 1A 16 19 19 1A 18 17 18 16 19 16 17 16 16 14 14 14 15 14 14 15 14 16 17 15 16 13 14 15 15 15 15 15 16 13 16 15 13 14 14 13 13 13 11 13 13 13 12 14 14 11 14 13 12 13 14 12 14 13 12 12 14 12 13 13 13 12 12 11 15 13 14 12 13 12 11 12 11 13 11 14 13 13 13 11 12 11 14 13 13 13 12 14 12 13 13 12 12 12 11 14 12 13 14 13 12 14 13 11 13 14 13 13 14 14 13 12 15 14 14 12 12 13 11 13 13 14 14 15 16 14 13 12 13 13 13 13 13 12 14 13 13 13 13 13 12 15 12 14 12 12 12 14 11 13 12 14 14 14 13 13 15 14 12 12 10 12 12 12 12 12 11 12 11 12 13 13 11 11 13 12 12 11 10 13 12 11 11 11 11 11 10 12 12 13 10 13 11 12 12 12 11 10 12 11 12 14 11 11 11 12 11 12 11 10 11 11 10 10 10 12 11 10 11 12 11 10 11 10 10 12 12 11 11 11 11 10 11 11 11 11 0F 11 12 11 0F 0F 0E 11 10 0F 11 10 11 0F 10 11 10 0F 10 0F 11 10 10 0F 0F 11 10 0F 10 0F 10 10 10 11 11 0F 0F 10 11 10 10 0F 11 10 10 10 10 10 10 10 10 10 10 10 10 
1A 1A 1A 1A 1A 1A 1A 1A 1A 1A 1A 18 1A 19 1A 18 18 1A 18 16 17 18 18 1A 1C 1A 19 18 19 19 1A 17 17 17 18 17 16 17 17 15 16 16 16 16 16 16 16 15 14 15 15 16 16 14 15 17 14 15 15 14 15 16 14 15 14 14 14 14 14 13 11 12 11 13 15 12 12 13 13 13 12 13 13 12 13 14 15 15 13 13 13 14 12 14 13 12 13 14 11 13 11 13 13 12 13 14 12 11 13 14 13 14 14 13 13 13 11 12 11 13 11 14 12 13 11 13 12 14 14 13 12 13 15 13 13 13 14 14 13 13 13 16 14 16 15 14 13 15 12 14 13 12 13 13 15 13 12 13 13 14 14 14 13 12 15 14 13 11 13 16 13 12 13 14 13 13 15 13 13 13 11 12 14 15 13 13 12 12 12 12 13 11 13 12 12 11 13 12 11 12 11 12 12 13 0F 12 12 11 10 11 11 12 12 11 12 11 10 12 12 13 11 10 10 11 12 13 12 12 12 14 11 11 12 12 13 12 0F 11 12 13 12 12 10 12 10 11 11 0F 12 10 11 11 10 11 11 11 11 10 11 10 10 10 10 0F 12 10 11 11 10 10 11 10 10 11 0F 11 11 10 11 11 10 10 11 10 10 12 0E 0F 11 0F 12 10 0F 11 11 10 0F 10 0F 10 10 10 11 10 10 11 10 0F 0E 0F 0F 0F 0F 0F 0F 0F 0F 0F 0F 0F 
18 18 18 18 18 18 18 18 18 18 18 1A 18 1A 1B 19 19 18 1B 16 19 18 18 1A 19 1A 17 18 1B 17 19 19 18 18 18 15 16 16 18 15 15 16 17 16 15 16 16 15 14 16 16 18 15 14 15 15 15 14 14 14 15 16 14 13 14 13 13 14 13 14 12 11 11 13 15 13 13 13 12 13 12 13 13 12 13 14 12 13 13 11 13 13 13 13 14 13 12 13 12 14 11 13 13 13 12 14 13 12 13 13 14 13 14 14 13 14 12 11 12 12 11 15 12 12 12 13 13 13 13 14 13 13 16 12 14 12 14 15 13 13 14 14 14 15 14 14 13 15 12 14 13 12 13 15 14 14 12 13 12 16 13 14 14 12 13 15 12 11 13 14 12 13 12 14 14 13 14 13 12 12 11 11 13 15 11 13 12 12 12 12 13 13 13 14 12 12 14 12 11 12 11 12 12 13 0F 12 11 11 10 10 11 12 12 10 12 11 10 12 11 13 12 11 11 13 11 13 14 12 12 13 11 12 12 11 13 12 10 12 12 12 13 11 11 11 11 10 11 0E 12 10 11 11 10 11 10 11 10 10 11 10 11 0F 10 0F 12 11 12 11 10 11 11 10 11 12 0F 10 11 10 11 12 10 11 11 0F 11 11 0F 10 11 10 11 10 0F 11 11 10 10 11 0F 10 10 10 10 10 10 11 10 10 0E 0F 0F 0F 0F 0F 0F 0F 0F 0F 0F 0F 
19 19 19 19 19 19 19 19 19 19 19 17 1B 18 18 17 1A 1B 19 1B 18 1A 19 19 1A 18 1A 17 1B 18 18 19 15 1A 17 17 17 17 15 16 16 16 14 16 17 15 15 17 14 15 15 15 14 16 15 16 15 17 15 16 14 14 16 14 14 13 14 11 15 14 13 13 13 13 11 13 13 13 13 14 12 15 13 12 12 14 14 11 12 13 12 13 11 15 13 14 12 12 13 12 11 12 13 12 13 13 13 12 10 13 12 13 11 14 13 12 14 13 13 13 12 12 12 11 14 13 14 14 13 13 15 14 12 13 14 13 13 14 13 13 13 15 13 14 12 12 15 12 14 15 14 15 15 16 14 14 14 14 13 15 14 14 14 14 14 14 14 13 13 12 15 13 15 14 13 12 13 12 14 12 14 14 15 13 14 14 14 12 11 12 12 13 12 12 11 12 11 12 12 13 13 13 12 13 14 12 11 10 13 13 13 13 12 12 11 12 11 13 12 11 13 12 12 12 13 10 11 12 11 12 12 11 13 12 13 10 12 10 11 12 10 10 10 10 11 10 10 12 11 11 0F 11 11 10 12 12 11 10 11 11 0F 11 11 10 10 0F 11 12 11 10 10 0F 11 10 10 11 10 12 0F 11 11 10 0F 10 0F 11 10 10 0F 10 11 10 0F 10 0F 10 10 11 11 11 10 11 10 11 10 11 10 11 0E 11 11 11 11 11 11 11 11 11 11 11 
19 19 19 19 19 19 19 19 19 19 19 17 1A 17 17 19 1B 19 18 18 19 1A 1B 19 19 18 19 19 1A 17 16 19 16 19 17 18 17 16 16 15 17 15 14 15 15 17 17 16 15 15 15 16 14 14 15 14 15 16 14 15 14 14 15 14 14 13 14 11 14 12 14 12 13 14 12 13 14 13 13 14 11 14 12 12 12 14 12 12 13 13 13 13 11 14 14 14 12 12 13 11 13 12 14 12 13 13 12 12 11 14 12 14 12 14 14 11 13 12 13 13 12 13 12 12 14 13 14 14 13 11 13 13 12 13 14 14 13 13 14 12 13 15 12 14 12 13 14 12 14 14 14 16 16 16 13 14 14 14 13 14 13 13 13 13 14 13 14 13 14 13 15 12 14 13 14 12 13 11 13 12 13 14 14 12 13 13 13 12 12 11 12 14 13 13 12 11 12 12 12 12 13 11 13 13 13 12 12 10 13 13 12 13 13 11 10 10 13 12 12 11 12 11 12 11 12 11 11 12 12 11 12 10 12 11 12 11 11 11 10 11 11 10 10 10 11 11 11 11 12 11 10 10 10 10 11 11 12 11 11 10 0F 11 11 10 10 0E 11 12 11 10 0F 0E 11 11 10 11 0F 13 0F 10 10 10 0F 0F 0F 11 10 10 10 0F 11 10 0F 10 0F 11 10 11 10 12 0F 10 10 11 11 10 10 11 0F 10 10 10 10 10 10 10 10 10 10 10 
18 18 18 18 18 18 18 18 18 18 18 18 19 1A 19 19 18 18 19 18 17 19 19 1A 17 19 19 17 19 18 18 19 18 18 18 16 15 15 17 15 15 15 17 17 16 16 16 14 14 15 15 17 14 15 16 15 14 15 15 16 14 16 13 14 14 13 14 14 13 13 12 11 11 12 15 12 12 13 14 12 12 12 13 13 13 15 12 14 14 12 12 13 11 13 14 14 12 13 12 13 0F 13 13 13 13 14 12 12 14 14 13 12 12 13 12 14 12 12 11 14 11 14 14 13 11 13 12 15 13 14 13 13 15 12 13 12 13 13 15 13 14 15 15 17 14 14 15 15 12 13 13 13 13 15 13 13 13 13 13 14 14 16 13 13 14 15 11 12 15 16 13 13 13 13 14 13 14 13 13 12 12 12 13 14 12 14 13 12 13 12 12 11 13 13 12 11 14 12 12 13 10 13 13 12 10 12 12 11 10 10 11 13 12 11 12 12 10 13 12 13 11 10 11 12 12 13 12 12 12 13 11 11 12 11 13 11 0F 10 11 12 12 11 11 12 10 10 10 0F 11 10 11 12 10 11 10 11 11 0F 12 0F 12 0F 10 0F 12 11 11 10 11 10 10 10 10 11 0E 11 11 0F 12 11 10 10 10 10 10 11 0F 0F 10 10 12 10 10 12 10 0F 0F 12 0F 0F 10 10 0F 0F 0F 10 10 0F 0F 0F 0F 0F 0F 0F 0F 0F 0F 0F 0F 0F 
19 19 19 19 19 19 19 19 19 19 19 1A 19 19 19 19 16 1B 18 17 17 1A 17 1B 19 19 19 18 19 18 18 19 18 18 17 15 15 16 18 16 15 16 16 16 17 15 17 15 14 15 16 17 16 14 15 15 14 13 14 14 14 16 14 13 14 14 13 14 12 12 11 11 11 12 14 12 11 13 13 13 11 13 14 11 13 14 12 14 13 12 13 12 13 12 14 13 13 13 13 13 11 12 13 12 12 14 12 12 13 14 13 13 13 14 12 13 12 11 11 14 11 14 14 12 12 13 12 13 13 13 13 13 15 12 14 13 14 16 15 13 14 14 14 15 13 14 13 15 12 14 14 13 14 14 14 14 13 13 13 15 14 14 14 13 15 14 12 13 13 15 13 13 13 13 13 13 14 13 13 12 11 11 13 13 13 15 11 12 12 13 13 12 13 12 12 11 13 12 12 13 11 12 13 12 10 11 12 11 11 10 12 11 13 11 13 11 11 13 12 13 11 10 11 12 13 12 13 11 11 12 12 11 12 12 13 11 0F 0F 10 12 12 11 10 12 10 11 10 0F 12 10 11 11 0F 12 10 11 11 0F 11 10 11 0F 10 10 12 10 12 10 10 11 10 10 11 11 0E 11 11 0F 11 11 10 0F 11 10 10 11 0F 10 10 0F 11 10 10 11 11 10 0F 11 0F 0F 10 10 10 11 10 10 10 0F 0E 0E 0E 0E 0E 0E 0E 0E 0E 0E 0E 0E 
17 17 17 17 17 17 17 17 17 17 17 17 1A 18 19 18 1B 19 18 1A 1A 19 1A 19 1A 18 1A 18 19 19 17 19 16 19 17 17 18 17 16 16 17 15 16 15 16 14 18 17 16 16 14 15 15 15 15 16 14 16 14 15 15 14 14 15 14 13 13 12 14 12 13 12 14 13 12 13 14 12 14 14 12 14 13 13 11 15 12 12 13 13 12 13 12 15 13 14 13 12 12 11 11 12 13 12 13 14 13 12 11 14 12 14 12 13 15 12 13 13 14 13 12 13 11 12 14 14 14 14 14 13 15 14 12 13 14 14 13 14 14 13 14 15 13 15 13 14 14 13 14 16 14 16 16 18 14 14 14 14 14 14 14 13 13 14 13 15 13 14 14 12 15 14 15 14 13 12 13 13 13 14 13 14 14 13 14 14 13 14 13 12 14 15 13 14 13 12 11 14 13 13 14 12 12 14 13 13 13 11 13 13 12 15 12 11 12 11 11 12 13 11 14 11 12 12 13 10 11 12 12 12 12 11 13 11 12 10 12 12 10 11 10 0F 10 10 10 10 11 12 11 11 0F 10 10 10 12 11 11 11 11 10 0F 11 10 11 10 0F 11 12 10 0F 0F 0E 13 10 0F 10 0F 11 10 10 11 10 0F 0F 0F 11 0F 10 10 10 11 10 10 10 10 11 10 11 11 10 0F 10 11 11 11 10 10 11 10 10 10 10 10 10 10 10 10 10 10 10 
18 18 18 18 18 18 18 18 18 18 18 16 1A 18 17 18 1A 19 1A 19 18 19 1A 19 1B 18 1A 19 19 18 18 1A 16 19 17 18 19 18 16 16 16 15 14 15 16 16 17 18 14 15 15 15 14 16 15 16 16 15 14 14 14 13 15 14 13 14 13 12 14 12 13 13 13 13 11 14 13 13 14 13 12 14 12 13 13 14 12 12 13 13 12 12 12 15 14 15 12 13 11 11 12 11 14 12 13 13 12 13 12 12 11 14 12 14 14 12 13 13 12 13 12 13 12 11 14 13 13 13 13 12 14 13 13 13 15 13 12 15 13 13 13 17 13 14 13 14 15 13 13 15 15 16 16 16 14 14 15 14 14 14 14 14 13 13 14 14 14 14 13 13 15 13 15 13 13 13 13 12 13 12 14 13 14 12 14 13 14 13 12 12 14 14 13 13 12 11 12 13 12 13 13 13 12 13 13 12 12 11 14 13 12 12 12 12 11 12 12 12 13 11 14 11 12 12 13 11 10 11 12 11 13 11 11 11 13 10 12 11 10 11 11 0F 10 10 10 11 10 11 11 10 0F 11 11 0F 12 11 12 11 11 10 10 11 10 11 10 0F 11 11 11 0F 10 0E 11 11 10 10 0F 11 0F 11 11 10 10 10 0F 11 0F 0F 10 0F 10 10 0F 11 10 10 11 11 11 11 0F 0F 11 10 11 11 10 12 0E 11 11 11 11 11 11 11 11 11 11 11 
19 19 19 19 19 19 19 19 19 19 19 19 18 1A 1B 18 18 1A 19 18 17 19 17 1C 19 1A 19 17 19 1B 18 18 18 17 19 16 16 17 16 16 18 17 16 16 17 16 16 16 15 15 16 16 16 17 15 15 16 14 15 14 16 15 15 12 14 14 14 14 13 14 12 11 11 11 15 11 12 12 14 13 12 12 13 13 13 14 12 13 14 13 13 12 12 13 13 13 12 13 12 14 11 12 12 13 13 14 12 11 13 14 14 12 14 15 13 13 12 11 12 14 11 15 13 14 12 13 12 15 13 14 13 13 15 13 15 13 15 16 14 14 14 14 15 16 15 15 15 15 13 14 14 12 14 15 15 15 13 13 13 16 15 15 14 13 14 15 14 12 14 15 15 13 14 15 14 13 15 13 14 13 11 12 13 15 13 14 13 13 13 12 12 13 13 13 14 12 15 14 12 12 11 12 12 14 10 12 13 11 11 11 11 13 12 12 12 12 10 12 12 13 12 10 11 13 13 13 12 12 11 13 13 12 12 11 13 11 10 0F 11 13 12 10 11 12 10 11 12 0F 12 10 10 12 10 11 11 11 11 0E 12 10 11 0F 11 0F 11 11 11 11 11 10 11 10 11 11 0E 11 11 10 11 11 10 10 11 10 11 12 10 10 11 10 11 10 10 11 10 10 10 11 0F 10 11 10 11 10 10 11 10 10 0F 0F 0F 0F 0F 0F 0F 0F 0F 0F 0F 0F 
18 18 18 18 18 18 18 18 18 18 18 18 18 19 18 17 1A 19 19 18 18 18 18 1A 1A 19 18 1A 1A 19 19 19 19 18 17 16 17 16 19 14 17 16 17 16 17 15 18 14 14 15 16 17 15 14 16 15 15 14 14 14 14 16 14 13 14 15 13 14 12 13 12 11 11 12 15 11 12 13 14 13 13 13 12 12 13 16 12 14 13 11 13 14 12 12 13 13 12 13 12 13 10 13 13 13 12 14 13 11 12 15 13 13 13 13 12 13 12 11 12 12 11 14 14 13 12 14 12 13 14 14 14 13 14 13 14 13 13 14 13 13 13 14 14 17 14 14 13 15 13 14 13 14 13 15 15 15 13 13 13 16 14 15 15 14 15 14 13 12 13 15 14 13 14 13 13 14 16 13 13 12 11 12 14 15 12 13 12 13 12 13 14 12 15 14 12 12 13 13 13 12 11 13 13 12 10 12 12 11 12 10 11 13 12 12 13 11 12 13 12 13 11 0F 12 12 12 13 13 12 12 13 11 11 11 13 12 11 10 0F 11 12 12 11 10 12 10 10 10 0E 12 10 11 11 10 11 0F 11 11 10 11 10 11 0E 10 0F 11 10 11 11 11 10 10 10 11 11 0F 11 11 10 11 12 11 0F 11 10 10 12 0F 0F 11 10 11 0F 0F 11 10 0F 0F 12 0F 10 10 11 10 10 10 10 11 10 0F 0F 0F 0F 0F 0F 0F 0F 0F 0F 0F 0F 
19 19 19 19 19 19 19 19 19 19 19 18 1C 19 19 19 19 1A 19 1B 1A 1A 1B 1A 1A 19 19 1A 1B 19 19 19 16 19 18 19 17 18 17 16 17 15 16 15 15 15 18 17 15 16 15 15 14 15 16 15 15 16 15 16 14 13 15 15 14 14 13 11 14 13 13 12 14 15 12 14 14 13 13 14 11 14 13 13 12 14 12 13 13 12 12 13 13 15 13 13 13 12 12 11 13 12 13 12 13 13 13 13 12 13 11 14 13 15 13 13 14 13 13 14 11 13 12 12 14 14 14 15 12 13 15 14 13 13 14 14 13 16 13 13 13 15 14 14 13 13 14 13 14 15 15 18 17 16 15 15 16 13 15 15 14 14 14 14 16 15 14 14 14 12 16 13 15 14 13 13 14 12 15 13 14 15 15 13 15 16 14 13 13 13 13 14 14 13 12 12 13 11 12 14 13 13 13 14 13 13 12 11 15 14 12 13 13 12 12 12 13 13 12 11 14 13 12 12 13 11 12 12 12 13 12 11 11 12 12 10 12 11 11 12 11 10 10 10 11 11 10 11 12 12 10 10 11 10 11 11 11 11 10 10 0F 11 11 11 10 10 11 11 10 10 0F 0F 12 11 10 11 0F 12 0F 10 11 10 0F 11 0F 11 0F 10 10 10 11 11 0F 10 0F 10 11 11 11 11 10 10 10 11 10 10 10 11 10 11 11 11 11 11 11 11 11 11 11 11 
18 18 18 18 18 18 18 18 18 18 18 18 1C 18 19 17 1B 18 18 19 19 19 1B 18 1B 18 19 1A 1A 19 18 19 19 1B 17 17 17 17 17 17 16 15 16 14 16 16 17 16 15 16 15 14 15 15 16 16 15 16 15 15 15 13 14 14 14 13 14 12 14 13 13 12 15 14 13 13 14 12 14 13 11 15 13 12 11 14 13 12 14 12 13 12 12 14 14 14 12 12 13 11 11 12 13 11 13 13 11 13 11 13 12 13 13 13 13 12 14 13 13 13 12 13 13 12 13 12 14 16 13 12 14 14 12 13 14 13 13 15 14 14 13 16 14 16 14 14 14 13 15 14 15 16 17 16 14 14 14 13 14 16 15 16 14 14 16 15 15 14 14 13 16 14 17 13 15 13 13 13 15 13 14 15 14 14 14 14 14 12 13 11 12 14 13 13 14 13 12 12 12 14 14 13 12 14 12 13 12 11 14 13 12 13 12 11 12 10 11 12 12 11 14 12 13 12 12 11 12 11 12 11 13 11 11 11 13 11 12 11 10 11 10 10 10 11 11 11 10 11 12 11 10 10 11 11 11 12 11 11 10 10 0F 10 10 11 11 10 11 13 11 0F 10 0E 12 11 10 11 0F 12 0F 10 10 10 0F 10 10 10 0F 0F 10 10 10 10 0F 10 10 10 11 10 11 11 0F 10 11 10 10 10 0F 12 0F 10 10 10 10 10 10 10 10 10 10 10 
1A 1A 1A 1A 1A 1A 1A 1A 1A 1A 1A 19 19 18 1A 18 18 1A 18 17 17 19 19 1B 1A 1A 1A 19 1A 19 18 19 19 19 18 16 17 15 18 16 17 17 16 1A 18 18 16 14 15 16 17 18 16 13 17 15 15 16 15 15 16 16 14 13 13 13 13 15 13 14 13 12 12 11 17 12 13 13 14 13 13 13 12 13 13 15 12 14 14 13 13 13 12 13 14 12 12 13 13 14 11 13 13 13 12 14 12 12 13 16 14 12 14 14 14 13 13 10 13 13 12 14 13 13 12 14 13 14 13 14 13 14 14 12 14 13 14 16 14 13 14 16 14 16 15 15 14 16 14 16 14 13 16 16 15 15 14 13 14 16 15 16 16 14 15 15 13 13 14 16 14 14 17 15 14 14 15 15 15 13 13 13 13 15 13 14 13 13 13 14 13 11 14 14 13 11 15 13 12 12 11 14 12 12 10 13 13 12 10 11 12 12 14 11 12 11 11 12 14 12 12 10 11 13 12 13 13 12 11 12 11 11 12 11 13 11 10 10 12 12 12 11 11 12 11 10 11 10 11 10 10 11 0F 11 10 11 11 10 11 10 12 0F 10 10 12 10 11 11 10 11 11 11 11 11 10 11 11 10 11 11 10 10 11 10 10 12 0F 10 11 0F 11 10 0F 11 10 10 0F 10 10 10 10 10 10 0F 10 10 0F 10 0F 0E 0E 0E 0E 0E 0E 0E 0E 0E 0E 0E 
18 18 18 18 18 18 18 18 18 18 18 1A 18 19 18 18 19 19 1A 17 17 19 17 19 1B 19 19 18 1A 1B 19 19 18 18 17 17 16 16 18 16 16 15 16 17 18 17 16 16 14 15 15 16 16 15 15 15 14 14 14 15 16 16 15 13 14 14 12 15 13 13 11 11 12 12 16 12 13 14 13 13 12 13 13 12 13 14 11 14 13 12 13 13 12 13 13 13 11 13 12 14 10 12 12 13 13 15 12 12 13 14 13 13 13 14 14 13 12 11 11 13 11 13 13 13 12 13 12 13 13 13 13 13 16 13 13 12 14 15 14 13 14 15 14 16 14 15 15 16 14 14 14 13 16 16 15 15 14 12 14 15 15 15 16 14 15 15 13 13 16 16 14 14 15 14 15 14 15 15 15 13 12 13 14 15 12 15 13 14 13 15 13 12 14 14 13 12 15 13 13 12 11 13 12 13 0F 13 12 12 11 11 12 12 12 11 12 12 11 12 12 14 12 0F 11 12 13 13 12 12 11 13 11 12 11 11 13 12 0F 10 11 11 12 10 11 12 10 11 10 0E 11 10 11 11 10 11 11 11 11 0F 11 10 11 0E 0F 0F 11 11 12 10 10 10 11 0F 11 11 0E 11 11 10 11 12 11 10 11 0F 11 12 0F 0F 10 10 12 10 0F 11 10 0F 0F 11 0F 10 0F 10 0F 10 10 10 0F 0F 0D 0F 0F 0F 0F 0F 0F 0F 0F 0F 0F 0F 
19 19 19 19 19 19 19 19 19 19 19 18 1A 17 18 18 1B 18 18 1B 18 1A 1A 19 1A 19 1B 1A 1B 1A 18 1B 18 1A 19 18 19 17 17 18 17 14 15 15 15 16 17 18 16 17 14 16 15 15 16 15 15 17 15 16 16 14 16 15 14 13 14 13 15 14 13 12 15 14 12 13 14 13 14 14 11 14 13 13 12 15 13 13 14 13 13 13 13 14 14 14 14 13 13 10 13 14 13 12 14 13 14 14 12 15 13 14 13 13 14 12 14 13 13 13 11 13 12 11 14 14 14 14 14 13 15 13 13 13 15 14 13 14 14 15 14 16 14 14 14 14 14 14 15 16 16 18 17 19 15 15 15 14 16 15 14 15 14 15 16 15 15 15 16 13 16 14 15 14 15 14 15 13 15 15 15 16 15 14 14 15 15 14 12 14 14 15 14 14 13 13 13 14 13 14 15 12 13 14 15 13 13 12 14 14 12 13 14 13 12 11 12 12 13 11 14 13 13 12 13 11 11 12 12 12 14 11 11 11 13 12 13 10 11 11 11 10 11 11 11 11 11 11 12 10 10 11 11 10 11 11 11 11 10 11 10 11 10 11 10 0F 11 12 11 10 10 0E 12 11 10 11 0F 11 10 11 11 10 10 10 10 11 10 10 0E 10 11 11 0F 11 0F 10 11 10 10 11 10 10 11 10 11 10 10 12 0F 10 10 10 10 10 10 10 10 10 10 10 
18 18 18 18 18 18 18 18 18 18 18 17 1B 17 18 17 19 19 19 19 19 1B 1C 1A 1A 18 19 19 1A 19 18 19 18 19 17 18 18 18 16 17 16 15 15 15 16 17 17 16 16 15 15 17 14 15 15 16 15 16 14 15 14 12 15 15 14 13 14 11 15 13 13 13 13 14 11 13 14 12 13 12 12 15 13 14 13 15 12 12 13 12 12 13 12 15 14 14 13 13 12 11 12 13 13 12 14 12 12 13 11 13 12 14 13 14 12 14 14 12 13 13 12 13 13 11 14 12 14 15 13 12 14 14 12 13 15 14 13 14 15 14 13 16 14 15 15 13 15 14 15 14 16 17 17 19 15 16 15 14 14 16 15 15 16 15 16 14 14 15 16 13 18 14 17 15 17 14 14 14 15 14 16 15 15 14 16 14 14 13 13 12 14 14 14 14 13 13 14 13 13 14 14 13 13 13 14 14 12 12 14 13 12 14 12 12 12 11 12 12 13 11 14 12 12 11 13 10 11 11 12 11 13 10 12 11 13 10 12 11 10 11 10 11 10 10 10 11 11 11 12 10 10 10 11 10 12 10 11 11 11 10 10 11 10 11 10 0F 10 11 10 0F 0F 0E 12 10 10 11 10 12 0F 10 11 10 0F 10 0F 11 0F 0F 0F 10 10 11 0F 11 0F 0F 11 10 10 10 0F 10 10 11 11 11 10 11 0F 10 10 10 10 10 10 10 10 10 10 10 
18 18 18 18 18 18 18 18 18 18 18 1A 18 19 1B 17 17 19 19 18 16 19 18 1A 1A 19 1A 18 1B 19 17 19 18 18 18 17 17 16 18 16 18 18 16 18 18 18 15 15 16 17 17 18 15 15 16 15 16 14 15 15 16 17 15 13 15 14 13 15 15 12 12 11 11 12 16 12 12 13 13 13 12 13 13 12 13 15 12 13 14 13 13 14 13 13 12 12 12 14 12 14 11 14 12 13 13 14 12 12 13 14 13 14 14 14 14 14 12 12 11 13 12 15 13 14 13 12 12 14 14 12 12 13 16 13 14 13 14 15 14 13 15 14 15 17 15 15 15 18 14 14 15 14 16 16 16 17 15 14 16 18 16 17 15 15 16 17 16 14 14 18 16 14 14 15 15 14 16 16 16 15 13 13 14 17 15 16 14 13 13 15 16 13 14 14 14 13 15 14 13 13 11 13 14 14 0F 13 13 12 11 11 11 13 13 11 12 11 11 13 13 13 12 10 12 12 12 12 13 13 12 13 11 11 12 12 13 11 0F 10 12 12 12 11 11 11 10 12 11 0F 12 10 11 12 10 11 10 11 10 10 11 10 11 0F 10 10 12 10 12 11 10 10 10 10 10 11 0E 11 10 0E 11 11 10 10 12 10 10 12 10 10 11 10 11 11 10 11 10 0F 10 11 0F 10 10 10 0F 0F 0F 11 10 10 0F 0E 0E 0E 0E 0E 0E 0E 0E 0E 0E 0E 
19 19 19 19 19 19 19 19 19 19 19 1A 19 1A 19 17 18 19 19 19 17 19 19 1A 1A 1A 18 19 1A 19 19 19 19 18 18 18 16 17 18 16 17 17 17 18 17 16 16 15 15 16 16 17 15 14 16 15 14 13 14 15 14 16 15 13 14 14 13 15 13 13 12 13 12 12 15 11 13 12 12 14 12 13 13 12 14 14 12 14 13 11 12 12 13 14 14 13 13 13 12 13 11 14 13 13 12 14 12 12 13 14 14 14 14 14 13 13 12 12 10 13 11 14 14 13 12 13 12 13 13 13 13 13 15 13 14 13 14 16 14 15 14 14 14 18 15 15 14 16 13 15 14 14 15 17 16 17 17 16 15 18 16 17 16 15 17 15 14 13 16 17 15 16 15 16 16 16 17 15 14 14 12 13 15 17 13 16 15 13 13 15 14 13 15 15 14 13 15 13 12 13 12 13 13 13 11 13 13 12 11 11 11 13 13 12 13 12 11 12 12 13 13 10 11 13 12 13 12 12 12 13 11 11 11 12 13 12 10 0F 11 13 12 11 11 12 10 11 11 0F 11 10 10 11 10 11 10 11 10 0F 11 0F 12 0F 10 0F 12 10 11 10 11 10 10 0F 10 11 0F 11 11 0F 11 11 10 10 11 10 10 12 0F 0F 11 10 11 10 0F 12 10 0F 10 11 0F 10 10 11 0F 10 11 11 10 0F 10 0F 0F 0F 0F 0F 0F 0F 0F 0F 0F 0F 
19 19 19 19 19 19 19 19 19 19 19 17 1A 18 18 19 1A 19 18 1A 19 1A 1B 18 1B 18 19 1A 1B 1A 18 1B 18 19 18 1A 1B 19 17 16 17 17 16 16 17 15 18 18 16 15 15 17 16 15 17 17 15 16 15 14 15 13 16 15 14 14 13 13 14 14 14 14 14 14 13 13 13 13 13 13 13 15 14 13 12 14 13 12 13 13 13 12 12 14 13 14 13 13 12 12 13 13 13 14 13 13 12 13 11 14 13 14 13 14 14 11 13 12 13 13 13 14 11 12 14 14 14 13 14 12 14 14 13 14 15 14 15 15 14 14 13 17 15 15 14 15 15 13 16 15 17 16 18 17 16 17 16 15 17 17 16 16 17 16 19 17 17 17 16 17 18 16 17 16 16 14 16 14 17 16 16 15 17 15 15 15 16 13 13 13 14 15 14 14 13 13 12 14 14 14 15 13 13 14 14 13 13 11 14 14 12 14 13 13 13 12 12 13 12 11 14 11 13 11 12 10 10 12 12 12 13 11 13 11 13 11 12 11 10 12 11 10 10 11 11 12 11 11 11 10 10 11 11 0F 11 11 11 11 11 10 0F 10 11 10 10 0F 11 11 11 10 0F 0E 12 11 10 11 0F 12 0F 10 11 10 10 10 0F 12 10 10 10 10 12 10 0F 10 0F 11 11 11 11 11 0F 0F 10 11 11 11 0F 11 0F 11 11 11 11 11 11 11 11 11 11 11 
1B 1B 1B 1B 1B 1B 1B 1B 1B 1B 1B 18 1A 18 18 19 1A 18 19 1B 1A 1A 1A 19 1A 18 18 19 19 19 18 19 17 1A 18 18 19 17 17 18 16 16 16 15 17 16 17 17 16 16 14 15 16 15 16 16 16 16 15 14 14 13 16 15 15 13 14 11 15 12 13 12 14 14 12 13 13 12 13 14 12 14 14 12 12 13 13 13 13 13 12 13 12 14 13 14 13 13 12 11 11 13 13 13 14 13 13 12 11 12 13 14 12 13 13 13 14 12 13 14 12 13 12 12 13 14 14 14 12 13 14 13 13 14 14 13 14 14 14 13 14 16 14 15 14 15 16 14 16 18 16 17 18 18 17 16 17 16 17 18 18 16 16 16 18 16 17 16 17 15 18 15 18 17 16 15 15 14 16 14 15 16 17 14 16 14 16 14 14 13 14 16 15 14 13 13 14 14 14 14 14 13 14 15 13 14 13 11 14 14 12 13 13 12 10 13 13 12 12 11 14 12 13 11 13 11 10 12 12 11 13 12 13 11 13 10 12 11 11 11 10 10 11 11 11 11 10 12 11 11 0F 11 11 10 12 11 11 11 11 10 10 10 10 11 10 0F 12 11 11 0F 0F 0E 11 10 0F 11 10 11 10 10 11 10 10 10 0F 11 10 10 0F 0F 11 11 0F 10 10 10 11 11 11 11 0F 10 10 11 11 10 10 12 0F 11 11 11 11 11 11 11 11 11 11 11 
1A 1A 1A 1A 1A 1A 1A 1A 1A 1A 1A 1A 19 18 1B 17 17 1A 18 18 18 1A 18 1A 18 19 19 18 1B 18 1B 1C 19 1C 1A 17 16 16 18 15 18 17 18 18 18 16 16 17 15 16 15 18 16 16 16 16 15 14 15 16 15 16 14 13 15 14 13 15 15 14 12 12 11 11 14 12 13 14 14 15 13 13 13 13 12 15 12 15 14 12 13 12 12 13 13 14 13 15 12 14 10 13 13 13 13 15 13 12 14 15 14 13 13 14 13 14 13 14 12 12 11 15 13 13 12 14 14 13 14 14 13 12 15 14 13 14 13 15 15 13 15 15 14 17 16 15 14 15 14 17 14 14 16 16 17 18 15 16 16 19 18 1A 18 16 19 19 17 16 18 1A 17 16 17 19 19 17 18 17 16 15 15 15 15 17 14 16 14 14 14 14 15 13 15 14 14 13 15 14 13 14 12 14 13 13 12 14 13 13 11 11 14 13 13 12 12 11 12 12 13 13 13 10 11 12 12 13 13 12 12 13 12 12 12 12 13 12 11 10 11 12 12 11 11 11 10 11 12 0E 12 11 11 12 10 10 10 10 11 10 11 10 11 0E 10 0F 13 10 12 11 10 10 11 10 11 11 0E 11 10 10 12 12 11 10 11 10 12 11 0F 10 11 0F 12 10 0F 11 10 10 0F 10 0F 10 0F 10 0F 10 10 11 10 10 10 0E 0E 0E 0E 0E 0E 0E 0E 0E 0E 0E 
18 18 18 18 18 18 18 18 18 18 18 1A 18 19 1A 17 17 1A 19 18 17 18 17 1A 18 18 19 1A 1A 18 1A 19 19 18 18 17 16 17 17 17 16 16 18 18 18 17 17 14 16 15 16 18 17 15 16 16 16 15 15 15 15 15 14 13 14 14 13 14 13 12 12 13 11 13 15 12 13 14 14 13 13 12 14 12 14 14 12 14 16 13 14 13 12 13 14 13 13 13 13 14 11 13 12 13 13 14 12 12 13 14 14 13 14 14 14 13 11 11 12 13 11 15 14 14 12 13 12 14 14 13 13 13 15 13 14 14 14 15 14 14 15 16 14 17 15 15 16 15 14 15 16 15 15 18 17 18 16 15 17 19 18 19 18 19 18 19 17 17 19 1A 18 18 18 18 18 16 18 18 17 17 14 16 16 18 14 15 15 14 15 15 16 14 16 16 15 11 13 14 14 14 11 14 13 14 11 13 14 11 11 10 13 13 13 11 13 11 11 13 13 14 12 11 11 13 13 13 13 12 11 13 11 13 12 12 13 11 10 0F 11 13 12 11 10 11 11 11 10 0F 12 0F 10 11 10 11 0F 11 10 0F 11 10 10 0F 0F 0F 11 10 11 11 10 10 10 10 10 10 0F 10 12 10 11 11 10 10 11 10 10 11 10 0F 11 10 12 10 0F 12 10 0F 0F 11 0F 0F 10 10 10 10 10 11 10 10 0F 0F 0F 0F 0F 0F 0F 0F 0F 0F 0F 0F 
19 19 19 19 19 19 19 19 19 19 19 18 1A 17 18 18 1A 1A 19 1A 1A 1A 1A 1C 1B 19 1B 1B 19 18 19 1A 16 1B 1A 18 18 19 17 17 17 15 18 15 17 17 17 18 16 17 15 15 16 16 16 17 15 17 16 16 15 13 16 16 15 13 15 14 14 13 14 13 15 14 12 15 14 12 16 14 12 16 14 13 13 14 13 12 12 13 13 13 12 16 14 14 13 12 12 12 13 12 14 13 13 14 13 13 12 14 12 14 13 14 13 13 14 14 14 14 13 14 13 12 14 13 15 14 12 12 15 14 13 14 14 13 15 15 15 15 14 16 15 16 13 14 15 14 15 17 17 18 1A 1A 17 16 19 17 19 19 19 1D 19 1C 1B 18 19 1A 18 19 1C 18 19 19 18 18 18 16 16 16 17 18 18 16 18 16 17 16 14 14 15 15 14 15 14 15 13 13 17 15 15 14 14 14 14 15 14 13 15 14 13 13 13 12 12 12 14 13 14 11 14 13 12 12 13 11 11 11 11 12 14 12 12 12 14 11 12 12 11 11 10 10 10 11 11 11 12 11 12 11 10 11 11 10 11 11 11 11 11 10 10 12 11 11 10 0F 12 11 10 10 10 0E 12 10 10 11 10 13 0F 10 10 11 0F 11 0F 11 10 10 10 0F 11 10 0F 11 10 10 11 11 11 10 10 10 10 11 11 11 0E 12 10 10 10 10 10 10 10 10 10 10 10 10 
19 19 19 19 19 19 19 19 19 19 19 18 1B 18 18 18 19 19 19 1A 18 19 1B 1A 1B 17 1A 19 19 1A 17 1A 18 1A 18 18 18 19 17 17 18 15 17 16 16 17 17 18 15 16 15 15 16 17 16 16 15 20 15 15 14 14 15 15 14 13 13 12 14 14 15 13 15 13 13 14 13 12 14 13 12 14 13 12 13 16 13 13 13 12 12 13 12 15 14 14 14 12 13 12 12 12 14 13 14 13 13 13 11 12 12 14 12 14 13 12 14 12 13 13 12 12 12 11 14 12 15 14 14 12 14 14 13 14 15 13 15 15 15 14 14 16 14 17 14 14 16 14 15 17 17 18 18 1B 17 17 18 17 19 1C 1A 1A 19 1A 1C 1A 1B 1B 1C 19 1B 19 1B 18 19 16 17 17 19 16 17 18 18 16 17 17 18 15 14 14 15 16 15 15 14 14 15 14 15 14 14 14 14 15 14 14 13 12 15 14 12 14 12 12 14 12 12 12 13 11 14 12 12 11 13 11 12 12 12 12 13 12 12 12 13 10 12 12 11 11 11 0F 10 10 10 11 11 10 11 11 0F 11 11 10 12 11 11 12 10 10 10 11 10 11 10 0F 11 12 11 10 0F 0F 12 10 10 10 0F 13 0F 11 11 10 10 10 10 12 10 10 0F 10 11 10 0F 11 0F 10 11 11 12 11 0F 0F 10 11 10 11 0F 11 0F 11 11 11 11 11 11 11 11 11 11 11 
19 19 19 19 19 19 19 19 19 19 19 1A 1A 1B 1B 18 17 19 19 18 17 19 17 1C 19 1A 18 19 1B 1B 19 19 1A 18 19 18 17 17 18 17 17 18 17 18 17 17 16 16 15 15 15 17 15 15 18 15 15 15 16 15 15 16 16 15 16 14 13 15 13 13 12 12 11 13 16 13 12 14 14 14 13 13 12 12 14 14 12 14 15 12 14 14 12 13 14 13 13 15 12 13 11 13 13 13 13 14 12 13 14 15 14 13 14 13 13 13 12 11 11 13 13 14 13 13 12 15 13 14 13 14 14 13 15 13 15 14 14 16 14 13 14 17 15 18 16 16 16 17 15 16 16 15 18 19 1A 1A 1A 18 1A 1B 1C 1E 1C 1C 1E 1D 1D 1B 1C 1D 1B 1A 1A 1A 1B 1B 19 1A 19 17 16 16 18 1A 15 17 17 16 15 16 16 15 15 16 16 14 16 16 15 14 13 14 15 14 12 14 13 13 12 13 13 13 13 11 13 12 12 12 12 13 13 10 11 13 13 13 13 12 12 13 11 12 12 12 12 11 0F 10 11 12 13 11 11 12 10 11 11 0F 12 10 10 11 10 11 10 11 12 10 11 10 11 0E 10 0F 12 11 11 11 10 10 10 10 10 11 0F 11 11 10 11 11 10 10 11 10 11 12 0F 10 11 0F 12 10 10 11 10 10 10 11 0F 0F 10 10 10 10 10 10 10 10 0E 0E 0E 0E 0E 0E 0E 0E 0E 0E 0E 0E 
19 19 19 19 19 19 19 19 19 19 19 19 19 18 19 19 18 19 19 18 16 18 16 1A 19 1A 19 18 1B 18 19 1A 19 19 18 18 18 16 19 16 15 16 18 17 17 17 17 15 16 16 15 17 16 15 16 17 15 15 15 15 15 15 15 14 14 14 12 16 14 13 13 12 11 12 16 12 13 14 13 13 11 13 12 13 14 14 12 13 14 13 13 12 13 14 13 13 12 14 13 13 11 13 14 13 14 14 13 12 13 15 14 13 13 15 14 13 11 11 11 13 12 14 14 14 12 13 12 15 14 13 14 15 16 13 14 14 14 15 14 14 14 14 15 18 16 17 15 17 14 16 16 15 18 18 1A 19 17 1A 19 1D 1B 1E 1E 1E 20 20 1C 1D 1E 20 1E 1C 1D 1B 1B 1C 1B 1A 18 17 15 18 17 18 17 17 16 16 17 17 17 14 16 16 15 14 16 15 14 14 13 14 15 13 11 14 13 12 12 11 12 14 12 12 13 12 11 13 12 14 13 10 11 12 13 12 13 12 12 14 11 12 12 11 13 10 10 10 11 12 12 11 11 12 11 11 10 0F 12 0F 10 11 0F 11 10 10 11 0F 11 0F 10 0E 10 10 12 10 12 10 10 10 11 0F 10 10 10 11 11 0F 11 12 10 10 11 10 11 11 10 0F 11 10 11 10 0F 11 10 10 0F 11 0F 10 10 10 10 10 10 10 10 10 0E 0E 0E 0E 0E 0E 0E 0E 0E 0E 0E 0E 
1A 1A 1A 1A 1A 1A 1A 1A 1A 1A 1A 18 1B 19 17 17 1B 18 18 1A 18 19 1A 19 1B 1A 1A 18 1C 1A 17 1A 1A 1A 18 18 19 1A 16 18 17 16 16 16 15 17 17 18 16 16 15 16 16 16 15 16 16 18 15 16 17 14 17 15 14 14 14 12 15 14 14 14 15 14 12 14 13 12 14 14 13 15 14 13 14 14 13 13 14 13 13 13 12 16 14 15 13 14 14 12 14 13 13 12 13 13 13 14 12 13 12 14 13 15 14 14 14 13 13 14 13 13 13 12 14 13 15 14 14 13 15 16 14 13 16 14 14 15 14 15 14 16 17 16 13 14 17 17 17 18 17 1B 1B 1B 1A 18 1B 1B 1D 1E 1E 20 1D 21 21 21 21 22 20 21 22 1F 22 1E 1C 1C 1E 1A 1B 1A 1B 1A 1A 18 18 17 18 17 17 14 18 18 16 18 14 15 15 16 16 17 16 14 15 15 15 15 14 13 14 14 14 14 13 13 13 13 13 13 13 11 14 13 12 12 14 11 11 13 12 12 14 11 12 11 13 11 12 12 13 12 11 10 10 11 11 10 11 12 12 11 11 11 10 10 12 11 11 11 10 11 10 12 11 11 10 0F 11 11 11 10 0F 0F 12 11 10 11 0F 12 0F 10 10 10 0F 10 10 11 10 10 10 10 11 10 10 11 10 10 11 10 10 12 10 0F 10 11 11 11 10 12 0F 11 11 11 11 11 11 11 11 11 11 11 
18 18 18 18 18 18 18 18 18 18 18 19 1A 19 18 17 19 19 19 19 18 19 1C 19 1A 18 1A 1A 1B 1A 18 1A 18 1A 1A 19 18 19 16 18 17 18 16 16 17 16 18 18 16 16 14 16 15 15 16 16 15 16 15 16 14 14 15 15 13 14 14 12 16 14 15 14 14 14 13 14 14 12 15 14 13 15 14 14 12 15 14 12 14 14 13 13 13 15 14 14 13 13 12 12 13 13 14 12 13 14 12 14 12 13 14 14 13 14 13 13 15 13 14 13 12 14 12 12 14 14 14 15 13 12 15 14 12 14 14 14 15 15 16 14 14 16 16 17 14 14 17 15 16 18 18 1B 1A 1A 19 1B 1C 1C 1C 1F 20 1F 23 24 26 26 23 24 23 24 26 25 23 21 1D 1C 1D 1A 1C 1A 1B 1A 1B 18 19 18 1B 17 17 16 16 17 17 17 14 15 16 15 16 16 16 15 14 16 15 14 13 12 16 14 14 14 14 12 12 11 12 11 13 11 14 12 14 13 13 12 10 12 12 11 13 11 12 11 12 11 13 11 11 13 11 0F 0F 11 11 11 11 11 11 10 0F 10 11 10 12 11 11 11 10 10 0F 11 10 11 0F 0F 12 12 11 10 0F 0E 11 10 10 11 0F 11 0F 10 11 10 0F 10 10 11 0F 11 0F 10 11 10 0F 10 0F 10 10 10 11 11 0F 10 10 11 11 11 0F 11 0F 11 11 11 11 11 11 11 11 11 11 11 
19 19 19 19 19 19 19 19 19 19 19 19 1A 19 1B 19 18 19 19 18 17 18 17 19 19 19 19 19 1A 1A 18 19 19 19 19 16 17 16 19 17 18 17 1A 19 19 17 18 16 15 16 17 17 16 15 15 16 15 14 16 14 16 16 15 13 14 14 13 14 14 13 12 12 12 12 15 14 12 13 15 13 12 13 13 13 14 15 14 14 15 13 14 13 14 14 13 13 14 14 13 14 12 13 13 12 14 14 12 13 13 15 13 13 14 14 13 14 12 12 13 14 11 15 13 15 12 15 13 15 14 14 15 14 16 14 15 14 15 16 14 14 15 15 17 18 16 17 15 18 17 18 18 18 19 1B 1C 1B 1B 1D 20 23 22 26 2A 27 2B 2C 2C 2B 2B 2A 2A 2A 27 25 22 23 20 20 1E 1C 1A 1A 1C 1D 19 1A 19 18 18 19 18 17 17 17 17 15 17 17 15 15 15 15 16 16 13 14 14 13 12 12 13 14 13 13 13 12 11 13 12 14 13 11 12 13 13 13 14 12 13 14 12 12 12 12 13 12 10 10 11 12 13 11 11 12 11 11 11 0F 12 10 10 11 10 11 11 11 11 0F 11 10 11 0E 10 10 12 10 11 12 10 10 11 10 10 11 0F 11 10 10 11 11 10 0F 11 10 11 11 0F 10 11 10 12 10 10 11 10 10 0F 11 0F 10 10 11 10 11 10 10 10 0F 0F 0E 0E 0E 0E 0E 0E 0E 0E 0E 0E 0E 
18 18 18 18 18 18 18 18 18 18 18 1A 18 18 1A 19 16 19 18 17 17 18 18 19 18 1A 18 19 1B 19 19 1B 19 18 18 17 16 18 19 15 17 17 17 17 17 17 16 15 17 16 17 17 16 15 17 15 15 14 15 15 15 15 14 14 15 15 13 16 13 13 12 13 13 12 16 12 13 14 13 12 13 13 13 12 13 15 13 14 15 12 13 14 13 14 14 13 13 13 14 14 11 13 13 13 14 14 12 13 13 16 14 13 16 14 13 13 13 12 12 14 13 16 13 14 13 14 14 14 14 14 14 13 16 15 16 14 15 16 15 14 15 16 16 19 17 17 15 17 16 18 1B 17 19 1A 1B 1C 1F 1D 22 23 27 2D 32 2E 2B 2F 31 33 31 33 2F 2B 2C 25 28 24 23 22 20 1E 1B 1C 1E 1E 1B 1D 1B 18 19 1A 19 18 18 18 17 15 17 17 15 15 14 15 15 15 11 15 14 13 11 13 13 13 14 11 14 12 11 13 13 13 12 11 11 13 12 13 13 12 12 13 11 11 13 12 13 11 10 0F 12 12 12 10 10 13 10 10 11 0F 12 10 10 11 10 11 11 10 10 0F 12 11 12 0F 10 0F 12 10 12 11 11 10 11 0F 10 11 10 11 11 10 11 11 10 10 10 10 11 11 0F 10 11 10 12 10 10 11 10 10 0F 11 0F 10 10 11 10 10 10 10 10 0F 0E 0E 0E 0E 0E 0E 0E 0E 0E 0E 0E 0E 
19 19 19 19 19 19 19 19 19 19 19 1A 1A 19 18 17 1B 18 18 1A 1B 19 1B 17 1B 19 1A 1A 1C 1A 1A 19 18 1B 19 1A 18 19 17 19 18 18 16 17 18 16 18 19 16 17 16 16 15 16 15 17 16 17 15 16 16 15 15 15 16 14 15 13 16 14 15 14 15 15 12 14 14 14 14 14 12 16 15 14 12 16 12 13 14 14 13 13 13 16 14 14 13 13 12 13 14 13 14 12 14 16 12 15 11 13 13 15 13 15 13 13 16 13 13 14 13 14 13 13 14 13 15 15 14 13 14 16 14 16 17 15 15 16 16 15 15 17 16 17 16 15 18 18 19 19 18 1E 1F 1F 1E 1C 1E 20 22 29 2E 33 36 37 3B 39 3F 43 3D 3B 3F 3A 36 2D 2F 2B 29 24 22 24 22 22 21 1D 1E 1E 20 1B 1C 1A 1B 1A 1A 18 17 16 18 16 16 16 17 16 16 16 15 16 14 14 16 14 14 14 14 13 14 13 14 13 13 12 15 12 13 12 13 11 11 13 12 12 14 12 12 12 14 11 12 12 10 13 10 10 11 11 12 10 11 11 12 11 0F 10 11 0F 12 11 11 11 12 11 10 10 10 11 10 0F 11 12 11 10 0F 0E 12 10 10 11 10 12 0F 10 11 11 10 10 10 11 10 10 0F 10 10 11 0F 11 0F 11 11 10 11 12 10 0F 11 11 11 11 0F 11 10 11 11 11 11 11 11 11 11 11 11 11 
19 19 19 19 19 19 19 19 19 19 19 1B 1C 18 17 17 1A 17 19 1B 19 1A 1C 18 19 19 1A 1A 1A 1A 19 1A 19 1A 19 18 19 18 15 17 19 17 16 16 17 17 19 19 17 16 17 16 16 17 16 17 16 17 15 18 15 14 16 15 14 14 15 12 15 14 15 14 15 14 12 14 14 14 16 15 13 15 15 14 12 15 14 13 14 14 14 13 12 16 15 15 13 14 14 12 14 13 14 13 14 14 13 14 12 14 13 15 13 14 14 13 14 14 14 15 13 13 14 13 14 14 16 15 14 14 15 15 13 15 16 15 14 16 16 15 14 17 16 16 17 17 19 17 17 19 1A 1C 1D 1F 1D 1F 21 25 2A 2E 31 38 40 3F 46 48 4A 4E 4B 46 4A 48 3F 39 35 33 2D 2B 28 23 24 24 24 1F 20 1E 1C 1C 1B 1A 1A 1B 19 19 19 19 19 18 16 17 17 16 17 16 16 15 15 12 16 14 14 15 14 14 14 14 13 14 14 12 15 13 14 12 14 11 12 12 13 12 13 12 13 11 13 11 13 12 11 12 11 10 10 11 12 11 11 11 11 11 10 10 12 10 12 11 11 11 11 11 0F 11 11 10 10 10 11 11 11 10 10 0E 13 10 10 11 10 11 0F 10 11 10 10 11 10 12 10 0F 10 10 12 11 0F 10 10 10 11 11 11 12 0E 0F 10 11 11 10 10 11 0F 11 11 11 11 11 11 11 11 11 11 11 
19 19 19 19 19 19 19 19 19 19 19 1B 1A 1B 1B 18 17 1A 18 19 17 18 17 1A 1B 1A 18 18 1A 19 19 1B 19 19 19 17 18 17 18 16 18 18 19 17 17 17 18 14 15 16 17 17 17 16 15 16 16 15 15 15 16 16 15 13 15 14 14 17 14 13 14 12 11 13 16 12 13 14 14 14 14 13 14 13 14 15 14 15 14 13 14 14 13 14 13 13 13 14 14 14 11 14 13 13 13 15 13 13 14 15 14 14 14 15 15 16 13 13 13 13 12 15 14 14 13 15 14 13 14 14 14 15 17 14 16 15 16 17 14 16 17 18 16 19 1B 19 18 18 16 1B 1A 19 1B 22 20 23 22 29 2C 36 3A 42 4C 50 54 5C 5A 5D 61 5D 58 59 4E 46 46 3A 38 31 2E 2A 26 25 29 27 22 25 20 1F 1E 1D 1B 1B 1B 1A 1A 1A 1A 1A 15 16 15 16 17 16 14 17 15 14 12 13 15 14 13 12 14 12 12 14 15 14 13 12 12 12 12 14 13 13 12 12 11 12 13 11 13 12 11 10 12 13 13 11 11 12 10 12 10 0F 12 10 11 11 10 11 10 10 10 0F 12 10 11 0E 10 0F 12 10 11 10 11 11 12 10 11 11 0F 10 11 10 12 12 11 10 11 10 10 11 0F 10 11 10 11 10 10 11 10 10 0F 10 0F 11 10 11 10 10 10 10 0F 10 0E 0E 0E 0E 0E 0E 0E 0E 0E 0E 0E 0E 
18 18 18 18 18 18 18 18 18 18 18 19 1A 1A 1B 17 18 1A 1A 16 19 17 17 1A 1A 1B 19 19 1B 19 18 1A 1B 19 18 18 17 17 19 16 18 16 17 18 18 18 18 15 15 16 16 18 16 15 17 16 16 16 15 15 15 16 15 14 14 16 14 16 14 14 12 12 13 12 17 12 13 15 14 14 13 15 14 13 14 15 14 14 16 14 13 13 13 14 14 14 14 14 14 13 12 13 13 13 14 14 13 13 14 15 14 14 15 15 14 15 13 12 13 14 12 15 14 14 13 14 13 16 15 15 14 14 17 16 15 16 17 18 16 16 17 17 17 19 19 19 19 1B 19 19 1B 1C 1D 1E 22 23 27 29 2D 3C 43 4A 55 5A 62 6B 70 67 6D 6E 6B 6A 5F 58 4D 47 41 3B 36 31 28 2B 29 29 25 25 20 20 1F 1D 1E 1D 1B 1A 1C 19 19 1C 17 17 16 17 17 16 13 16 16 14 13 13 13 15 15 13 14 14 12 13 14 14 13 11 12 14 14 14 13 12 12 13 13 12 12 12 14 12 10 10 12 13 12 11 11 12 10 11 10 0F 11 0F 10 11 0F 11 11 11 11 10 11 10 11 0F 11 10 12 10 12 11 11 10 11 0F 11 10 0F 10 10 0F 11 12 10 10 11 11 11 12 0F 0F 11 10 11 10 0F 11 10 10 0F 11 0F 10 10 10 10 10 10 10 10 0F 0F 0E 0E 0E 0E 0E 0E 0E 0E 0E 0E 0E 
1A 1A 1A 1A 1A 1A 1A 1A 1A 1A 1A 19 1A 1A 17 19 1B 17 19 1B 1A 19 1D 1A 1D 18 1A 1A 19 1A 18 1A 17 1B 19 1A 18 1A 17 18 19 16 15 16 16 16 17 17 16 16 15 15 17 16 16 16 16 16 15 17 16 16 16 14 15 13 14 13 16 14 14 13 16 15 13 14 13 14 14 14 13 17 14 13 13 16 13 13 15 14 13 14 12 16 14 15 13 14 13 13 15 13 14 13 14 14 13 13 12 14 14 14 13 15 14 15 16 14 14 15 13 14 14 13 15 15 15 17 14 14 16 15 14 15 18 18 15 17 16 16 16 1A 19 18 17 19 1B 18 1B 1B 1D 20 21 24 27 27 2A 2B 37 41 4C 57 65 6C 76 7D 82 83 86 83 84 7B 78 6B 5D 54 4C 45 3F 3C 36 30 2F 2B 2E 26 27 21 22 20 1F 1F 1D 1C 1C 1A 1C 18 18 1A 18 17 18 17 17 18 16 14 17 17 14 17 14 14 14 13 13 13 14 11 15 13 14 12 13 13 12 12 13 12 13 11 12 12 13 11 12 11 10 12 12 10 10 11 11 11 11 11 12 11 10 11 11 10 12 11 11 12 11 10 0F 11 10 10 10 0F 11 12 11 0F 0F 0F 11 10 10 12 10 12 0F 10 11 10 0F 10 0F 11 0F 10 0F 10 11 11 0F 10 0F 10 11 11 11 11 10 0F 11 11 10 11 0F 11 0F 11 11 11 11 11 11 11 11 11 11 11 
19 19 19 19 19 19 19 19 19 19 19 19 1B 17 18 17 1A 18 18 1B 1A 19 1B 19 1A 17 1B 1A 1A 1A 18 19 18 1B 19 19 19 19 18 18 18 17 17 17 16 16 18 18 16 16 16 15 15 14 16 15 16 17 16 16 15 14 16 15 14 15 14 13 15 13 14 14 15 16 12 14 15 12 15 14 13 17 14 14 12 15 13 13 14 14 13 14 13 16 15 16 14 14 13 11 13 12 14 13 14 14 14 15 12 13 13 14 14 15 15 12 15 15 14 15 13 14 13 14 14 14 16 16 16 13 16 16 15 17 17 16 16 17 17 17 18 19 18 19 19 18 1A 19 1D 1C 1E 21 24 26 26 27 2C 32 3A 44 54 61 6E 7B 88 90 94 96 9B 9A 9C 95 8B 7E 76 66 5C 4D 4A 40 39 37 33 2C 2C 29 27 24 21 21 20 20 1D 1C 1C 1A 19 1A 1B 1A 19 19 17 18 17 17 16 16 16 17 15 15 15 15 15 14 13 13 14 12 15 13 13 13 14 12 11 12 12 13 14 12 12 12 13 11 12 12 11 12 11 10 11 10 12 11 11 11 11 10 0F 10 11 10 11 11 11 11 10 10 0F 11 10 11 11 0F 11 12 11 10 0F 0E 12 10 10 11 0F 12 0F 10 11 0F 10 10 0F 11 0F 10 10 10 11 10 0F 11 10 10 11 10 11 10 0F 10 11 11 11 10 0F 12 10 11 11 11 11 11 11 11 11 11 11 11 
19 19 19 19 19 19 19 19 19 19 19 18 18 19 1B 17 18 19 1A 18 19 19 18 1A 19 1C 18 18 1A 1A 1A 18 1A 1A 1A 18 17 16 19 16 18 18 19 19 18 16 17 15 16 16 16 17 17 14 16 17 15 15 15 16 16 18 15 15 15 15 14 16 14 16 12 12 13 12 16 13 15 14 16 14 14 14 14 14 14 15 14 15 16 14 15 12 14 15 15 15 13 14 14 15 13 15 15 15 15 16 15 13 13 16 16 14 15 14 15 14 13 13 12 16 13 1A 14 14 15 16 14 17 15 15 16 16 18 16 17 16 16 18 17 19 18 18 19 1A 1A 1C 1B 1D 1E 1E 1E 1F 21 24 29 26 2F 37 3D 4C 56 6C 7D 92 A0 A8 AC AD B0 B6 B2 AD A2 9A 8B 7B 6B 64 54 4B 43 3B 37 36 30 30 2C 2B 26 24 25 21 21 1E 1F 1A 1E 1C 1A 19 17 19 18 17 14 16 17 15 14 14 15 15 15 16 15 13 13 14 15 14 13 12 14 15 13 15 14 12 12 14 12 13 12 12 13 11 10 12 12 12 12 13 11 12 11 11 12 0F 12 10 11 11 10 11 10 11 11 0F 11 10 11 10 10 10 12 10 11 11 10 10 10 0F 10 11 0F 10 10 0F 11 11 10 11 12 11 11 12 10 0F 11 10 12 10 10 12 10 0F 10 11 0F 10 10 0F 10 0F 11 11 11 10 0F 0F 0F 0F 0F 0F 0F 0F 0F 0F 0F 0F 
18 18 18 18 18 18 18 18 18 18 18 19 19 19 1B 17 18 1B 18 18 17 18 18 19 18 19 17 18 19 19 19 19 19 18 19 19 16 17 19 17 17 17 18 18 18 17 17 16 15 16 17 17 16 16 17 16 16 16 16 15 15 19 15 15 14 15 14 15 14 14 13 12 13 12 16 13 13 15 16 15 15 14 14 14 14 16 13 15 15 14 14 14 14 15 14 13 15 15 12 16 12 14 14 13 15 16 14 14 14 16 15 14 14 15 14 14 13 12 13 15 12 17 15 14 13 15 14 15 16 16 17 16 17 16 16 16 1A 19 16 18 18 19 18 1D 1B 1B 1B 1F 1D 1E 1F 22 21 25 2B 28 32 34 3E 4F 60 74 8A 9B AC B6 BE C7 C8 C7 C6 C2 B5 AD A2 8F 7C 6A 63 56 4B 44 3D 3B 33 33 33 29 29 25 26 24 20 21 1F 1C 20 1E 1B 1C 18 19 1A 19 15 17 18 15 16 15 15 15 15 13 15 13 14 15 14 16 15 11 12 14 13 14 15 13 13 13 12 12 13 13 14 12 11 10 12 12 12 12 10 12 11 10 11 10 11 0F 11 11 10 11 0F 11 10 10 11 10 11 0F 10 0F 13 10 12 11 10 10 10 0F 11 11 0F 11 10 10 12 11 10 10 11 0F 11 12 0F 10 11 10 11 10 10 11 0F 0F 0F 11 0F 10 10 10 0F 10 10 10 10 0F 10 10 10 10 10 10 10 10 10 10 10 10 
18 18 18 18 18 18 18 18 18 18 18 18 1B 1A 18 1A 1B 18 18 18 19 1A 19 1A 1B 19 1A 1B 1A 1A 19 19 19 1B 19 1A 18 1A 18 18 18 16 17 18 18 18 18 17 17 16 17 16 16 16 17 17 16 16 18 17 16 15 16 18 14 15 16 12 16 15 14 14 15 15 15 14 15 14 16 15 12 15 16 14 14 16 14 14 15 15 14 14 14 16 16 15 14 14 13 13 13 13 14 16 15 15 15 16 12 14 14 14 15 16 15 14 16 14 16 14 13 16 14 14 16 15 17 17 15 16 16 17 15 16 17 16 18 18 19 17 17 1B 1A 1B 1D 1D 1D 1C 20 22 24 24 24 2A 2B 2B 31 37 46 50 5F 77 8D AA B6 C6 CE DA D8 E1 E3 DB D0 C4 B5 9F 92 7B 6D 60 5A 4F 49 3E 3A 34 34 33 2B 2B 26 26 26 24 21 1F 1E 1C 1D 1D 1B 1B 19 1B 1A 19 17 16 18 17 15 17 15 15 15 14 15 14 15 14 15 15 15 13 14 12 12 12 13 13 14 13 13 12 14 12 12 12 11 12 11 10 10 10 11 11 11 12 12 11 10 11 11 11 12 11 12 11 11 0F 10 12 10 11 11 0F 11 12 11 10 10 0F 13 10 10 11 10 12 10 10 11 10 10 10 0F 11 10 10 10 10 11 11 0F 11 10 10 11 10 11 11 0F 10 10 10 11 11 0F 12 0F 11 11 11 11 11 11 11 11 11 11 11 
19 19 19 19 19 19 19 19 19 19 19 19 1B 19 18 19 1A 17 1A 1B 19 19 1A 1A 1A 18 19 1A 1A 19 19 19 16 1B 18 18 19 19 17 17 18 16 17 16 17 18 18 19 16 16 17 17 15 16 16 17 16 17 15 16 16 14 17 16 16 13 15 13 16 14 15 13 15 14 14 15 15 13 16 14 13 16 17 14 13 15 13 13 16 14 14 14 13 15 14 15 13 13 15 14 13 12 15 14 14 14 13 14 13 14 14 15 14 15 15 14 16 14 13 15 14 14 13 13 15 16 16 17 14 15 17 16 16 17 18 17 18 19 18 19 18 1C 1A 1B 1A 1B 1D 1E 1E 21 22 23 27 2A 2D 30 33 38 41 4F 61 7B 93 AC C0 D5 E1 EE EB ED EE EB E7 D1 C2 AF 9D 88 77 6B 62 55 4E 44 3C 3B 37 33 2E 28 2B 26 25 23 20 22 21 1E 1D 1C 1B 1A 1A 1A 1A 18 16 16 18 17 16 17 15 15 14 14 14 14 15 13 15 13 14 13 14 12 12 12 13 13 13 12 13 12 14 12 13 12 11 12 11 0F 11 12 11 11 11 12 11 11 10 10 11 11 12 11 11 11 12 11 0F 11 10 11 10 0E 10 12 10 10 10 0E 11 10 10 11 10 12 0F 11 11 10 10 10 10 11 10 0F 10 10 11 10 10 11 10 10 11 10 12 10 0F 0F 10 11 10 11 10 11 0F 10 10 10 10 10 10 10 10 10 10 10 
19 19 19 19 19 19 19 19 19 19 19 1A 1A 1A 1B 1A 17 1B 19 17 17 18 19 1B 19 1A 18 19 1A 1A 1A 19 1B 1A 1A 18 16 16 18 16 17 17 19 19 19 17 18 15 16 16 17 17 16 16 16 16 16 16 16 16 15 16 16 15 15 15 15 16 15 15 14 12 14 13 16 13 14 17 15 14 13 15 14 14 14 16 14 15 15 14 15 14 15 15 15 14 14 16 15 15 14 16 15 15 15 17 14 14 15 17 15 16 17 16 16 16 14 12 13 17 13 16 15 15 15 16 15 17 17 17 16 17 19 16 19 18 19 1A 1A 19 19 1B 1B 1D 1C 1D 1D 1E 20 20 24 22 27 2A 2C 30 33 39 44 51 62 72 95 B0 C5 DB EF F0 F6 FB FD FD FA E7 D9 C7 AE 9D 8A 74 69 5B 57 49 43 3E 38 38 33 2E 2F 29 27 2B 23 21 21 20 20 1F 1B 1B 1B 19 17 17 17 18 17 16 16 18 15 16 15 14 15 15 15 14 14 13 13 13 15 14 13 14 13 14 13 12 13 12 14 12 10 10 12 13 12 12 12 12 12 11 11 0F 12 10 12 11 10 11 11 11 11 10 12 11 12 0F 10 10 13 10 11 11 10 10 11 10 10 11 11 10 11 10 11 10 11 10 10 11 11 12 11 10 11 10 12 10 0F 12 11 0F 0F 12 0F 10 11 10 10 10 10 10 11 10 0F 0F 0F 0F 0F 0F 0F 0F 0F 0F 0F 0F 
1B 1B 1B 1B 1B 1B 1B 1B 1B 1B 1B 1A 19 19 19 17 18 19 1A 17 17 19 17 1A 18 19 19 19 1A 1B 19 1B 1A 1A 18 18 18 17 1A 16 18 17 19 18 19 18 18 17 13 16 17 18 17 15 17 16 16 16 16 15 16 16 17 15 16 14 14 16 16 15 14 12 13 14 16 13 14 14 15 13 14 14 14 14 15 16 14 16 15 14 15 15 14 15 14 14 14 15 14 15 12 15 14 14 14 16 14 13 14 16 16 14 15 16 14 16 13 13 12 14 14 16 15 16 15 17 16 16 16 17 17 17 19 19 19 17 1A 1B 19 19 1A 1D 1B 1F 1C 1D 1C 20 20 22 26 21 25 29 2D 30 32 39 48 51 5E 77 8D AC C4 DE E7 F0 FF FF FF FF FF F7 E2 D2 BB A9 97 81 6E 63 5B 52 46 40 3F 33 35 32 31 2C 29 2A 25 24 23 23 1F 1C 1B 1B 1A 19 17 19 17 19 16 16 16 17 16 15 16 14 14 15 14 17 15 12 14 14 13 14 13 13 16 14 12 13 13 13 14 12 10 11 12 12 12 12 11 12 11 11 12 10 13 11 12 11 10 11 11 11 11 10 12 11 11 0F 10 10 12 10 11 11 0F 10 11 10 10 11 10 11 11 11 10 12 11 11 11 11 11 11 0F 0F 11 10 11 11 0F 11 10 0F 10 12 0F 10 10 10 10 0F 10 11 10 10 0E 0F 0F 0F 0F 0F 0F 0F 0F 0F 0F 0F 
1A 1A 1A 1A 1A 1A 1A 1A 1A 1A 1A 19 1C 18 1A 19 19 18 1A 1A 18 1A 1B 19 1A 16 1A 1B 1B 1B 1A 1B 19 1A 18 1B 1A 19 19 18 18 18 1A 15 19 18 17 17 16 16 17 16 16 18 16 16 16 16 15 18 15 15 16 16 16 16 15 14 16 16 14 15 16 15 14 16 15 14 16 14 13 16 14 15 14 17 15 14 15 16 14 15 15 17 15 15 15 14 15 13 16 13 15 14 15 15 15 15 14 14 15 15 14 16 16 13 16 14 17 15 16 15 16 15 18 16 16 17 15 16 18 19 17 18 19 18 18 1A 1A 19 1C 1D 1C 1C 1C 1C 1D 1F 21 21 23 27 28 29 2C 2F 32 3E 41 51 5E 73 89 A7 C0 D7 E6 FC FD FF FF FF FF FA F1 E1 CC B3 A4 8D 7C 6D 64 55 52 4A 43 3B 36 33 2D 2E 2A 27 24 25 20 22 21 20 1F 1C 1C 1B 1C 19 18 16 19 19 18 18 16 16 15 16 16 17 16 16 16 14 14 13 15 14 14 14 14 13 14 12 12 13 13 11 13 13 11 13 11 11 11 11 11 11 11 11 12 10 10 11 10 10 11 11 11 11 12 10 10 12 11 11 11 0F 11 12 11 11 0F 0F 11 10 11 11 0F 11 0F 10 12 10 0F 10 0F 12 10 10 10 10 11 11 10 10 0F 10 11 11 11 11 0F 0F 10 11 11 11 10 12 0F 10 10 10 10 10 10 10 10 10 10 10 
1C 1C 1C 1C 1C 1C 1C 1C 1C 1C 1C 18 1B 17 18 19 19 17 18 1A 19 19 1A 1A 1A 19 1A 19 1A 19 1A 1A 17 1C 18 18 19 18 16 17 18 17 16 15 18 17 17 18 16 17 17 15 16 16 17 16 15 17 16 17 16 14 16 17 17 14 16 13 17 14 15 15 15 15 14 14 14 14 14 15 13 15 15 14 14 16 15 14 14 15 14 15 13 18 15 16 15 15 13 13 13 14 15 14 16 14 14 15 13 14 14 17 16 15 16 14 16 13 15 15 14 15 15 14 16 17 16 18 16 16 17 17 16 16 19 17 18 18 19 18 1A 1C 1B 1C 1B 1B 1D 1F 21 21 24 26 29 2B 2C 2F 34 39 42 4E 58 6A 7E 9C B9 D5 DE EE F8 FF FF FF FF FF F9 E4 D2 BD A3 98 84 73 69 56 51 49 41 3D 38 33 30 2E 2F 29 26 27 22 22 20 1F 21 1C 1B 1C 1C 1E 17 1A 19 19 18 18 17 15 16 15 16 16 16 13 16 14 14 13 14 13 12 14 14 12 13 13 14 12 13 12 12 11 12 12 12 0F 10 11 12 11 10 12 12 11 11 11 11 10 12 11 11 11 11 11 0F 10 10 11 10 0F 11 12 11 10 0F 0E 12 11 10 11 10 12 0F 10 11 10 10 11 0F 11 10 10 0F 11 11 11 0F 10 10 0F 11 11 11 11 0F 0F 10 11 10 11 10 12 0F 11 11 11 11 11 11 11 11 11 11 11 
19 19 19 19 19 19 19 19 19 19 19 1A 1A 1A 1A 17 1A 1A 1A 1A 19 18 18 19 1A 1C 19 19 1A 1A 1A 1A 1A 18 19 1A 17 17 1A 17 17 18 18 18 17 17 18 16 16 16 16 19 18 18 16 18 17 16 17 16 17 17 16 14 16 15 13 15 16 15 13 13 13 14 1A 14 15 15 15 16 14 15 15 14 15 17 16 16 15 13 15 14 14 15 16 16 14 16 15 16 13 16 15 15 16 17 14 15 16 15 16 16 16 16 16 16 15 12 14 16 14 18 15 15 15 18 16 18 16 16 17 17 1A 17 18 19 19 1C 19 1A 1A 1C 1B 1E 1E 1D 20 23 1E 21 23 24 26 29 2E 2F 32 36 3A 51 57 67 7F 94 AD BF D2 DD E9 F6 FA FF FF FF FA F0 DA C9 B3 9A 86 7B 6B 61 56 4A 46 3F 3B 37 31 2E 32 2B 29 22 26 22 1F 20 1D 1D 1E 1C 16 1A 18 18 17 14 16 19 17 16 15 17 14 17 16 17 15 13 13 14 14 14 15 12 13 15 13 13 13 13 14 13 11 11 12 13 13 11 11 13 11 12 10 0F 12 10 11 12 10 11 10 11 11 10 12 10 12 0F 10 10 13 11 11 11 11 11 10 10 10 11 0F 12 11 10 11 11 10 10 12 10 11 12 10 10 10 10 12 10 0F 11 10 10 11 12 0E 10 10 10 10 10 11 11 10 10 0F 0E 0E 0E 0E 0E 0E 0E 0E 0E 0E 0E 
19 19 19 19 19 19 19 19 19 19 19 18 18 18 1B 19 18 19 19 19 17 19 18 1A 1A 19 18 19 1A 18 19 18 1A 19 18 17 17 18 19 18 18 17 18 18 19 17 17 15 15 15 17 18 16 16 16 17 15 17 16 16 17 17 16 15 16 16 15 17 14 14 12 13 13 13 18 14 14 15 14 15 14 16 14 15 16 16 14 16 15 13 16 14 14 14 16 15 14 16 15 15 13 15 14 14 14 16 14 14 14 16 16 16 16 15 14 16 15 13 14 16 14 16 15 17 14 16 16 18 17 17 17 17 19 17 1A 17 19 1B 19 1D 1A 1D 1A 1E 1D 1D 1E 21 1F 22 23 25 27 29 2B 2D 33 37 3E 47 57 5E 72 83 9E B6 C7 CF DE E9 F1 F7 F6 FB F5 EC DE C8 B3 9D 8A 7C 71 63 58 51 45 3D 3B 36 34 2E 2D 2C 28 25 24 23 1F 21 1C 1E 1B 1A 18 1A 1A 18 18 16 17 17 16 15 16 15 14 18 15 17 14 12 14 15 13 14 15 13 13 15 12 13 13 13 14 13 11 10 13 13 12 11 11 12 11 12 12 0F 13 0F 11 11 10 10 10 12 10 10 11 10 12 10 11 0F 12 10 11 10 11 10 10 10 11 11 0F 10 11 10 11 12 10 10 11 11 11 11 0F 10 11 10 11 10 0F 11 10 0F 0F 12 0F 11 10 11 10 11 10 11 10 0F 0F 0F 0F 0F 0F 0F 0F 0F 0F 0F 0F 0F 
19 19 19 19 19 19 19 19 19 19 19 18 1B 18 18 18 19 1A 19 1B 19 19 1B 1A 1C 17 1A 1A 1B 1A 19 1D 19 1B 18 19 1A 19 17 18 19 17 19 18 16 16 19 19 18 18 16 17 16 18 16 19 17 18 15 16 15 15 16 16 15 14 14 14 16 14 16 13 16 16 13 14 15 14 15 17 14 16 17 15 14 18 15 13 15 16 14 15 14 16 14 15 15 15 15 14 14 14 16 14 15 15 15 15 15 15 15 14 15 16 15 13 16 15 15 16 13 14 15 14 18 16 16 18 15 16 18 17 18 18 19 19 19 1D 1A 19 19 1D 1B 1E 1B 1D 1E 1F 1F 21 23 26 26 2C 2A 2F 33 38 3D 46 4F 5D 6B 7D 8F A7 B9 C0 CE DB E3 EC F0 EB EA E2 D6 C1 B5 9F 97 7F 74 65 57 4D 49 40 3A 35 34 31 2C 2B 2B 28 24 24 23 23 20 1E 1D 1E 1B 1B 19 18 1D 18 17 18 17 17 14 17 16 15 15 14 17 15 15 14 14 13 12 13 13 14 14 13 13 12 13 12 13 11 10 13 11 11 10 11 12 12 11 12 12 11 11 10 10 10 12 12 11 12 11 0F 0F 11 11 10 10 10 11 13 10 11 10 0E 12 10 10 10 0F 12 0F 10 11 10 10 10 10 10 11 10 10 10 10 11 10 10 0F 10 11 10 11 11 0F 10 10 11 10 11 10 11 0F 10 10 10 10 10 10 10 10 10 10 10 
18 18 18 18 18 18 18 18 18 18 18 18 1B 19 19 18 1A 18 19 1A 18 1A 1C 19 1C 19 1A 1B 1B 1A 18 1A 18 1C 19 19 19 1A 17 18 19 17 17 16 17 18 19 19 16 16 16 17 17 17 17 17 16 17 16 17 16 15 16 17 15 16 15 13 16 16 15 15 16 15 15 15 15 14 15 15 14 17 16 14 14 16 16 15 16 16 14 14 14 17 15 16 15 14 14 13 14 14 14 14 17 15 14 15 12 14 14 16 14 15 17 14 15 14 14 15 15 17 14 14 18 16 17 18 17 16 17 17 16 19 18 17 18 19 19 19 1A 1D 1B 1C 1A 1B 1F 1D 21 22 23 24 27 2B 2C 2A 32 33 39 43 4C 56 61 73 83 96 A8 B3 C1 C4 D5 D1 DF DC E1 D9 CC C1 B2 A1 95 83 73 65 5A 50 4C 41 3A 34 36 31 2E 2B 27 25 24 23 21 21 1F 1D 21 1D 1C 19 1A 16 1A 1A 16 17 17 15 16 16 15 14 14 14 17 14 14 16 15 14 13 14 13 12 13 12 13 13 14 12 13 12 12 13 12 10 11 12 12 11 11 12 13 11 10 10 11 10 12 12 11 11 11 11 0F 12 11 11 12 0F 12 12 11 11 10 0E 12 11 10 11 10 12 0F 10 11 10 10 11 10 12 10 10 0F 10 11 11 10 11 0F 11 11 10 11 12 10 10 10 11 11 11 10 12 0F 11 11 11 11 11 11 11 11 11 11 11 
1A 1A 1A 1A 1A 1A 1A 1A 1A 1A 1A 1B 19 1A 19 1B 1A 1A 19 18 16 1A 17 19 19 1A 19 19 1A 1B 1A 1B 19 1B 19 17 16 17 18 16 18 19 18 18 19 18 18 17 16 16 18 18 17 16 17 17 17 16 16 17 18 17 15 15 15 17 14 16 14 14 14 12 14 14 17 13 14 15 15 16 15 14 14 13 15 16 14 15 16 14 16 15 15 15 15 15 17 16 15 15 14 14 15 14 15 18 14 13 15 16 18 13 16 16 15 16 14 14 14 16 14 18 17 15 15 16 15 16 17 15 18 16 1B 16 18 18 19 1A 18 1A 1C 19 1C 1F 1B 1D 1E 20 1D 20 21 21 26 27 27 2D 30 32 38 3F 47 50 5A 6D 79 86 94 A0 AE B8 B8 C4 C8 D4 D0 CD CC C3 AD 9F 87 7D 72 68 59 51 48 42 3D 38 33 2E 2B 2A 29 25 26 26 21 1F 1C 1D 1D 1C 1B 18 1A 1A 17 17 18 16 16 16 16 15 16 16 15 15 15 12 13 15 15 15 14 13 12 14 13 13 14 12 14 12 10 10 12 13 13 12 11 12 10 12 11 10 12 10 11 11 10 12 10 11 12 0F 12 10 12 0F 0F 0F 12 10 11 11 10 10 10 10 10 11 10 11 11 0F 11 11 11 11 11 10 11 11 0F 0F 10 0F 12 11 11 12 10 10 0F 11 0F 10 11 10 10 10 10 10 10 10 0F 0F 0F 0F 0F 0F 0F 0F 0F 0F 0F 0F 
19 19 19 19 19 19 19 19 19 19 19 19 1A 1A 19 18 18 1B 18 17 17 18 18 1B 19 19 19 19 19 19 1A 19 1B 17 18 18 19 17 19 17 18 18 18 18 18 17 18 15 15 16 17 19 18 16 16 17 17 17 16 17 15 16 17 16 14 15 14 17 14 15 14 12 15 15 17 15 15 14 15 14 14 15 15 13 15 16 14 15 17 14 15 15 14 15 15 15 13 15 14 16 13 14 14 15 14 16 16 14 15 16 15 15 16 15 15 16 13 13 13 15 13 16 15 15 13 17 15 17 17 16 16 16 18 16 18 16 18 1A 18 19 1C 19 19 1C 1B 1E 1C 1F 1C 1F 20 21 22 28 28 29 30 31 35 3D 43 49 57 62 6F 7A 81 8D 9B A7 AC AF BD C0 C1 C0 BD B1 A6 96 84 76 70 66 59 51 44 3F 38 36 32 2E 2B 2A 28 23 25 25 21 1F 1C 1B 1B 1A 17 19 19 18 16 14 17 17 16 14 17 15 14 15 15 16 15 12 14 15 14 14 14 14 12 14 13 13 12 12 15 12 10 10 12 13 13 11 11 12 11 12 10 0F 12 11 11 12 10 11 11 11 11 0F 12 10 11 0E 10 10 11 11 11 11 11 10 11 0F 11 11 0F 11 11 10 11 11 11 10 11 11 10 12 10 10 11 10 11 10 0F 11 10 10 0F 11 0E 10 10 10 10 10 10 11 0F 10 0E 0F 0F 0F 0F 0F 0F 0F 0F 0F 0F 0F 
1A 1A 1A 1A 1A 1A 1A 1A 1A 1A 1A 17 1A 17 18 19 1C 18 19 1A 1A 1A 1C 18 1A 17 1B 1A 1A 18 1A 1B 19 19 19 1A 1B 1A 17 17 17 18 16 15 18 16 19 19 17 17 17 16 16 17 17 17 17 18 16 17 17 15 16 16 15 15 15 14 17 14 15 13 15 15 14 16 16 14 16 16 14 15 16 15 14 16 14 14 15 15 14 14 12 16 15 14 16 13 15 13 14 14 15 14 15 15 15 15 13 15 15 15 16 15 15 14 15 15 14 16 14 14 14 14 16 15 18 17 14 16 18 18 17 18 18 17 18 1A 19 18 19 1C 1D 1C 1A 1C 1C 1D 1D 20 21 25 26 26 27 2A 2C 2E 34 38 3E 46 50 5A 63 6D 79 84 8C 8F 9C 9E AB A9 B1 AA AC A4 A3 8E 87 79 6B 60 57 51 47 3F 38 33 30 30 2C 29 28 26 23 21 20 1F 1F 1E 1C 1D 1C 1B 1A 16 19 17 17 18 17 18 17 16 16 16 15 14 15 14 14 14 14 13 13 14 13 13 14 13 13 12 14 12 13 11 12 13 12 10 10 11 11 11 12 12 12 12 10 11 11 10 13 10 12 11 12 11 10 12 11 12 11 0F 11 11 11 11 0F 0F 12 11 11 11 10 11 10 11 11 11 10 10 10 12 10 11 0F 10 11 10 10 11 0F 10 12 10 11 11 10 11 10 10 11 11 10 11 0F 10 10 10 10 10 10 10 10 10 10 10 
18 18 18 18 18 18 18 18 18 18 18 18 1B 19 17 19 1A 18 1A 1A 19 19 1C 19 1B 19 1A 1B 1B 1B 19 19 17 1C 18 19 18 19 17 17 17 16 17 17 17 18 18 18 19 17 16 16 17 16 16 16 17 17 16 16 16 15 16 16 14 15 15 13 16 15 15 14 16 16 14 15 15 14 15 15 12 16 15 14 13 16 14 14 14 14 15 14 13 16 15 16 14 15 14 12 14 13 15 15 14 15 14 15 14 14 14 15 14 15 15 14 15 14 15 15 14 14 14 13 17 14 17 17 14 16 17 17 16 17 18 17 17 18 1A 18 18 1B 1A 19 1A 1B 1C 1C 1D 1F 20 26 24 25 24 28 2A 2E 32 36 3C 42 4C 52 5A 66 6D 75 7D 7F 88 8E 93 99 A1 9C 99 96 90 84 7C 71 6A 5F 56 4E 49 3E 39 31 2F 2E 27 29 26 24 23 22 20 20 1F 1C 1A 1B 1B 19 18 15 18 18 17 17 17 15 15 14 15 16 15 14 16 14 16 14 15 13 13 14 13 13 13 13 13 12 14 11 12 13 11 13 12 10 11 11 12 12 11 12 12 10 10 11 11 10 12 11 11 11 11 10 10 11 10 11 10 0F 11 12 11 10 0F 0F 12 10 10 11 10 12 0F 10 11 11 0F 11 10 11 10 10 10 10 12 11 10 10 10 0F 11 11 11 11 0F 0F 10 11 10 11 10 12 0F 10 10 10 10 10 10 10 10 10 10 10 
19 19 19 19 19 19 19 19 19 19 19 19 1B 19 1E 17 18 1A 1A 19 16 1A 17 1B 19 18 19 19 1A 19 1A 1B 1B 1A 19 17 19 17 1A 18 19 19 19 19 18 17 17 16 16 16 17 19 17 16 19 15 16 17 18 15 15 16 15 15 15 16 14 16 16 15 13 13 12 15 17 13 14 16 16 15 13 14 14 14 16 16 15 15 15 15 15 15 15 14 15 15 14 15 15 16 12 16 15 15 14 15 14 14 15 15 15 15 16 16 15 16 15 13 13 15 14 17 16 15 14 15 14 16 17 16 16 17 19 17 18 17 17 19 18 18 1A 19 1A 1C 1A 1D 1C 1E 1C 1C 1F 1E 22 23 24 27 29 2A 2E 34 3A 3D 48 49 4D 58 60 67 6E 75 7A 81 84 88 8A 92 8A 87 83 7D 70 66 64 5C 51 4C 44 3D 3B 35 33 2B 29 29 24 24 23 22 1F 1E 1D 1E 1B 1B 16 17 19 17 16 15 17 17 16 15 16 15 14 15 15 16 15 13 15 15 15 15 14 13 13 14 12 12 13 13 14 11 11 11 13 13 12 11 11 13 10 12 11 0F 12 0F 11 12 11 12 10 11 11 10 12 10 11 0F 10 0F 12 10 12 11 11 10 10 0F 11 12 0F 11 10 10 11 12 11 10 11 11 11 12 0F 10 11 10 12 10 10 11 10 11 0F 11 0F 10 10 11 10 10 10 11 11 10 0E 0F 0F 0F 0F 0F 0F 0F 0F 0F 0F 0F 
18 18 18 18 18 18 18 18 18 18 18 19 1A 19 1B 1A 19 1B 1A 19 17 17 17 1A 19 18 18 18 19 1A 1A 19 1A 17 19 17 17 18 19 17 17 17 19 19 18 16 18 16 15 17 19 17 17 15 17 17 15 15 16 15 16 17 15 15 15 15 14 14 14 15 14 13 13 12 16 13 14 16 15 15 13 14 15 13 15 16 13 15 16 13 14 16 15 14 14 13 14 16 13 14 13 14 14 14 14 16 13 13 13 16 15 15 14 16 14 15 14 13 13 14 13 17 15 16 13 16 14 16 17 15 15 15 18 15 17 17 18 18 17 18 17 19 1A 1C 1A 1C 1A 1E 1C 1E 1E 1E 23 23 26 26 27 28 2E 33 36 3D 40 43 49 52 56 58 65 68 6C 73 74 79 80 7A 7D 7B 79 72 68 64 5B 51 4E 4A 40 3F 36 33 2B 2B 29 27 25 23 22 20 1F 1C 1A 1B 1B 1A 17 19 17 17 15 16 16 17 16 14 15 13 13 16 15 16 14 11 13 14 14 15 15 13 13 13 13 13 12 13 14 12 11 10 12 13 12 11 11 13 10 11 10 0F 13 10 10 12 10 11 10 12 11 10 12 10 12 0F 10 0F 12 11 11 11 11 10 10 10 0F 11 0F 11 10 10 11 11 10 11 11 0F 11 11 0F 10 11 0F 12 10 10 11 0F 10 10 11 0F 0F 11 10 10 11 10 11 10 10 0E 0F 0F 0F 0F 0F 0F 0F 0F 0F 0F 0F 
1A 1A 1A 1A 1A 1A 1A 1A 1A 1A 1A 18 1B 18 18 18 1B 19 1A 1B 1A 1A 1C 19 1C 18 19 1C 1C 1B 19 1C 19 1B 1B 1B 18 19 17 19 18 17 16 16 18 16 19 18 16 15 16 16 18 17 16 16 17 18 16 17 15 14 16 17 15 14 15 13 16 13 16 13 15 14 12 15 16 14 15 16 14 17 16 13 14 15 15 14 15 15 14 15 13 16 16 16 14 15 16 14 14 14 14 14 14 15 13 14 13 13 14 15 14 14 15 14 16 15 15 14 13 14 14 13 16 14 16 16 16 14 17 15 15 16 17 17 17 18 18 18 17 1A 19 1B 19 19 1B 1A 1D 1D 1F 20 21 23 22 26 27 28 2C 2F 32 36 36 3D 45 49 4E 52 54 5C 60 68 6D 6E 6B 69 6D 6C 6A 69 64 60 56 54 4D 46 3E 38 33 30 30 2B 27 25 24 22 22 20 1F 1E 1D 1C 1B 1B 19 19 17 16 18 18 15 17 16 15 15 16 14 16 16 13 16 14 14 14 14 14 13 14 13 13 14 12 13 12 14 13 12 12 11 12 11 10 10 11 12 11 11 12 12 11 11 11 11 11 12 11 11 11 11 10 10 11 11 10 10 0F 10 11 11 10 0F 0F 12 12 10 10 0F 11 0F 11 11 10 10 10 0F 12 10 10 0F 10 11 11 10 10 0F 11 11 10 12 11 0F 10 10 11 11 10 10 11 10 11 11 11 11 11 11 11 11 11 11 11 
18 18 18 18 18 18 18 18 18 18 18 1A 1B 18 19 19 1B 18 19 1B 1A 19 1C 19 1A 18 1A 1B 1A 1A 18 1A 1A 1B 1A 19 19 19 18 17 17 17 17 16 17 16 1A 18 14 16 17 16 17 17 17 17 16 18 16 16 15 14 16 17 16 14 15 14 17 14 16 14 15 16 13 14 15 14 15 15 14 16 15 14 13 15 14 14 14 14 15 15 14 15 15 15 14 14 14 13 14 13 15 14 15 16 13 14 13 14 14 15 13 16 15 15 15 15 16 14 13 14 14 14 15 14 15 16 15 16 16 15 13 16 18 17 18 17 18 15 18 1A 18 1A 19 1B 1C 1A 1C 1C 1E 1F 23 23 21 22 24 29 29 2F 31 35 35 39 40 43 45 4A 4C 4E 57 56 5D 5E 64 5F 60 62 5C 5B 58 58 51 4C 44 41 3C 37 32 2D 2D 28 25 26 22 20 1F 20 1D 1F 1C 1B 1C 1B 19 19 17 16 18 17 17 17 15 14 14 14 15 14 14 12 16 15 14 14 14 12 13 13 12 12 14 12 11 12 14 12 13 12 11 12 12 10 11 12 11 11 11 12 12 11 10 11 11 11 11 12 11 11 10 10 0F 10 11 11 11 0F 11 11 11 10 10 0F 13 10 11 11 10 12 10 10 11 10 0F 11 10 12 10 10 11 10 11 11 0F 10 0F 10 11 11 12 11 0F 10 11 11 11 11 10 11 0F 11 11 11 11 11 11 11 11 11 11 11 
19 19 19 19 19 19 19 19 19 19 19 1D 1B 1A 1A 19 17 1A 1A 19 17 18 18 1B 19 1A 1A 19 18 1B 1A 1B 1B 1A 19 19 17 18 1B 17 17 18 18 17 18 17 18 16 15 16 16 19 18 14 16 16 17 16 16 16 16 17 15 15 15 16 14 16 14 14 13 13 13 13 16 13 13 15 14 15 14 14 15 13 14 16 14 15 16 14 15 14 14 14 14 15 14 16 14 14 12 16 14 15 15 16 14 14 13 15 14 15 15 16 16 15 14 12 12 14 11 15 15 16 14 16 15 17 16 16 16 16 18 16 17 17 17 17 18 18 19 18 19 19 1A 1A 19 1B 1C 1C 1C 1D 1D 1F 22 22 24 24 29 2C 2D 30 35 36 37 3D 40 41 44 4A 4B 50 52 50 53 56 54 57 51 52 4B 4B 4A 4A 3F 3C 36 33 31 2E 2E 28 29 24 22 1E 1F 1E 1D 1B 19 1B 1A 19 18 19 17 15 15 15 15 16 14 15 14 14 13 14 14 15 14 12 14 14 13 14 14 13 12 14 13 12 13 13 14 13 10 11 12 13 12 12 11 13 10 12 11 0F 12 11 12 10 10 10 11 10 11 0F 12 10 12 10 10 11 12 10 11 10 11 11 11 10 12 11 10 11 11 10 11 11 11 10 11 11 11 11 0F 10 12 10 12 10 0F 11 11 10 0F 11 0F 10 11 11 0F 10 10 11 10 0F 0F 0F 0F 0F 0F 0F 0F 0F 0F 0F 0F 0F 
19 19 19 19 19 19 19 19 19 19 19 1B 18 19 1A 19 17 1A 18 17 19 19 17 1A 19 1A 1A 18 19 18 19 19 1A 19 18 18 17 17 19 17 16 17 18 18 19 17 17 14 16 17 16 17 18 15 17 16 17 15 16 15 16 16 16 13 15 15 14 16 13 14 13 13 13 12 15 12 13 15 15 15 13 13 14 14 13 14 14 14 15 13 15 13 13 15 14 13 13 14 14 15 12 13 14 13 13 14 13 13 15 16 14 15 14 14 14 17 13 12 14 13 12 15 15 16 14 14 13 16 15 15 14 16 18 16 16 16 16 18 16 16 17 18 18 18 19 19 19 1B 19 1C 1C 1B 1C 1E 20 21 24 23 28 2A 2D 2D 30 34 39 37 38 39 3D 40 4A 43 4D 49 4A 4D 4D 4C 4B 4A 44 42 41 42 3D 39 35 30 30 2D 28 26 23 23 20 1F 1E 1F 1D 1B 18 19 18 1A 16 18 17 16 15 13 15 16 15 14 14 14 12 14 15 15 13 11 13 13 13 15 14 12 13 14 12 14 13 15 13 12 11 11 11 13 13 11 11 12 11 11 11 0F 11 10 11 11 11 11 11 11 11 0F 11 10 12 10 10 10 12 10 11 11 0F 11 10 10 10 11 0F 10 11 10 12 12 10 10 10 10 11 11 0F 10 11 10 11 10 0F 12 10 0F 10 11 10 10 11 10 10 11 10 11 11 10 0F 0F 0F 0F 0F 0F 0F 0F 0F 0F 0F 0F 
1A 1A 1A 1A 1A 1A 1A 1A 1A 1A 1A 18 1B 1A 19 1A 1A 18 19 1A 18 1A 1B 1A 1B 18 1B 19 1A 1A 1A 1A 18 1A 19 18 1B 19 19 18 18 16 17 16 17 18 19 19 17 17 16 16 16 16 17 16 16 19 15 17 15 14 16 17 15 14 15 14 15 14 15 13 15 16 14 14 14 14 15 14 14 16 14 14 12 15 14 13 15 14 14 14 13 16 15 15 14 13 14 14 14 14 14 14 14 14 13 14 13 14 14 14 14 15 15 14 14 14 14 14 14 13 13 13 16 14 16 16 17 15 16 16 15 15 17 16 16 17 17 16 16 18 18 19 16 18 1B 18 1A 1D 1C 1D 20 21 20 20 25 23 24 26 29 29 2E 32 32 32 33 37 39 38 3E 40 41 42 43 44 42 45 44 40 42 3E 3E 3D 37 36 33 32 2B 27 29 25 23 22 1E 1F 1E 1C 1B 1B 1B 19 1C 1A 19 18 17 15 16 16 15 15 14 14 14 14 14 13 14 14 16 14 14 13 15 13 13 13 13 13 14 13 13 12 14 12 12 12 11 13 12 10 12 11 10 12 11 11 11 11 10 11 11 10 12 12 12 12 11 11 0F 10 11 11 10 0F 12 12 10 11 10 0E 12 11 10 12 10 11 0F 10 10 10 0F 11 10 11 10 11 0F 10 11 11 0F 11 0F 10 11 11 11 11 11 10 11 10 11 11 10 12 0E 10 10 10 10 10 10 10 10 10 10 10 
19 19 19 19 19 19 19 19 19 19 19 17 1A 19 19 19 18 18 18 1A 18 19 1A 19 1A 18 18 19 1B 19 18 1A 17 1B 19 1A 1A 18 16 17 17 16 17 16 17 17 18 18 16 16 17 15 16 16 16 16 16 18 16 17 16 14 16 16 15 15 14 13 15 15 13 13 14 14 12 13 14 13 15 14 14 15 14 13 13 15 14 14 15 13 14 14 13 16 14 14 14 14 15 12 13 12 15 14 14 14 13 14 13 13 13 16 13 15 15 13 14 14 13 15 13 14 13 13 15 14 16 15 15 13 15 15 15 15 16 15 15 16 15 15 17 19 17 18 18 17 19 19 19 1A 1C 1F 1D 1D 1E 1F 21 22 24 25 26 29 2C 2D 2E 2D 31 2F 32 36 36 36 3A 3E 3E 39 3D 3E 3E 3A 3A 38 3B 35 37 2F 30 2D 27 26 25 24 21 1F 1E 1D 1F 1C 1B 1B 1B 18 19 18 19 17 17 14 18 17 14 16 16 13 14 14 13 14 14 12 15 12 13 12 13 11 12 13 12 12 14 12 12 12 13 12 13 12 11 11 12 10 10 11 11 11 11 12 12 11 10 10 11 11 12 11 11 12 11 10 0F 11 11 11 11 0F 11 11 11 10 10 0E 12 11 0F 10 10 12 0F 10 11 10 0E 10 10 11 0F 10 10 10 11 11 10 10 11 10 11 10 12 11 10 0F 10 11 11 11 0F 11 0F 10 10 10 10 10 10 10 10 10 10 10 
19 19 19 19 19 19 19 19 19 19 19 1A 19 1A 1A 19 19 1A 18 18 18 19 19 19 19 1A 19 19 1A 1A 1B 18 1A 19 1A 18 18 17 19 17 18 17 17 17 19 17 17 17 16 16 16 18 17 15 18 16 16 15 16 15 17 17 14 17 16 15 14 15 15 15 12 12 13 12 16 13 13 15 14 13 13 14 14 13 13 15 13 15 15 13 14 14 15 14 14 14 13 14 14 14 11 14 13 13 14 17 13 12 13 16 15 13 15 15 14 15 13 11 12 14 12 15 13 15 13 14 14 14 15 15 16 15 17 16 16 15 16 18 15 17 17 19 18 1A 17 19 19 1A 19 1B 1A 1A 1C 1F 1F 1F 20 20 22 27 24 29 2A 26 2E 2E 2C 2B 30 33 32 32 31 38 33 36 34 37 37 35 34 30 31 33 2E 2D 2B 28 28 25 25 22 1F 20 1D 1C 1E 1B 19 19 16 18 18 18 14 15 16 14 14 15 16 16 14 13 14 12 13 15 14 14 12 11 13 13 14 14 14 13 12 14 12 12 13 13 14 11 11 10 11 13 12 10 12 13 11 10 10 0F 11 10 10 11 11 11 11 12 11 10 11 10 12 0F 10 0F 12 11 11 11 10 10 10 10 11 11 10 11 11 0F 12 11 11 10 11 10 10 12 0F 10 11 10 11 11 10 11 11 10 0F 11 0F 10 10 10 10 10 10 10 10 0F 0F 0F 0F 0F 0F 0F 0F 0F 0F 0F 0F 0F 
1B 1B 1B 1B 1B 1B 1B 1B 1B 1B 1B 19 1A 19 19 19 19 19 19 17 17 19 17 19 1A 1A 19 19 1A 1A 19 1A 19 18 19 18 15 18 19 18 18 17 19 19 18 17 18 16 16 15 16 18 17 15 23 16 16 15 15 15 16 16 15 14 15 15 13 16 13 13 12 12 13 13 16 14 13 13 14 14 13 14 13 13 15 15 14 15 14 13 15 14 13 13 15 14 13 14 14 15 11 13 14 14 14 15 13 12 13 15 14 13 15 15 13 15 13 11 12 13 13 15 13 14 13 14 14 15 15 15 14 15 16 14 15 15 17 16 15 16 17 18 17 19 17 18 18 1A 17 1A 1B 19 1B 1C 1D 1D 1E 20 21 22 27 25 26 27 2B 2C 2A 2B 2B 2D 2E 30 31 30 31 31 32 32 31 30 2D 2E 2F 31 2B 2B 28 25 25 25 23 20 1F 1D 1C 1B 1B 1B 19 18 17 17 17 18 15 16 16 15 13 14 14 15 14 13 14 13 12 14 14 13 13 11 12 13 13 14 14 12 12 14 12 11 13 11 13 11 11 10 12 12 12 11 10 12 10 11 10 10 12 10 10 12 0F 11 10 11 11 10 11 10 11 0F 10 10 12 10 11 10 10 10 10 10 11 12 0F 10 10 10 10 12 10 10 11 10 11 12 0F 10 11 10 11 10 0F 11 10 0F 0F 11 10 10 10 10 0F 0F 10 10 10 10 0E 0F 0F 0F 0F 0F 0F 0F 0F 0F 0F 0F 
1A 1A 1A 1A 1A 1A 1A 1A 1A 1A 1A 1C 1B 16 1A 19 1A 1B 19 1A 19 1A 1B 18 1B 18 1C 1B 1B 19 18 19 16 1A 1A 19 18 1A 18 17 18 17 17 16 16 17 18 19 16 17 17 15 16 16 17 17 16 18 16 16 17 14 15 17 14 14 14 12 16 15 14 13 15 15 14 15 14 13 14 14 13 16 14 14 14 16 13 14 14 14 13 15 12 15 15 14 13 14 13 13 14 13 14 13 14 15 14 14 11 13 13 15 13 15 15 13 14 14 14 14 13 14 13 13 15 14 14 14 14 14 16 15 13 15 17 15 15 15 17 17 15 16 17 18 15 19 19 17 18 1A 19 1C 1C 1D 1F 1C 1E 1F 1F 22 22 24 23 25 27 29 26 28 27 2B 2B 2B 2D 2C 2B 2C 2C 2A 2D 2B 2D 2E 2C 2A 2A 26 26 25 23 21 20 1E 1E 1C 1B 1A 1B 1A 18 1B 1A 18 17 17 19 17 16 15 18 16 15 16 15 14 13 13 14 14 14 13 14 14 13 13 14 12 11 12 11 13 13 13 12 12 14 11 13 12 13 12 12 11 11 12 11 10 11 11 12 11 10 11 11 10 12 12 11 12 11 10 0F 11 11 12 10 10 12 11 11 10 10 0F 12 10 11 11 0F 12 0F 11 11 11 0F 10 0F 12 10 10 10 10 11 11 10 10 0F 10 11 10 11 11 0F 10 10 11 11 11 10 12 0F 11 11 11 11 11 11 11 11 11 11 11 
19 19 19 19 19 19 19 19 19 19 19 18 1B 1A 18 19 1A 19 18 1A 1A 18 1B 19 1A 19 1A 1A 1A 1A 18 19 18 1B 1B 19 19 19 17 18 18 16 16 15 17 16 18 18 15 17 16 15 17 16 16 16 15 17 15 17 15 13 16 16 15 13 14 12 16 14 14 13 15 15 13 14 14 13 14 14 13 15 14 14 12 14 14 13 14 14 13 15 12 16 15 15 15 14 14 13 13 13 13 13 15 14 13 14 11 14 13 14 13 14 14 13 15 12 14 14 13 13 14 13 15 13 15 16 14 14 15 14 13 15 15 15 15 17 16 15 15 18 17 17 16 17 18 15 19 1A 1B 1C 1D 1C 1B 1C 1E 1C 1F 20 21 23 23 23 26 26 27 26 28 25 2A 27 2A 29 27 29 27 28 2A 28 2A 2A 2B 27 27 26 27 23 20 21 1E 20 1E 1C 1A 1A 1A 1A 19 19 18 17 16 17 16 16 14 13 16 15 15 15 15 13 13 13 14 13 13 12 15 13 13 12 13 11 12 13 11 13 12 12 12 11 13 11 13 12 10 12 11 11 10 11 11 11 11 11 12 11 10 11 10 10 12 12 11 11 11 11 0F 11 10 11 10 0F 11 12 10 10 0F 0F 12 11 10 11 10 12 0F 10 11 10 10 11 10 11 10 0F 0F 0F 11 11 10 11 0F 10 11 10 10 11 0F 0F 10 10 11 11 0F 12 0F 10 10 10 10 10 10 10 10 10 10 10 
19 19 19 19 19 19 19 19 19 19 19 1B 19 19 1C 19 1A 1A 1A 18 17 19 19 19 1A 1A 18 1A 1A 1A 1B 1A 1B 1A 18 18 18 17 18 19 17 16 17 17 18 17 16 16 16 16 17 16 17 15 16 16 16 14 15 15 15 17 14 14 14 13 14 15 15 14 13 13 13 14 15 12 13 14 14 14 13 14 14 14 15 15 13 15 14 13 13 14 14 13 14 13 13 15 13 14 12 14 14 14 14 13 13 14 14 14 15 13 14 14 14 14 13 12 12 14 11 16 15 15 12 14 14 15 14 13 14 14 18 15 16 15 15 18 16 15 16 16 16 1A 18 17 18 19 18 1B 18 18 1A 1A 1E 1C 1C 1B 1F 20 1E 22 24 22 24 23 22 24 25 27 25 24 27 27 27 25 28 28 25 25 24 21 24 24 22 24 21 22 21 20 1E 1B 1D 1C 1B 1A 19 19 19 18 15 17 18 17 15 15 16 14 14 13 13 16 14 13 14 13 13 14 14 15 14 10 13 13 13 13 14 13 12 13 12 13 12 11 13 11 10 11 12 12 12 11 11 12 11 10 10 10 12 0F 11 12 11 11 11 12 11 0F 11 10 12 0F 11 10 11 10 11 12 10 10 12 10 11 11 10 11 12 10 11 12 10 10 11 11 12 12 0F 10 11 10 11 10 0F 12 10 0F 0F 11 0F 10 10 10 10 11 10 11 10 10 0F 0F 0F 0F 0F 0F 0F 0F 0F 0F 0F 0F 
19 19 19 19 19 19 19 19 19 19 19 1B 19 19 1A 18 19 19 19 18 17 18 17 1A 1A 1B 18 19 19 19 19 19 1B 19 1A 17 16 16 19 17 17 17 18 18 18 16 17 16 15 15 17 18 17 16 16 16 16 15 16 15 15 16 14 13 14 14 13 16 14 13 12 13 12 12 16 12 14 15 15 14 13 14 13 13 13 14 13 13 15 13 14 13 13 14 14 13 12 13 13 13 10 13 13 13 14 15 12 11 14 15 13 14 14 15 14 14 13 11 12 14 12 15 14 15 12 14 13 14 14 14 14 14 16 13 15 14 15 16 15 15 16 16 16 18 17 17 17 19 16 18 19 18 1A 1B 1C 1B 1B 1B 1C 1F 1E 1F 21 1F 23 22 21 22 23 25 22 24 23 25 25 23 24 26 23 23 21 22 22 23 21 22 20 1F 1E 1E 1D 1B 1A 1B 1A 18 19 18 18 16 15 17 16 15 14 15 15 15 13 12 14 15 14 13 15 13 13 13 13 14 13 10 11 13 13 13 13 13 11 15 11 12 11 12 13 11 10 10 11 12 12 11 11 12 10 11 11 10 11 0F 10 11 10 11 10 10 12 0F 11 10 12 10 10 0F 12 10 12 11 10 11 11 0F 10 11 0E 11 11 0F 11 11 10 10 11 10 11 11 10 10 11 0F 12 11 10 11 11 10 0F 11 0F 10 10 11 0F 10 0F 11 10 10 0F 0F 0F 0F 0F 0F 0F 0F 0F 0F 0F 0F 
19 19 19 19 19 19 19 19 19 19 19 19 1B 17 18 18 1A 1A 1A 1A 1A 19 1C 1B 1C 19 1C 1D 1A 1A 18 1B 18 19 18 19 18 19 17 17 18 17 15 15 16 17 16 19 16 16 17 16 17 17 16 16 16 15 15 17 15 14 15 15 16 14 15 13 16 14 14 13 16 14 13 13 13 13 13 13 14 16 14 13 12 15 13 13 14 14 12 13 12 16 14 14 13 14 12 12 12 13 14 14 13 14 13 14 12 13 13 14 13 15 14 13 14 14 14 13 13 14 13 13 15 14 15 15 13 13 15 15 14 15 17 14 15 15 15 15 14 18 17 16 15 17 18 17 19 19 1A 1B 1C 1C 1B 1A 1C 1C 1C 1D 1C 20 1E 1D 20 1E 22 20 22 20 25 22 22 20 22 21 21 1F 22 22 21 21 24 22 22 1E 21 1E 1C 1A 1C 1A 1A 1A 18 19 19 18 17 18 18 16 18 17 15 16 14 13 16 14 14 15 13 14 13 14 13 12 13 12 15 13 14 12 14 11 11 12 12 12 13 11 11 12 14 11 13 12 11 12 12 10 10 10 11 13 11 11 11 11 10 11 11 10 12 11 11 11 12 10 10 11 11 11 11 0F 12 11 11 0F 0F 0F 11 11 10 11 10 11 0F 11 11 10 0F 0F 10 11 10 10 10 0F 11 11 10 11 11 11 11 11 10 11 0F 0F 12 10 11 11 10 11 10 10 10 10 10 10 10 10 10 10 10 10 
19 19 19 19 19 19 19 19 19 19 19 18 1C 19 19 19 1B 18 19 1A 18 19 19 19 1A 19 1B 1A 1C 18 18 19 18 1A 18 1A 19 17 16 16 1B 17 17 16 17 15 17 18 14 16 15 15 16 17 16 16 16 17 15 15 16 13 16 15 15 13 14 13 15 14 14 13 14 15 12 14 15 13 13 14 14 16 13 13 13 14 14 13 14 13 13 14 12 15 14 14 14 12 14 12 13 13 14 13 14 14 13 15 12 13 12 15 13 15 14 13 14 13 13 14 12 13 13 12 14 13 14 16 14 13 16 14 13 14 16 15 15 14 15 15 14 18 16 17 15 16 17 16 18 18 19 1B 1B 1C 1A 1A 1C 1B 1B 1C 1D 1E 1C 1E 1F 20 1E 1F 1F 1F 20 21 21 21 21 1F 20 1E 21 1E 20 1E 21 1F 1F 1E 1F 1C 1C 1B 1B 1B 1B 1A 17 19 17 17 17 17 16 16 16 17 16 16 14 13 15 16 14 15 14 13 13 12 13 13 14 12 14 13 14 12 13 12 10 12 12 12 13 12 12 12 12 10 12 12 11 12 11 10 11 10 10 11 10 12 12 11 10 10 10 10 11 11 11 10 12 10 10 10 11 11 10 0F 11 11 11 10 0F 0E 11 11 11 10 0F 12 0F 11 11 10 0F 11 0F 11 0F 10 10 10 11 11 10 10 10 10 11 11 11 11 0F 10 10 11 11 11 10 11 0F 10 10 10 10 10 10 10 10 10 10 10 
1A 1A 1A 1A 1A 1A 1A 1A 1A 1A 1A 1A 17 1A 1B 19 18 19 18 17 16 17 16 19 1B 18 18 18 1B 1A 1A 1A 19 18 19 16 18 17 18 16 17 17 17 19 18 16 16 16 15 16 17 18 17 16 17 16 15 15 14 17 16 16 15 14 14 15 13 15 13 13 13 12 12 14 16 13 13 14 14 13 13 13 13 13 14 17 13 15 14 13 13 12 12 13 14 13 13 14 13 14 10 13 13 13 13 15 13 12 13 15 13 14 13 14 13 15 13 12 12 13 13 15 13 13 13 13 13 14 14 13 15 14 15 14 16 14 13 15 14 15 16 15 15 18 16 17 15 17 14 19 17 17 17 1A 1B 1D 1A 19 1B 1E 1C 1D 1E 1D 1E 20 1D 1F 1F 1F 1D 1C 1F 20 1E 1E 20 1D 1F 1D 1B 1B 1F 1E 1C 1E 1B 1B 1B 1B 1B 19 19 19 17 15 18 18 15 16 14 16 16 15 13 15 14 14 13 13 14 14 14 14 14 14 12 13 13 14 12 11 12 13 13 14 13 12 12 13 12 13 12 12 13 12 10 10 13 12 12 11 11 12 10 11 11 10 12 10 11 10 10 11 10 11 10 0F 12 0F 11 0F 12 0F 11 10 11 11 10 10 10 10 10 11 0F 12 11 10 11 11 10 10 11 10 11 12 0F 10 11 0F 11 11 0F 11 11 11 10 12 10 10 11 10 10 10 10 10 10 10 0F 0F 0F 0F 0F 0F 0F 0F 0F 0F 0F 0F 
19 19 19 19 19 19 19 19 19 19 19 1A 18 18 1A 17 19 19 19 18 18 18 17 1B 1A 1B 19 18 19 1A 19 1A 19 19 18 17 16 16 18 17 17 18 19 18 17 17 17 16 15 15 18 18 16 15 16 16 15 15 15 16 15 16 15 14 14 14 14 15 14 13 13 11 11 13 16 12 12 13 13 14 12 13 13 13 13 17 13 14 13 13 14 14 13 13 15 13 13 15 13 15 12 13 13 13 13 16 13 13 12 14 13 13 15 13 14 14 12 12 12 13 11 14 13 13 13 14 12 14 14 13 13 14 15 12 15 14 14 16 16 15 16 15 15 18 16 18 17 18 16 17 16 18 18 1A 18 18 18 19 19 1D 1B 1C 1D 1B 1C 1E 1C 1B 1D 1F 1C 1C 1C 1D 1E 1D 1D 1E 1C 1B 1A 1C 1D 1D 1B 1B 1B 1B 19 19 1B 18 19 18 18 16 18 16 15 15 13 16 13 14 12 14 15 13 13 12 13 14 14 12 14 12 11 13 13 13 14 10 13 12 12 13 13 11 12 13 12 12 11 11 13 12 10 10 11 12 12 10 11 12 10 11 11 0F 11 10 11 11 10 11 10 11 11 10 11 10 10 0F 10 0F 11 11 11 10 10 10 10 0F 10 11 0F 10 10 10 11 12 10 10 11 10 11 12 0F 10 11 0F 12 10 10 11 10 0F 10 11 0F 10 10 10 0F 0F 10 10 10 10 0F 0F 0F 0F 0F 0F 0F 0F 0F 0F 0F 0F 
1B 1B 1B 1B 1B 1B 1B 1B 1B 1B 1B 18 1B 19 19 18 1A 19 19 19 1C 1D 1A 1B 1C 19 1A 1B 1B 1A 18 1C 18 1A 19 19 18 1A 18 16 17 17 14 16 17 17 18 19 15 16 15 15 15 16 15 16 15 17 15 15 15 14 15 16 15 14 14 12 14 13 14 12 15 14 13 14 14 13 15 13 13 15 13 12 12 14 13 14 13 13 12 14 13 15 14 14 13 14 15 13 11 12 14 13 14 14 12 13 13 13 12 14 13 13 15 13 14 13 14 13 12 12 13 12 15 14 14 15 14 13 14 15 14 15 14 14 14 15 15 15 14 16 15 16 15 16 16 16 16 17 1A 18 19 19 19 19 19 18 19 1C 1A 1A 1B 1C 1D 1C 1C 1C 1C 1B 1E 1B 1F 1C 1C 1B 1B 1A 1C 1C 1B 1D 1C 1B 1A 1B 1C 1A 18 17 17 19 18 17 16 16 17 16 16 15 16 15 14 16 15 15 14 13 16 15 14 14 14 13 13 12 13 13 14 12 15 12 13 13 14 12 11 12 12 11 12 12 12 12 13 10 11 12 11 12 11 10 11 11 11 11 11 12 12 11 10 11 11 0F 12 11 11 12 11 0F 10 11 11 11 10 0F 11 11 11 10 10 0E 12 11 11 11 0F 11 0F 11 11 10 0F 10 10 12 10 10 10 10 11 11 10 10 0F 11 11 11 11 11 0F 10 0F 11 11 11 10 12 0F 10 10 10 10 10 10 10 10 10 10 10 
1A 1A 1A 1A 1A 1A 1A 1A 1A 1A 1A 19 1C 17 18 18 19 19 18 18 18 1B 1A 1A 1A 18 1A 19 1B 19 18 1C 18 1A 19 18 17 18 17 17 17 16 17 15 16 16 18 18 16 16 17 15 15 15 16 16 16 17 15 17 15 15 15 15 14 14 14 11 15 12 14 12 14 14 12 14 15 13 14 14 12 15 14 13 12 15 13 13 13 13 13 13 13 15 14 14 13 12 12 12 12 12 13 14 13 14 13 13 12 14 11 14 13 14 14 12 14 13 13 13 13 13 13 14 14 14 14 16 13 14 16 14 13 14 15 14 14 15 15 14 14 17 15 17 14 15 17 15 16 17 17 18 19 1B 18 17 18 1A 18 1A 1C 19 1A 1A 1C 1B 1A 1B 1A 1A 1C 1C 1C 1C 1A 1A 1B 18 1A 19 1B 1A 1C 1A 1A 19 1A 18 18 18 17 18 16 16 15 16 14 16 15 15 15 15 16 15 16 14 13 14 16 14 14 14 13 13 12 13 13 13 13 12 14 12 13 13 14 11 11 12 13 11 13 12 12 11 13 11 12 11 11 12 12 0F 11 11 11 11 11 11 11 11 0F 11 11 10 12 10 12 12 10 10 10 11 10 11 10 0F 11 12 12 10 10 0F 11 11 10 11 10 11 10 10 11 10 0F 10 10 12 0F 10 10 0F 10 11 0F 11 0F 10 11 10 11 10 0F 0F 10 11 11 11 0F 11 0F 10 10 10 10 10 10 10 10 10 10 10 
19 19 19 19 19 19 19 19 19 19 19 1A 17 19 1C 19 18 18 1A 17 18 18 1B 1B 19 1A 19 1B 1B 18 18 18 1A 18 18 17 16 16 19 15 18 17 18 18 18 17 17 16 15 16 15 17 16 15 16 16 16 14 15 15 16 16 16 14 15 14 13 15 14 13 12 12 12 12 15 12 12 14 14 14 13 14 13 13 14 14 13 14 14 14 14 14 14 14 13 12 14 13 12 14 11 13 13 13 14 14 13 12 13 15 13 13 15 13 14 14 12 12 12 13 13 15 12 14 12 14 14 14 14 14 13 14 16 16 15 14 15 15 15 15 15 16 15 19 15 17 15 17 15 17 17 15 15 17 19 18 17 18 18 19 18 1C 1A 1A 1B 1C 19 18 19 1A 1B 19 1C 1B 1B 1A 1C 1B 19 19 15 17 1A 1A 17 19 18 18 17 17 18 17 18 16 17 14 17 15 16 13 14 15 15 14 12 14 13 13 12 12 13 14 14 12 13 12 11 13 13 14 13 10 11 13 12 13 14 12 13 14 13 12 13 13 13 12 11 10 11 12 12 11 11 12 10 11 11 0F 12 10 10 12 10 11 10 11 11 0F 12 10 11 0F 10 10 12 11 12 11 10 11 11 0F 11 11 10 11 11 10 11 11 11 10 11 10 11 12 10 10 11 10 11 10 10 11 11 0F 0F 11 10 10 11 11 10 0F 11 10 10 10 0F 0F 0F 0F 0F 0F 0F 0F 0F 0F 0F 0F 
19 19 19 19 19 19 19 19 19 19 19 18 1A 18 1B 17 18 1A 18 17 19 18 18 1A 19 1A 18 18 19 19 18 19 1A 18 18 16 16 16 18 17 17 17 17 18 17 16 16 15 14 15 16 17 16 15 17 15 15 14 15 16 15 15 15 14 14 13 13 15 13 13 12 12 13 12 15 12 12 14 14 13 12 12 12 12 13 14 12 15 13 13 13 13 13 13 14 13 12 13 13 13 11 13 14 13 13 13 12 12 13 14 13 13 13 14 13 13 12 11 12 13 12 15 13 14 12 14 13 14 13 12 14 13 15 13 15 14 15 15 15 15 14 15 14 17 15 16 15 16 14 15 15 16 15 18 16 17 16 17 18 1A 19 19 19 18 1A 1C 19 17 19 1C 19 17 19 1A 19 19 19 19 17 18 17 18 18 1A 16 1A 17 16 16 17 17 16 17 16 16 14 15 16 14 15 13 14 14 14 12 13 13 12 11 12 13 13 13 12 13 12 11 13 12 13 13 11 12 13 13 13 13 11 12 13 12 11 12 11 13 12 10 10 11 12 12 11 11 12 10 12 10 0E 12 10 11 11 10 11 10 11 10 10 11 10 11 10 10 10 11 11 11 11 10 10 10 10 10 11 0E 11 10 10 11 11 10 10 11 10 10 11 0F 0F 11 10 11 10 10 11 10 0F 0F 11 10 10 10 10 10 10 10 10 10 0F 0F 0F 0F 0F 0F 0F 0F 0F 0F 0F 0F 0F 
19 19 19 19 19 19 19 19 19 19 19 18 1B 18 19 18 19 1A 18 1B 1B 1C 1C 19 1B 17 19 1B 1A 1B 1B 1A 18 1C 18 19 1A 18 17 16 18 15 18 15 17 16 17 17 15 16 14 16 15 16 15 15 16 16 15 16 15 14 15 14 14 14 14 12 15 14 14 14 14 14 13 15 14 13 14 13 12 15 14 13 13 14 12 12 14 13 14 14 12 16 15 16 13 13 13 12 13 12 14 13 13 14 12 12 13 13 12 14 12 14 13 13 13 14 13 14 12 13 13 13 14 12 14 14 13 13 16 14 13 15 15 13 14 15 14 14 14 17 15 16 15 15 16 15 17 16 16 18 1A 19 19 17 18 18 17 19 17 19 18 19 19 19 1A 18 19 17 1A 18 1B 19 18 18 19 17 18 16 19 19 19 17 17 18 18 16 15 15 16 17 16 16 15 16 14 14 14 14 15 15 14 14 14 14 14 11 14 14 14 15 13 13 13 12 13 13 12 11 14 14 12 12 13 11 12 11 12 11 12 11 11 12 13 11 12 11 11 12 12 0F 10 11 11 12 11 11 11 11 0F 10 10 10 13 11 11 12 11 11 10 11 10 11 11 0F 11 12 11 10 10 0F 12 10 10 12 10 11 0F 10 11 11 10 11 10 10 11 10 0F 10 11 10 0F 11 0F 10 11 11 11 11 10 10 11 10 11 12 10 11 0F 10 10 10 10 10 10 10 10 10 10 10 
18 18 18 18 18 18 18 18 18 18 18 1A 1A 17 17 19 1A 18 18 19 18 1A 1B 19 1B 18 1B 1A 1B 1A 1A 19 17 1A 18 19 17 18 17 16 17 16 15 15 17 17 17 19 15 16 15 16 16 16 16 16 16 17 15 17 15 13 16 15 14 13 14 11 15 13 13 13 14 14 13 14 14 12 13 14 12 15 14 14 12 15 13 13 13 14 12 12 11 14 13 14 12 12 13 11 12 12 13 12 12 14 12 13 12 13 12 14 13 14 13 12 13 13 13 13 12 14 12 13 14 13 14 15 13 13 15 13 13 15 15 14 13 15 14 14 13 16 14 15 14 14 15 14 16 16 17 17 17 18 16 16 16 16 16 18 18 17 18 17 19 18 18 19 18 19 1B 18 19 17 17 17 17 16 17 17 17 18 19 17 17 16 17 16 15 15 16 16 15 15 14 14 14 14 15 14 14 14 13 15 14 14 13 12 14 13 13 14 12 13 13 11 13 13 13 11 14 13 13 12 12 12 12 12 11 11 13 12 12 11 13 11 11 12 11 12 11 10 11 11 12 11 11 11 11 11 11 10 10 10 12 10 12 11 10 10 0F 11 10 11 10 0F 10 12 10 11 0F 0F 12 10 10 10 0F 12 0F 10 11 10 0F 10 10 12 0F 10 10 10 11 10 0F 10 0F 10 11 10 11 11 0F 10 10 11 10 10 0F 11 0F 10 10 10 10 10 10 10 10 10 10 10 
19 19 19 19 19 19 19 19 19 19 19 19 19 18 1A 19 17 1D 1A 18 17 1B 18 1B 19 1A 18 18 1B 19 17 19 19 18 18 17 16 16 18 17 18 16 18 18 18 15 16 15 16 16 16 18 16 15 15 15 14 14 14 14 15 15 15 14 14 14 14 14 13 13 12 12 12 11 15 12 13 13 14 13 13 14 13 12 13 15 12 14 14 13 15 13 13 15 14 12 13 14 12 13 10 13 13 13 13 15 12 13 12 14 13 13 13 14 14 15 12 11 12 14 11 15 14 14 12 13 13 14 13 14 13 14 17 13 14 13 13 16 14 14 14 16 15 16 16 17 14 17 16 17 15 16 16 16 17 17 16 16 16 18 17 18 17 16 17 19 17 15 17 19 17 16 19 19 17 17 17 18 16 15 15 15 16 18 16 18 16 15 15 16 16 14 16 16 16 15 16 14 15 14 12 14 14 14 11 12 14 12 12 11 12 13 13 11 12 13 11 13 14 13 13 10 11 12 13 14 13 12 11 14 11 12 12 13 13 13 0F 10 11 12 12 10 11 12 10 11 11 0F 12 10 11 12 0F 11 11 11 10 10 12 10 11 0F 10 0F 11 11 11 11 11 10 11 10 11 11 0F 11 10 0F 11 11 11 10 11 10 11 12 0F 11 11 10 11 11 0F 12 10 0F 10 11 0F 11 10 10 10 10 10 11 0F 10 0F 0E 0E 0E 0E 0E 0E 0E 0E 0E 0E 0E 
19 19 19 19 19 19 19 19 19 19 19 1A 1A 18 1B 17 18 1A 19 18 17 19 17 1A 19 19 19 18 1A 1A 18 18 1A 17 18 17 16 16 18 17 17 17 17 17 17 16 17 15 14 15 17 17 16 13 16 15 15 14 15 15 15 15 14 13 15 13 13 15 13 13 12 12 12 12 15 12 13 15 14 13 12 13 13 12 14 14 12 14 14 12 13 12 12 13 13 13 12 13 12 14 11 13 13 12 13 14 13 12 13 14 13 13 14 15 14 13 12 11 12 13 10 14 14 13 12 13 12 14 15 14 14 14 15 13 15 13 15 15 14 13 13 15 13 16 15 17 15 15 13 16 15 15 15 16 17 16 15 13 15 18 17 18 17 15 17 18 16 17 17 17 17 17 17 17 16 18 18 18 16 14 14 14 16 18 16 17 15 14 14 15 16 14 16 15 14 13 15 15 13 14 12 13 13 13 10 13 13 13 11 11 12 14 13 11 13 13 12 13 13 14 13 10 11 12 13 14 14 12 11 12 11 11 13 12 13 11 11 10 12 12 12 11 11 12 11 11 10 0F 12 10 11 11 11 11 11 11 11 0F 11 10 12 0F 10 10 12 11 12 11 11 10 11 10 10 10 0F 11 11 10 11 11 10 10 10 10 12 12 0F 10 11 0F 11 10 0F 12 11 10 10 11 0F 10 10 11 11 10 10 10 10 10 0F 0F 0F 0F 0F 0F 0F 0F 0F 0F 0F 0F 
1C 1C 1C 1C 1C 1C 1C 1C 1C 1C 1C 19 1C 17 17 17 1B 19 19 1A 17 19 1B 1A 1A 16 19 1B 1A 19 17 1A 17 1A 17 1A 19 19 15 17 17 16 15 15 17 14 18 17 17 17 15 15 15 16 15 18 17 17 14 15 15 13 15 15 13 14 14 11 16 14 13 12 14 14 13 13 14 13 13 13 12 14 14 13 12 15 12 13 13 14 13 13 11 15 14 14 13 13 13 12 12 12 13 12 14 13 13 13 12 13 12 14 12 14 13 12 14 13 13 12 12 14 13 12 13 13 14 15 13 13 15 13 13 15 15 13 14 14 14 13 14 16 15 16 13 14 17 14 16 15 16 18 17 18 17 16 16 15 16 17 16 17 16 16 17 17 17 16 16 16 18 16 17 16 16 15 16 13 16 15 16 16 18 14 16 16 16 15 14 16 14 16 16 14 14 14 14 14 14 15 15 14 14 15 14 14 13 12 14 14 13 14 13 13 12 12 12 12 12 11 14 11 13 12 12 11 13 13 12 11 13 11 12 11 12 11 12 11 12 11 11 10 11 11 11 11 11 11 13 11 11 11 10 10 11 11 10 11 11 10 0F 12 11 11 11 0F 11 12 11 10 0F 0F 12 10 10 10 0F 12 0F 10 11 10 10 10 0F 12 10 11 10 0F 11 11 0F 10 0F 10 11 11 11 11 0F 0F 10 11 10 11 0F 11 0F 11 11 11 11 11 11 11 11 11 11 11 
19 19 19 19 19 19 19 19 19 19 19 18 1B 17 18 19 19 18 18 1C 19 19 1A 1B 1B 17 1B 19 1A 19 18 1A 17 1A 18 18 18 18 16 18 16 15 15 15 16 16 18 17 15 16 15 15 14 16 15 16 14 17 15 14 15 14 15 15 14 13 14 12 14 13 14 13 14 14 12 12 13 12 14 13 13 14 14 12 12 14 13 13 13 13 11 12 12 14 14 14 13 13 13 12 12 12 13 13 13 14 13 13 12 12 12 13 12 14 14 13 15 13 12 13 11 13 13 11 14 12 14 15 13 13 15 14 13 15 14 13 13 14 14 13 13 16 13 15 13 14 15 14 15 15 15 17 17 17 15 15 16 15 17 15 17 16 15 16 17 16 16 15 15 17 18 15 18 16 15 15 14 15 16 14 16 16 16 15 16 16 16 15 13 14 12 15 14 15 14 13 13 15 13 14 14 14 13 14 14 14 12 11 14 13 12 13 12 12 12 13 12 12 13 12 14 12 13 11 13 11 12 12 11 11 13 12 12 12 12 11 12 12 11 12 11 10 11 10 11 11 11 11 12 10 0F 11 10 10 12 11 11 12 11 10 0F 11 10 11 10 0F 11 11 10 10 0F 0F 12 10 10 11 0F 12 0F 11 11 10 11 10 0F 11 10 0F 0F 10 11 11 0F 10 10 10 11 11 11 11 10 0F 10 11 10 11 0F 12 0F 10 10 10 10 10 10 10 10 10 10 10 
18 18 18 18 18 18 18 18 18 18 18 1A 1A 19 1B 19 18 1A 1A 18 18 18 18 19 19 1B 19 19 1A 19 19 18 19 17 17 17 15 17 18 16 17 16 17 17 17 14 18 16 15 14 17 17 17 15 16 17 16 16 15 14 15 16 15 13 14 15 14 15 13 14 14 12 12 11 16 12 12 13 14 13 13 13 13 13 13 14 12 14 13 12 13 14 12 13 14 12 13 14 13 14 10 13 12 13 12 14 12 13 13 14 14 13 15 14 13 14 12 12 12 13 12 14 14 13 12 13 12 13 13 13 14 13 14 12 15 14 14 15 13 14 14 14 14 17 15 14 14 17 14 14 14 14 14 16 16 15 14 14 14 17 16 15 18 15 17 15 15 16 15 17 15 15 16 15 15 16 18 16 15 14 12 14 15 16 14 16 13 14 14 15 15 14 14 17 15 12 15 13 14 13 12 13 13 12 11 13 13 13 11 12 12 13 12 12 12 12 12 13 14 14 13 10 11 13 11 13 14 12 11 13 11 12 12 11 13 12 0F 10 12 12 12 11 12 12 11 10 11 10 12 10 11 12 10 12 0F 11 11 10 11 12 12 10 11 0F 12 11 12 10 10 10 10 0F 10 11 0F 11 11 10 11 11 10 10 11 10 11 12 0F 0F 11 0F 12 10 0F 11 11 10 0F 11 10 10 10 10 10 10 10 11 11 0F 10 0E 0E 0E 0E 0E 0E 0E 0E 0E 0E 0E 
18 18 18 18 18 18 18 18 18 18 18 19 18 19 1B 18 19 19 18 18 17 1A 17 1A 1B 1A 1A 1A 19 18 1C 19 19 19 19 16 17 18 19 16 17 16 16 17 16 16 17 14 14 15 16 17 16 14 16 15 16 14 14 15 14 16 15 13 14 15 13 14 13 13 12 11 11 13 15 13 12 14 13 12 12 13 13 12 13 14 14 14 13 12 13 13 12 14 13 13 12 12 14 14 10 12 12 13 13 14 13 12 13 15 14 13 14 13 13 13 12 11 11 13 11 14 13 13 11 12 13 13 13 14 13 13 14 13 14 13 14 14 14 13 13 15 13 16 15 15 14 15 13 16 14 13 14 16 16 15 15 14 15 18 15 16 18 14 15 15 14 14 15 16 16 15 17 15 15 16 16 16 15 14 12 13 15 15 13 15 14 14 14 14 14 13 15 14 14 12 13 13 13 13 12 13 14 13 10 13 12 13 11 12 12 12 11 12 12 11 11 13 13 14 12 10 12 13 12 13 14 12 12 13 12 12 12 11 13 11 10 10 11 13 12 11 10 12 11 10 11 0F 12 0F 10 11 11 12 10 11 11 10 11 10 11 0E 10 0F 12 10 12 11 10 0F 11 10 10 11 0F 11 11 0F 11 12 10 10 11 10 11 12 0F 10 11 10 12 10 0F 11 10 10 0F 11 0F 10 10 10 10 10 11 10 10 0F 0F 0F 0F 0F 0F 0F 0F 0F 0F 0F 0F 0F 
1B 1B 1B 1B 1B 1B 1B 1B 1B 1B 1B 18 1A 19 18 1A 19 19 18 1B 19 1B 1C 1A 1C 18 19 1B 1A 18 1A 1B 19 1A 18 18 18 19 15 17 18 17 16 15 16 15 17 17 16 15 15 15 16 16 15 17 15 16 15 14 15 14 15 15 15 13 13 12 15 14 14 12 14 14 12 13 13 12 14 13 12 15 14 13 13 14 13 12 14 14 13 13 12 16 14 14 13 13 12 12 12 13 15 12 14 13 12 13 11 13 12 15 13 14 14 13 14 13 13 13 12 14 12 13 14 13 14 15 13 13 15 15 13 14 14 14 14 14 15 13 13 15 15 16 14 14 15 12 15 16 14 15 19 17 14 16 15 14 15 15 15 15 15 14 16 15 15 16 14 15 16 16 17 16 14 14 15 14 15 14 15 15 16 16 15 15 15 14 14 13 14 14 14 14 12 13 14 15 12 14 14 12 14 14 14 12 13 11 14 14 12 14 13 12 12 12 12 13 13 11 13 12 13 12 13 11 11 12 12 12 13 11 11 12 13 11 12 12 11 13 11 10 11 11 10 12 11 12 12 11 10 11 11 10 12 11 11 12 11 0F 10 11 11 12 10 0F 12 12 12 10 10 0F 12 10 10 10 0F 12 0F 10 11 10 0F 11 0F 11 0F 10 10 10 12 11 10 10 10 10 11 11 12 11 10 10 11 11 11 11 10 12 0F 10 10 10 10 10 10 10 10 10 10 10 
19 19 19 19 19 19 19 19 19 19 19 19 1C 17 18 1B 19 19 1A 1A 19 1A 1B 1A 1A 1A 1C 1A 19 19 18 19 17 1B 18 17 18 18 16 15 16 15 14 14 16 15 18 17 13 15 15 14 14 15 16 15 15 16 16 16 15 13 15 15 15 14 13 12 14 14 13 12 13 14 12 13 14 12 13 13 12 15 13 13 11 14 12 12 13 14 12 13 12 15 14 15 13 12 13 12 12 11 13 13 14 12 12 13 13 13 12 14 12 14 13 13 14 13 12 14 12 12 13 12 14 13 14 14 13 12 14 15 12 13 14 14 13 14 13 13 14 15 14 15 13 14 15 13 15 15 15 17 17 17 15 15 15 14 15 16 15 15 15 14 16 15 15 15 14 14 17 15 16 14 15 14 13 13 14 14 14 15 16 14 15 15 16 15 14 12 14 14 13 13 13 13 13 13 13 14 14 13 13 14 13 13 12 11 14 14 13 13 14 12 11 12 12 12 13 11 13 12 13 12 13 12 12 12 12 12 14 12 12 11 13 11 13 11 11 13 12 10 10 11 11 11 10 12 12 11 11 11 10 11 12 11 11 11 12 0F 0F 11 10 11 10 0E 12 12 11 10 10 0E 12 10 10 10 0F 12 10 10 10 10 10 10 0F 11 0F 10 0F 10 10 11 0F 11 10 10 11 10 10 11 10 0F 10 11 11 10 10 11 10 10 10 10 10 10 10 10 10 10 10 10 
18 18 18 18 18 18 18 18 18 18 18 19 19 1B 19 19 18 1A 1B 19 1B 1A 19 1C 19 1A 1A 19 1A 18 18 1B 19 18 18 16 16 16 17 15 16 16 17 17 18 16 17 14 15 14 17 15 17 15 16 16 15 15 15 15 15 15 14 13 13 15 12 13 13 13 12 11 12 12 15 12 11 13 14 13 12 13 14 12 14 14 13 14 15 13 12 13 13 14 13 12 12 14 11 13 11 13 13 11 13 14 12 12 14 14 13 13 14 14 14 14 11 12 12 12 11 14 14 14 12 15 13 13 14 13 13 14 15 12 14 13 14 15 13 14 15 15 14 16 15 14 13 16 13 14 14 13 14 16 15 14 14 15 15 16 15 16 16 14 16 15 15 12 15 16 14 15 15 16 15 14 17 16 14 14 12 12 15 15 13 14 13 13 14 14 14 13 14 14 14 12 15 13 13 14 12 13 12 12 10 12 12 12 11 11 11 13 12 11 13 11 12 12 13 13 12 11 11 13 13 12 13 12 12 13 11 11 12 12 13 12 10 10 11 13 12 11 11 12 11 11 11 0F 12 10 11 10 11 11 11 11 10 10 12 10 12 0F 10 10 12 10 11 11 11 10 11 0F 10 11 0F 11 11 10 11 11 11 10 11 10 11 11 0F 10 11 10 11 10 0F 11 10 10 10 11 0F 10 10 11 10 10 10 10 10 10 0E 0F 0F 0F 0F 0F 0F 0F 0F 0F 0F 0F 
19 19 19 19 19 19 19 19 19 19 19 19 18 19 1A 18 19 1C 19 18 17 19 19 1A 19 18 18 18 18 18 19 19 18 18 16 16 15 17 19 16 16 16 17 18 19 15 17 15 15 14 15 17 16 14 16 14 15 15 15 14 15 15 15 13 14 14 13 15 13 13 12 12 11 12 15 12 12 13 14 12 12 12 13 13 14 15 12 14 13 12 13 13 12 15 13 13 12 13 11 14 10 13 13 13 13 14 13 12 13 14 13 13 14 13 14 13 12 12 11 12 12 15 13 13 12 13 12 14 13 13 13 13 15 15 15 14 14 14 13 13 13 14 14 17 15 15 15 16 14 13 15 14 13 15 15 15 14 14 14 15 15 14 15 15 15 15 15 13 14 16 14 13 15 15 15 14 16 14 13 14 11 13 14 16 12 14 13 13 13 13 15 13 14 14 14 11 14 13 12 12 11 12 13 13 10 13 13 12 11 12 12 12 12 11 13 12 11 13 12 13 12 0F 11 12 12 12 12 13 12 13 12 11 13 11 14 11 11 11 12 12 13 11 11 12 10 11 10 0E 12 0F 10 11 10 11 10 11 11 0F 11 11 12 10 10 0F 12 11 12 11 10 12 10 10 11 11 0F 11 11 0F 11 12 10 11 12 10 11 12 0F 0F 11 0F 11 10 0F 12 10 0F 0F 11 0F 10 10 10 0F 0F 11 11 10 10 0F 0F 0F 0F 0F 0F 0F 0F 0F 0F 0F 0F 
18 18 18 18 18 18 18 18 18 18 18 17 1A 19 1A 1A 1B 1A 1B 1A 1B 1A 1B 1B 1B 18 19 1A 1A 19 19 19 17 1A 17 18 17 18 17 16 16 16 15 14 16 16 17 15 15 16 14 14 16 15 15 16 15 16 14 17 15 14 15 15 14 13 14 12 16 15 13 12 14 14 13 14 15 12 13 14 12 15 13 13 12 14 12 12 14 13 12 13 12 15 14 14 13 13 12 11 12 12 13 13 13 14 13 14 10 13 13 13 12 13 13 13 14 12 12 14 11 13 12 12 14 15 14 15 12 13 14 13 13 14 15 14 14 15 14 14 13 15 15 15 13 13 14 12 14 14 15 15 16 17 15 14 13 14 15 15 14 13 14 15 15 16 15 14 14 14 17 15 16 13 14 13 13 14 15 13 14 15 16 13 15 14 15 13 13 13 13 13 15 14 12 12 13 12 12 15 14 13 13 13 13 13 11 10 14 11 11 13 12 12 12 12 13 12 12 11 14 13 13 12 13 11 12 13 12 12 12 11 12 11 13 11 12 11 11 12 11 10 11 11 11 12 10 11 11 11 0F 11 11 10 12 12 11 11 11 10 10 11 11 10 11 0E 11 13 11 10 0F 0E 12 10 10 11 0F 12 0E 11 11 10 0F 10 0F 11 10 10 10 11 11 12 0F 11 0F 10 11 11 11 11 0F 0F 10 11 11 10 10 11 0F 10 10 10 10 10 10 10 10 10 10 10 
19 19 19 19 19 19 19 19 19 19 19 17 1A 17 19 18 1B 18 1A 1B 19 1A 1C 19 1C 18 1A 18 1A 1A 18 19 17 18 17 17 18 17 17 16 16 16 15 14 16 16 17 17 15 16 14 14 15 16 14 16 14 16 15 15 15 12 15 15 14 14 14 11 14 14 13 12 13 13 13 14 13 13 14 12 12 15 12 12 12 15 11 12 13 12 12 12 12 14 14 14 12 12 12 12 12 12 14 12 12 13 12 13 12 13 12 13 12 14 13 12 14 13 13 13 12 13 12 12 14 13 14 14 12 12 14 14 12 13 14 13 13 14 14 13 13 16 13 14 11 13 14 13 14 14 14 17 16 16 14 14 16 14 14 15 15 14 14 13 14 15 14 15 14 13 17 14 15 14 14 13 13 12 15 13 14 15 16 13 14 14 14 13 12 12 14 14 12 13 13 13 12 13 13 13 14 13 12 13 13 14 12 11 14 14 13 14 12 12 12 13 12 12 12 11 14 12 13 12 12 11 11 12 12 12 13 12 12 12 13 11 12 12 10 12 11 10 0F 12 11 10 11 11 12 10 0F 11 10 10 12 11 11 11 12 10 0F 11 11 11 10 0F 11 12 11 10 0F 0F 12 11 10 10 10 11 0F 11 11 10 10 10 0F 10 10 10 0F 10 11 11 0F 11 10 11 11 11 11 11 0F 0F 10 11 10 11 0F 12 10 11 11 11 11 11 11 11 11 11 11 11 
1A 1A 1A 1A 1A 1A 1A 1A 1A 1A 1A 1A 1B 1A 19 18 18 1B 1B 17 17 1B 18 1A 1B 19 19 19 19 1A 18 19 17 18 18 16 14 16 19 17 15 16 17 19 17 17 16 14 15 15 16 17 17 15 16 15 15 14 14 15 14 15 14 13 15 14 14 14 14 13 12 12 11 14 15 12 13 14 14 14 13 13 13 12 13 14 12 13 14 12 14 13 12 13 13 13 12 14 12 13 10 13 12 14 11 14 12 11 12 14 13 13 14 13 13 14 12 11 12 13 12 14 13 13 12 14 12 15 14 13 13 12 15 13 15 14 14 15 13 13 14 14 14 17 14 14 14 17 13 13 15 14 14 16 14 15 14 13 13 16 15 16 14 14 15 14 13 12 14 15 13 14 14 14 15 14 15 14 14 13 11 12 14 16 13 13 13 14 14 13 13 13 14 14 13 13 14 12 13 13 11 13 13 12 10 13 12 11 11 11 11 12 12 11 12 12 12 12 12 14 11 10 11 12 13 13 13 13 11 13 11 12 12 12 13 11 11 0F 12 11 13 10 12 13 11 11 11 0F 12 10 11 11 10 10 11 11 11 10 12 11 13 10 10 10 12 12 13 11 10 11 10 10 10 11 0F 11 11 11 11 12 10 10 11 10 11 11 0F 0F 12 10 11 10 10 12 10 11 0F 11 10 10 11 10 10 10 12 10 10 0F 0F 0F 0F 0F 0F 0F 0F 0F 0F 0F 0F 0F 
1A 1A 1A 1A 1A 1A 1A 1A 1A 1A 1A 18 19 1B 1A 18 18 19 1B 17 17 19 17 1B 19 1A 18 18 1A 18 19 19 19 17 18 17 15 16 18 16 16 16 16 17 19 16 16 15 14 15 16 16 17 13 15 15 15 15 14 15 14 15 15 14 14 13 14 14 12 12 11 11 11 11 15 12 13 14 13 12 13 13 13 12 14 14 12 14 13 11 13 13 13 13 14 12 12 13 12 14 10 13 12 13 13 13 12 12 13 14 13 12 13 14 13 13 11 11 12 13 11 14 12 13 12 12 12 14 13 14 12 13 15 14 13 13 14 14 13 13 14 14 14 15 14 14 13 15 13 14 13 13 13 15 15 15 13 13 13 15 14 14 14 12 14 14 13 11 14 14 13 13 15 14 14 14 16 13 14 12 11 12 14 16 13 13 13 12 12 13 14 12 14 14 13 12 15 13 12 12 11 12 12 13 10 12 12 12 11 10 11 12 12 11 13 10 10 12 12 13 12 10 11 13 14 12 13 12 11 13 12 13 12 11 13 11 10 0F 11 12 13 11 10 12 11 11 11 0F 12 10 11 11 10 10 10 11 11 0F 11 11 11 0F 10 0F 12 11 12 11 11 10 10 0F 10 11 0F 10 11 10 11 11 11 10 11 10 10 12 0F 0F 11 10 11 10 0F 11 11 10 0F 12 0F 10 10 10 0F 0F 10 11 10 0F 0F 0F 0F 0F 0F 0F 0F 0F 0F 0F 0F 0F 
19 19 19 19 19 19 19 19 19 19 19 19 1B 1A 19 19 1B 19 19 19 1A 19 1C 19 1A 19 19 18 1B 19 16 19 17 1C 18 17 17 18 16 17 16 15 14 14 15 15 18 16 15 16 14 14 15 16 14 16 16 18 14 15 16 13 16 15 14 13 12 11 15 13 13 13 15 14 12 14 15 13 13 13 13 16 14 12 12 14 12 13 13 14 12 14 12 15 13 15 13 13 12 13 12 12 13 13 13 13 13 13 12 12 12 13 12 14 13 12 14 12 13 13 12 12 13 11 14 12 14 14 13 13 14 13 12 14 14 13 14 14 14 12 13 15 14 14 13 13 14 12 14 15 14 16 17 17 14 14 14 13 13 13 14 14 14 14 14 13 14 15 14 13 15 14 14 14 14 12 13 13 14 13 13 14 15 13 14 14 13 12 14 11 13 14 13 12 12 12 11 13 13 12 13 13 13 14 13 13 12 11 13 13 12 13 12 11 11 12 13 12 12 12 14 12 13 11 13 10 10 12 12 11 13 11 12 12 13 10 12 12 11 12 11 10 10 11 12 12 11 12 12 11 10 11 11 11 12 12 11 12 11 12 0F 11 11 11 11 0F 12 12 11 10 0F 0F 12 11 10 10 10 12 0F 10 11 10 10 10 0F 11 10 10 10 10 11 11 0F 11 10 10 10 10 11 12 0F 10 10 10 11 11 10 11 0F 11 11 11 11 11 11 11 11 11 11 11 
18 18 18 18 18 18 18 18 18 18 18 17 1A 17 18 19 1B 1B 1A 1A 1A 1B 1B 1A 1A 16 19 18 1A 16 16 19 16 19 17 16 17 17 16 16 16 15 15 14 16 14 17 18 15 15 15 15 15 15 15 15 15 16 14 15 15 13 14 14 14 13 12 11 14 13 13 12 14 13 11 13 14 12 13 13 12 15 13 12 11 15 12 12 13 13 12 13 12 14 13 14 13 13 12 12 11 11 13 12 13 12 13 13 10 13 12 14 12 14 13 12 13 13 13 13 12 12 12 12 15 12 14 14 12 13 13 14 12 13 14 13 13 15 15 12 12 15 13 14 13 13 14 13 14 14 13 16 15 18 15 13 13 13 13 14 15 14 14 14 14 14 14 14 13 13 15 14 15 14 14 12 13 12 15 12 14 14 14 12 14 13 14 13 13 12 13 13 13 13 13 12 12 12 12 13 13 12 12 13 14 13 12 11 13 13 12 12 12 11 11 12 12 12 12 11 13 11 12 12 13 11 12 12 12 12 13 12 12 11 13 11 12 10 11 13 11 10 11 11 10 11 11 11 11 11 0F 12 10 10 12 11 10 11 11 11 0F 12 10 11 10 0F 12 12 11 0F 10 0F 12 10 10 11 10 11 0F 11 11 0F 10 11 12 11 10 10 10 10 11 11 10 10 0F 10 11 10 11 11 0F 10 10 10 10 10 10 11 0F 10 10 10 10 10 10 10 10 10 10 10 
19 19 19 19 19 19 19 19 19 19 19 18 19 19 1B 19 19 19 1A 19 18 19 1A 1C 17 1A 18 18 19 19 17 19 1A 17 16 15 16 15 17 14 15 15 16 17 17 15 16 14 14 15 16 17 16 14 15 15 15 15 14 14 13 15 14 13 14 14 11 14 13 13 11 12 12 11 15 12 13 13 14 13 12 13 15 12 13 15 12 14 14 11 13 12 12 14 13 13 13 12 13 15 11 13 13 13 13 14 13 12 13 14 13 12 14 13 12 13 12 11 12 13 11 14 13 13 12 13 12 15 13 13 13 12 14 13 14 13 14 14 13 14 13 13 14 17 14 14 14 15 13 14 15 13 14 15 15 14 13 13 14 15 14 14 15 13 14 13 13 11 13 15 13 14 14 13 14 13 14 13 13 12 11 13 13 15 12 13 13 13 12 14 13 13 13 13 13 11 14 13 13 12 10 12 12 13 10 12 12 10 12 11 11 12 12 11 12 11 11 13 12 13 11 0F 11 13 13 13 13 12 11 12 11 11 12 11 14 12 11 0F 11 13 12 11 11 12 11 11 11 0F 11 10 11 11 10 11 10 11 11 10 11 10 11 0F 10 0F 12 11 11 10 11 10 10 10 10 11 10 11 11 10 11 11 10 10 11 10 11 11 10 10 11 10 12 10 0F 11 10 11 0F 12 0F 10 10 10 10 10 0F 10 10 10 0E 0F 0F 0F 0F 0F 0F 0F 0F 0F 0F 0F 
1A 1A 1A 1A 1A 1A 1A 1A 1A 1A 1A 18 19 19 1B 19 18 1B 1A 18 17 1A 18 1A 18 19 19 18 18 17 17 17 17 16 17 16 15 15 16 15 15 16 17 16 16 15 17 14 13 16 16 16 15 15 15 14 14 14 14 14 14 16 13 13 13 14 12 13 13 13 11 11 10 12 14 12 12 13 13 13 12 13 13 11 13 13 12 14 13 13 14 13 13 14 13 12 12 13 11 13 11 13 12 12 13 14 12 12 12 14 13 12 14 13 12 13 11 11 11 13 10 14 14 13 12 14 12 14 14 13 13 13 14 12 13 14 13 15 13 12 13 14 14 16 14 14 12 14 13 13 14 12 15 15 14 15 14 12 12 15 13 13 13 13 14 14 12 11 13 15 13 12 14 14 13 13 14 12 13 13 11 12 13 14 12 14 12 12 12 14 13 13 13 13 12 12 14 13 12 11 10 13 12 12 0F 12 12 11 11 11 11 12 12 11 12 12 10 11 13 13 13 11 11 12 12 13 13 12 11 12 11 11 12 12 12 12 10 11 11 13 13 11 12 12 11 11 11 0E 12 10 11 13 10 11 10 11 11 0F 11 10 11 0F 11 10 12 11 11 11 10 10 11 0F 10 11 10 10 11 10 11 11 10 10 10 10 10 12 0F 10 11 10 12 10 10 11 11 10 0F 11 10 0F 10 11 10 10 10 10 11 0F 0E 0F 0F 0F 0F 0F 0F 0F 0F 0F 0F 0F 
19 19 19 19 19 19 19 19 19 19 19 19 1C 19 19 1A 1D 19 19 1C 1B 1A 1B 19 1B 17 1A 19 1A 17 18 1A 16 19 16 17 16 18 16 16 16 15 16 14 16 16 16 17 16 16 14 15 15 15 16 15 15 16 14 16 14 14 17 15 14 14 13 13 15 14 13 12 14 15 12 13 13 11 15 14 12 14 14 12 12 16 12 12 13 13 14 13 12 15 14 13 12 12 13 11 12 12 14 12 13 13 11 13 12 13 12 14 12 13 13 12 14 13 13 14 12 13 12 12 14 14 14 14 13 13 15 14 12 13 14 13 13 14 14 13 13 16 13 14 12 13 14 13 14 15 15 16 17 16 14 13 13 14 14 14 13 14 14 13 13 14 13 13 13 13 16 14 15 13 13 12 13 11 14 12 14 13 16 13 14 13 13 13 14 11 13 14 14 12 12 13 12 13 12 14 14 13 13 12 13 12 12 12 14 13 13 12 12 12 11 10 12 12 12 11 13 13 12 12 12 11 11 12 11 13 13 11 12 11 13 11 13 11 11 12 12 10 11 11 12 11 11 12 12 11 10 11 11 11 12 11 11 13 11 11 0F 11 11 11 11 0E 12 12 12 10 10 0F 12 11 10 10 10 12 10 10 11 11 10 11 0F 12 10 10 0F 10 11 11 0F 11 0F 10 11 10 11 10 10 10 11 10 11 11 10 12 0F 10 10 10 10 10 10 10 10 10 10 10 
17 17 17 17 17 17 17 17 17 17 17 1A 1A 18 17 19 1A 19 19 19 19 1A 1A 19 1A 18 18 19 1A 18 17 18 16 17 17 17 17 18 15 15 16 14 14 14 16 15 17 16 15 16 14 14 14 15 15 15 14 16 14 15 14 14 14 15 13 13 13 11 15 13 13 12 14 14 12 13 13 12 14 13 12 15 12 12 12 13 13 12 13 13 12 13 12 14 14 14 13 13 12 11 11 12 13 12 13 13 12 13 12 13 12 14 12 13 13 11 14 13 12 12 12 12 12 11 12 13 13 14 12 12 14 13 12 14 15 13 12 14 13 14 13 15 14 14 12 12 15 12 13 14 14 15 16 16 13 14 14 13 14 13 14 14 13 13 15 13 13 12 12 13 15 12 14 12 13 13 13 12 13 12 13 13 15 12 13 13 13 12 12 12 13 13 12 12 12 12 12 13 12 12 14 13 12 13 13 12 11 10 14 12 12 13 11 12 12 10 12 12 12 11 13 12 12 11 13 11 11 12 11 12 13 11 11 12 13 11 13 12 11 12 11 10 0F 11 11 11 11 11 12 11 10 11 11 10 12 11 11 11 11 10 10 11 11 10 10 10 12 12 10 10 10 0F 11 10 10 11 0F 12 0F 10 11 10 11 10 10 11 0F 10 0F 10 11 11 10 10 10 10 11 10 12 10 0F 0F 10 11 11 10 10 11 0F 11 11 11 11 11 11 11 11 11 11 11 
19 19 19 19 19 19 19 19 19 19 19 19 1B 1A 1A 19 18 1C 19 19 17 19 18 1A 18 19 18 19 19 18 16 18 19 17 17 16 15 15 18 14 16 16 17 16 16 15 15 14 13 14 15 16 14 14 16 16 15 14 14 14 14 15 14 13 13 14 13 14 13 12 13 12 12 12 15 12 12 13 14 13 12 12 13 12 14 14 12 14 13 13 13 13 13 12 13 12 12 14 12 13 10 12 14 12 13 14 12 11 13 14 13 13 13 14 13 12 11 12 12 12 11 14 13 13 12 14 13 14 12 13 13 13 15 13 15 14 13 14 13 12 13 14 13 14 13 14 14 15 12 13 14 13 13 13 14 14 14 13 13 14 13 14 15 12 14 14 12 11 13 14 13 13 14 14 13 12 14 14 13 12 11 12 13 15 13 14 12 12 12 13 13 12 13 13 13 11 14 13 11 12 10 12 11 12 10 13 12 11 10 11 10 11 12 10 12 11 11 13 12 12 12 11 11 13 12 14 12 11 11 12 12 12 12 12 13 11 11 10 11 13 12 11 11 12 11 10 11 0F 12 0F 11 12 10 11 11 11 10 0F 11 10 12 0F 10 10 12 11 11 12 11 10 11 10 11 11 10 10 10 10 11 11 10 10 11 11 11 12 10 10 11 10 12 10 0F 12 10 10 10 11 0F 10 10 10 0F 10 10 11 11 0F 0F 0E 0E 0E 0E 0E 0E 0E 0E 0E 0E 0E 
18 18 18 18 18 18 18 18 18 18 18 1A 19 1A 1B 1A 19 1C 19 18 17 1B 18 1A 19 19 18 18 18 17 18 18 18 16 18 17 14 15 17 16 16 15 16 16 17 15 15 15 13 15 15 14 15 14 14 15 15 14 14 14 14 15 13 13 13 14 13 14 13 12 12 11 12 11 14 12 12 13 12 13 12 12 12 11 12 13 12 13 14 12 12 12 13 13 13 13 12 13 12 14 10 13 13 12 13 14 13 12 12 14 13 13 13 13 12 13 12 11 11 12 11 14 12 13 12 12 13 15 12 13 13 13 14 13 14 13 14 15 13 13 14 14 14 15 14 14 13 13 12 15 13 13 13 14 14 14 13 12 13 15 13 14 13 13 13 15 13 11 13 14 13 13 13 12 13 12 14 14 13 12 10 12 14 14 11 13 12 12 12 13 13 13 13 12 14 12 14 12 11 11 10 12 13 12 0F 13 12 11 10 10 11 12 13 11 12 10 11 12 13 12 12 10 11 12 12 13 13 12 12 13 11 12 13 11 13 12 10 0F 12 13 12 11 11 12 10 12 11 0F 12 11 11 11 11 11 10 12 10 10 11 10 11 0F 10 10 12 11 12 11 10 10 11 10 11 12 10 10 10 10 11 12 10 10 11 10 12 12 0F 10 12 11 11 10 0F 10 10 10 0F 11 0F 10 10 10 10 10 10 11 10 0F 0E 0F 0F 0F 0F 0F 0F 0F 0F 0F 0F 0F 
18 18 18 18 18 18 18 18 18 18 18 19 1B 18 19 1A 1A 19 1A 1B 19 18 1A 1A 19 19 18 1A 1A 19 17 18 16 18 18 17 16 16 15 16 16 15 14 14 15 15 16 16 14 17 15 15 15 14 16 16 15 15 14 15 14 14 15 15 14 14 14 12 14 12 13 11 14 14 12 13 13 12 13 14 11 14 13 13 11 16 12 12 14 13 12 12 12 15 13 14 12 12 12 11 13 12 15 12 14 12 12 14 11 13 12 13 12 14 13 11 14 13 13 13 11 13 12 12 13 12 14 14 13 12 15 14 12 14 14 14 12 14 14 13 13 16 14 15 12 13 14 13 14 13 15 15 15 15 14 14 14 13 13 14 13 14 13 14 14 12 13 13 13 13 14 13 14 14 13 12 12 11 13 13 13 13 14 12 14 14 14 12 12 12 12 13 12 14 11 11 12 12 12 13 14 12 13 13 14 12 11 11 13 14 12 13 13 12 11 11 12 12 12 12 14 11 13 12 12 11 11 12 11 12 13 12 12 12 14 11 12 11 11 12 11 10 10 10 13 11 11 11 11 12 10 12 11 10 13 11 11 12 11 10 10 11 11 12 10 0F 11 12 10 10 0F 0E 12 11 10 11 10 11 10 10 11 10 10 11 0F 12 10 0F 10 10 11 11 0F 10 10 10 11 11 12 10 0F 0F 10 11 10 11 10 11 0F 10 10 10 10 10 10 10 10 10 10 10 
19 19 19 19 19 19 19 19 19 19 19 18 1C 18 18 1A 19 1A 19 19 1A 19 1A 19 1B 18 18 18 19 18 17 18 16 18 16 16 16 16 14 15 15 15 14 14 15 15 16 16 14 15 14 14 14 15 15 15 15 15 14 14 14 13 13 14 13 13 13 11 14 12 12 12 13 13 12 13 12 12 14 13 12 14 14 13 11 15 12 11 13 12 12 11 11 15 13 13 12 12 12 12 12 12 14 12 13 13 13 13 11 13 12 14 12 13 13 12 13 12 12 12 12 13 11 12 13 12 13 14 11 12 14 14 11 13 13 13 13 14 13 13 13 14 14 14 12 15 13 12 13 14 14 14 15 15 13 14 13 12 13 14 13 13 13 13 14 12 13 13 14 12 14 12 14 12 13 12 12 11 12 12 13 13 14 13 13 14 13 12 12 11 13 14 13 12 12 12 12 13 12 13 13 11 12 13 12 13 11 10 13 13 12 12 13 12 12 11 12 11 12 10 13 12 11 11 12 11 12 11 12 11 12 11 12 11 12 11 11 11 10 12 12 10 11 11 12 11 10 11 11 11 10 11 11 10 12 11 10 11 10 10 10 10 11 11 10 0F 11 12 10 10 0F 0F 11 11 10 11 10 12 0F 11 12 11 0F 11 10 11 10 10 10 0F 11 11 10 10 10 11 11 10 11 11 0F 10 0F 12 11 10 10 11 0F 10 10 10 10 10 10 10 10 10 10 10 
19 19 19 19 19 19 19 19 19 19 19 1A 19 1A 1B 19 18 1A 19 17 17 1A 17 1A 19 19 18 17 18 18 18 17 17 16 16 15 16 14 18 15 16 14 17 16 17 15 16 14 13 14 15 16 14 14 15 15 14 14 15 13 16 15 14 13 14 14 12 14 14 12 11 11 13 13 15 12 13 13 13 13 11 12 14 12 13 15 13 14 13 12 14 12 12 13 13 12 13 13 12 13 11 12 12 12 13 14 11 12 13 14 13 13 13 14 13 14 12 11 11 12 12 14 14 13 12 13 13 13 13 12 12 12 15 12 14 14 14 15 12 13 14 15 13 14 14 14 13 14 13 14 13 12 13 15 14 14 12 11 13 14 12 15 13 13 14 13 13 11 12 14 13 13 15 14 15 13 13 14 13 14 10 12 12 14 12 14 13 13 12 13 13 12 13 12 12 11 12 12 12 12 10 12 13 13 10 12 11 11 10 10 12 12 12 11 12 11 10 12 12 12 12 10 11 13 12 13 12 12 12 13 11 11 12 10 13 12 0F 10 12 12 12 11 10 12 10 11 10 0F 13 10 11 12 10 11 10 12 10 0F 11 10 11 0F 10 10 12 11 13 12 11 10 10 0F 10 12 0F 12 11 10 11 12 11 10 11 10 11 11 0F 10 11 0F 12 11 0F 12 10 10 10 10 0F 0F 0F 10 0F 10 10 10 11 10 0E 0F 0F 0F 0F 0F 0F 0F 0F 0F 0F 0F 
19 19 19 19 19 19 19 19 19 19 19 18 18 1B 1A 19 19 1A 1A 18 18 19 17 1A 17 18 16 18 18 18 16 16 18 16 16 16 15 14 16 14 15 15 15 15 15 14 15 14 13 14 14 15 16 13 15 15 13 13 15 14 14 16 14 13 14 14 12 14 12 13 12 11 11 11 14 12 12 14 14 13 12 14 13 11 13 14 11 13 13 11 13 12 12 12 13 12 13 12 12 13 10 13 13 12 12 13 12 11 13 13 13 13 13 13 12 13 11 11 11 13 11 14 13 13 12 12 12 13 13 12 13 12 15 13 13 12 13 15 13 12 13 13 12 16 13 14 13 14 11 14 13 12 12 14 15 14 12 11 13 15 13 13 13 12 14 14 13 11 14 13 13 12 13 13 13 13 14 13 12 11 11 12 13 14 11 14 13 12 12 12 12 12 13 13 12 11 13 11 11 11 10 11 13 12 10 12 12 10 10 10 11 12 11 10 11 10 10 12 11 13 11 10 11 12 13 12 13 12 12 12 11 11 12 12 12 11 10 10 11 12 12 11 10 12 10 11 10 0F 12 10 11 11 10 10 10 11 11 10 11 10 11 0F 10 10 12 11 12 11 11 10 11 10 10 11 0F 12 11 10 11 11 10 0F 11 10 11 11 0E 10 11 10 11 10 0F 11 10 0F 0F 11 0E 10 10 10 10 0F 10 10 10 10 0E 0F 0F 0F 0F 0F 0F 0F 0F 0F 0F 0F 
1A 1A 1A 1A 1A 1A 1A 1A 1A 1A 1A 18 1D 18 1A 19 1A 18 18 1A 18 19 19 19 1A 18 19 19 17 16 17 18 16 1A 16 16 16 16 15 14 16 15 14 15 15 15 16 16 14 15 13 14 13 15 14 15 14 14 13 15 14 13 14 14 14 14 13 11 14 12 13 13 13 13 12 13 12 11 13 12 12 14 13 12 11 14 12 12 14 12 11 12 12 14 13 13 14 12 12 10 11 11 13 12 13 13 13 12 11 13 12 13 11 14 14 12 13 12 12 13 12 13 12 11 13 12 14 13 12 11 14 13 13 13 13 12 13 14 13 14 13 15 13 13 12 12 13 13 13 14 13 14 16 16 13 14 13 12 13 13 12 13 13 13 14 13 12 13 13 11 16 12 13 13 13 12 12 11 13 11 13 14 14 11 13 13 13 12 12 12 12 13 12 13 11 11 13 12 12 14 13 12 13 13 12 13 11 10 13 12 11 13 12 11 11 10 11 12 12 10 14 11 12 11 13 11 11 12 11 11 12 10 12 11 13 10 11 11 11 11 10 0F 10 11 11 11 10 11 12 11 0F 10 10 10 12 12 11 11 11 10 0F 11 10 10 11 0F 12 12 12 0F 10 0E 12 11 11 12 10 12 0F 10 11 10 10 10 10 11 10 10 10 10 11 11 0F 11 0F 10 11 11 11 11 0F 0F 10 11 10 11 0F 12 10 11 11 11 11 11 11 11 11 11 11 11 
1A 1A 1A 1A 1A 1A 1A 1A 1A 1A 1A 18 1B 18 18 18 1B 18 1A 1A 1A 19 1B 18 19 17 17 18 18 16 16 18 16 19 16 16 15 17 14 15 14 14 14 14 15 15 16 16 14 14 14 14 15 14 15 15 14 15 14 15 14 14 14 14 13 12 13 11 14 13 14 12 14 14 12 13 13 12 13 13 13 15 12 13 11 14 12 12 12 13 12 12 11 15 13 13 12 13 12 11 11 11 13 12 13 13 12 13 11 12 11 13 12 14 14 11 13 13 13 14 11 12 12 11 13 14 14 14 12 12 14 13 11 12 14 13 13 13 13 13 13 14 13 14 13 13 14 13 14 14 13 14 16 16 13 13 13 11 14 14 13 13 12 13 13 13 13 13 13 12 14 13 14 14 14 12 11 11 12 11 12 13 14 12 14 14 14 12 11 11 12 14 12 12 12 12 12 12 13 13 13 13 12 14 13 12 11 10 14 12 11 14 11 11 11 10 12 11 12 10 12 11 11 11 13 10 11 12 11 12 13 11 11 11 12 10 12 11 11 11 11 0F 10 11 11 10 10 10 12 11 10 10 10 10 12 11 11 12 11 11 10 11 11 11 11 0F 11 11 11 10 0F 0E 12 11 10 11 10 12 10 10 11 11 10 11 0F 11 10 10 10 10 12 11 10 11 10 10 11 10 11 10 0F 0F 0F 11 11 12 10 11 0F 11 11 11 11 11 11 11 11 11 11 11 
19 19 19 19 19 19 19 19 19 19 19 1B 1A 19 1B 1A 19 1A 1A 19 17 18 18 19 18 18 17 17 18 18 17 17 17 15 16 15 15 16 16 15 15 17 15 17 16 15 16 14 14 15 13 16 15 14 14 15 14 13 14 15 14 15 14 13 14 14 12 14 13 13 11 10 10 12 14 12 12 13 14 12 13 12 12 13 13 14 11 14 13 11 13 14 12 12 13 12 12 13 12 14 10 13 13 13 12 13 11 12 12 14 14 12 14 13 14 13 13 11 11 12 12 14 12 13 12 12 12 13 13 13 13 14 15 12 14 13 14 14 13 14 14 14 13 15 14 14 13 14 12 13 14 12 13 13 14 13 12 13 12 15 13 14 14 13 15 14 11 11 13 14 13 12 13 13 12 13 14 13 13 11 11 11 14 14 11 13 13 12 13 12 14 12 12 13 12 11 13 14 11 11 11 12 12 11 10 12 12 11 10 10 11 12 12 11 12 11 10 12 12 12 12 0F 12 12 12 13 13 11 11 13 11 12 12 12 13 11 10 0F 11 12 12 10 11 12 12 12 11 0F 12 10 10 12 11 11 12 11 11 10 11 0F 11 10 11 10 12 11 12 11 11 11 11 11 11 12 10 11 10 10 11 11 10 10 12 10 10 12 0F 10 11 10 12 0F 0F 11 10 10 0F 11 0E 10 0F 10 10 10 10 10 10 10 0F 0F 0F 0F 0F 0F 0F 0F 0F 0F 0F 0F 
1B 1B 1B 1B 1B 1B 1B 1B 1B 1B 1B 19 1A 19 1B 1A 19 1B 19 18 18 18 16 1A 18 18 17 18 19 16 18 17 17 17 17 14 15 14 17 14 15 15 16 16 16 15 16 14 13 13 15 15 14 14 15 13 14 13 13 13 14 15 14 12 13 13 12 14 13 12 11 11 11 12 15 12 12 13 13 13 11 12 12 12 12 14 12 14 13 12 13 12 12 13 13 13 12 14 13 14 11 11 12 12 12 14 12 11 12 14 13 13 12 13 13 13 12 11 11 13 10 14 13 12 12 13 12 13 13 13 12 13 14 12 14 13 13 14 13 13 13 14 12 15 13 14 13 14 12 13 13 12 13 14 14 13 12 11 13 15 12 14 14 11 12 14 12 12 13 15 12 13 13 13 13 13 15 12 12 11 10 11 13 15 12 12 13 12 11 12 13 12 13 13 14 11 13 13 12 11 10 12 12 12 0F 11 11 11 10 11 11 12 11 11 11 12 10 12 12 13 12 0F 12 12 12 12 12 12 11 12 11 12 12 11 13 11 10 0F 12 12 13 11 11 12 10 11 10 0F 11 10 11 13 10 11 10 11 11 0F 11 10 12 0F 11 10 12 10 12 11 10 11 11 10 11 12 10 11 11 10 11 12 11 11 11 10 10 12 0F 10 11 10 11 10 10 12 10 10 10 11 0F 0F 10 10 10 0E 11 10 10 10 0E 0F 0F 0F 0F 0F 0F 0F 0F 0F 0F 0F 
19 19 19 19 19 19 19 19 19 19 19 18 1C 18 19 19 1A 19 1B 19 17 19 1C 1A 1A 17 17 18 18 16 16 18 15 18 16 18 16 16 14 16 14 14 14 14 14 15 15 16 14 14 14 14 15 14 15 15 13 15 14 15 15 13 15 15 13 13 13 11 14 12 13 12 13 13 12 12 12 11 13 13 11 14 13 12 11 14 12 12 13 13 10 13 11 14 13 14 12 12 12 11 11 11 13 12 13 12 12 12 11 12 12 13 12 13 13 11 13 13 13 13 11 11 12 12 14 11 14 14 13 12 15 14 12 14 14 13 13 14 13 12 12 15 14 14 13 13 13 12 14 15 15 14 17 16 13 13 14 12 13 13 12 13 13 13 14 13 12 12 13 12 14 12 13 13 12 11 12 11 13 12 12 12 13 13 13 12 13 13 12 12 13 13 13 12 11 11 12 13 13 12 12 13 12 12 13 14 12 11 13 12 12 13 12 10 10 11 12 11 13 11 13 12 12 12 12 11 10 11 11 12 12 11 11 11 13 11 12 11 11 12 12 10 11 11 11 11 12 11 12 11 10 11 10 10 12 11 11 11 11 10 0F 11 10 11 11 0F 11 12 11 0F 0F 0F 12 11 11 10 0F 12 10 11 12 11 0F 10 10 12 10 11 10 0F 12 12 10 10 0F 10 11 11 11 11 0F 0F 10 11 10 10 0F 12 0F 10 10 10 10 10 10 10 10 10 10 10 
19 19 19 19 19 19 19 19 19 19 19 17 1C 18 17 18 1A 17 18 1A 19 19 1B 18 19 16 19 17 18 16 15 17 15 17 17 15 15 16 15 15 14 15 13 14 15 14 15 15 15 14 14 14 14 15 14 15 14 14 14 15 14 14 14 13 14 12 13 11 15 13 13 12 13 13 12 13 13 12 13 14 12 14 14 12 12 14 12 12 13 13 12 13 11 14 13 13 13 13 12 12 12 11 13 11 13 13 13 13 11 13 12 14 12 13 13 12 14 12 13 13 11 13 11 12 12 12 13 14 12 12 14 13 12 13 14 13 13 14 14 13 12 14 13 14 12 13 13 12 13 13 13 15 15 15 14 13 13 12 13 13 13 13 13 12 13 14 13 13 12 12 14 13 14 12 13 12 13 11 13 12 13 14 15 11 14 12 13 11 13 11 11 14 12 13 12 11 12 12 12 13 13 12 13 13 12 13 11 10 13 13 11 12 11 11 11 11 11 12 12 11 13 12 12 12 12 10 11 11 10 12 13 11 12 11 14 10 11 11 10 13 11 0F 11 11 11 11 11 11 12 11 10 10 11 10 12 11 11 13 11 10 10 11 10 11 11 0F 11 13 12 10 0F 0F 12 11 10 11 10 12 0F 10 11 10 10 11 0F 11 10 10 0F 0F 11 12 0F 10 10 10 11 10 11 11 0F 0F 10 11 11 10 10 11 0F 10 10 10 10 10 10 10 10 10 10 10 
18 18 18 18 18 18 18 18 18 18 18 1A 1A 19 1B 19 18 19 1A 17 18 18 16 19 19 17 18 16 17 17 18 17 18 16 15 15 15 15 16 13 15 15 14 15 16 15 14 13 13 14 15 16 14 14 14 14 14 14 14 14 14 15 14 13 14 13 12 14 13 13 11 12 10 11 15 11 12 13 13 12 12 13 12 12 12 13 12 13 14 12 12 13 12 12 13 12 12 14 12 13 11 12 12 13 12 14 12 12 13 14 13 13 13 14 13 13 12 12 11 12 11 14 13 12 11 12 12 14 12 13 13 13 14 13 14 13 13 14 13 13 13 14 13 14 14 14 14 14 12 13 13 12 12 14 14 13 11 12 12 14 13 14 13 12 13 14 12 12 13 13 12 14 13 13 13 12 13 13 12 12 10 11 13 14 12 13 12 11 11 13 13 12 12 13 12 12 13 13 11 12 0F 12 13 12 0F 12 11 11 10 10 12 12 12 11 12 11 10 12 12 13 12 11 12 13 11 12 13 11 11 13 11 12 12 12 13 11 0F 10 11 13 12 11 11 12 10 11 11 0E 12 10 11 11 10 12 10 11 10 10 11 10 12 0F 11 0F 11 10 11 11 11 11 10 10 11 11 0F 12 11 10 11 12 11 10 11 10 10 12 10 10 12 10 11 11 10 12 10 10 0F 11 0F 10 10 10 10 10 10 11 10 10 0E 0F 0F 0F 0F 0F 0F 0F 0F 0F 0F 0F 
1A 1A 1A 1A 1A 1A 1A 1A 1A 1A 1A 1A 18 18 1A 18 17 1A 17 17 16 17 16 19 18 18 16 16 18 17 17 15 17 16 17 16 13 14 16 15 14 16 15 16 16 14 15 14 12 14 14 16 15 13 14 14 14 13 14 13 13 15 13 12 14 13 12 14 13 12 11 10 10 10 14 11 11 13 12 12 12 12 11 11 13 14 12 13 13 12 13 13 11 12 13 12 12 13 12 13 10 12 12 12 12 13 12 12 12 14 12 12 13 13 13 13 13 11 10 13 10 14 13 13 13 13 13 13 13 13 13 13 14 12 15 13 14 14 11 13 13 14 13 15 13 14 13 15 11 13 12 12 13 14 13 13 11 12 12 14 13 13 13 12 13 13 12 13 13 14 12 12 12 13 13 12 13 13 13 11 10 11 13 13 11 13 12 12 11 13 13 12 13 13 13 11 12 13 12 11 11 12 12 12 0F 11 11 10 10 10 10 12 11 11 12 11 10 11 12 13 11 10 12 13 12 12 12 12 11 13 10 11 11 11 13 11 10 0F 11 12 12 12 11 11 0F 11 10 0F 12 10 10 11 0F 11 10 11 12 0F 11 11 11 0E 10 0F 12 10 12 10 10 11 11 10 11 11 0F 11 11 10 12 12 11 10 11 0F 11 11 10 10 11 10 11 11 0F 11 10 10 0F 11 0F 10 10 10 0F 10 10 10 10 0F 0E 0F 0F 0F 0F 0F 0F 0F 0F 0F 0F 0F 
1B 1B 1B 1B 1B 1B 1B 1B 1B 1B 1B 1A 1D 1B 18 1A 1B 18 19 1A 1A 18 19 18 19 17 18 17 18 17 16 17 14 16 15 17 15 16 14 14 16 14 14 13 16 15 16 15 14 14 13 16 14 14 14 14 13 15 14 16 14 13 14 15 13 13 14 12 14 13 13 13 13 14 11 13 14 13 13 12 11 14 13 12 11 13 12 13 13 12 11 13 11 17 14 14 12 12 13 10 11 11 13 12 12 13 12 13 10 13 12 13 12 14 13 12 14 13 12 13 12 13 11 12 13 13 14 14 12 12 14 13 12 14 13 13 13 13 14 12 13 14 13 14 13 13 14 13 15 14 13 15 15 16 13 13 13 12 14 14 13 13 12 12 14 14 13 12 12 13 15 13 15 12 12 12 12 11 13 11 14 13 14 11 13 13 13 12 11 12 12 13 13 12 11 12 12 13 11 11 13 13 12 14 12 11 12 10 13 13 11 12 12 11 11 11 12 12 12 10 13 12 11 11 12 11 10 11 11 11 12 11 12 11 13 10 12 11 11 11 11 0F 10 0F 11 10 11 12 12 11 0F 11 11 11 12 12 11 11 12 10 10 11 11 11 11 0F 10 13 11 0F 0F 0E 11 11 10 11 0F 12 0F 10 12 11 10 10 10 11 10 10 0F 10 11 11 10 10 0F 10 11 11 11 11 0F 10 10 11 11 12 0F 11 0F 11 11 11 11 11 11 11 11 11 11 11 
19 19 19 19 19 19 19 19 19 19 19 18 1B 19 17 18 1A 18 18 19 19 19 19 17 18 16 17 17 19 17 15 16 14 17 15 15 15 14 14 14 15 13 13 14 14 14 14 16 14 13 14 14 14 16 14 14 14 16 13 14 14 12 14 13 13 12 12 11 15 12 12 11 13 13 11 12 12 12 12 13 11 13 12 13 10 14 12 12 13 11 11 12 11 14 13 13 12 12 13 11 11 12 14 11 12 13 12 13 11 12 12 14 12 14 13 12 14 12 12 12 11 12 12 11 13 11 13 14 12 12 13 14 12 13 14 12 13 13 13 13 12 15 13 14 12 12 13 12 13 13 14 14 14 14 13 13 13 12 13 13 14 12 12 13 13 13 11 13 12 12 15 13 14 12 12 12 12 10 13 11 13 12 14 12 13 12 13 11 12 11 11 13 13 12 12 12 12 13 11 14 12 12 12 12 13 12 11 11 13 12 12 12 11 11 11 10 11 12 12 11 13 11 13 10 12 10 11 11 11 11 12 11 11 10 12 11 12 11 10 12 10 0F 10 10 11 10 10 11 11 11 10 11 10 11 12 11 11 12 11 10 0F 11 11 10 10 10 11 12 11 0F 10 0E 12 10 10 11 10 12 0F 11 10 10 0F 10 10 11 10 10 10 0F 11 10 10 11 10 0F 11 11 11 10 0F 0F 10 11 11 10 0F 11 0F 10 10 10 10 10 10 10 10 10 10 10 
19 19 19 19 19 19 19 19 19 19 19 19 1A 18 1B 1A 18 19 17 17 18 18 15 18 17 19 16 16 17 16 17 15 16 15 15 14 13 14 15 13 16 15 15 15 15 14 14 13 12 13 15 15 15 14 15 15 14 14 14 13 14 14 14 12 13 13 13 14 13 12 12 11 11 11 14 11 12 14 13 12 12 13 13 12 13 14 11 13 13 12 12 13 12 12 12 12 11 13 12 14 10 13 13 13 13 14 13 12 12 13 14 12 14 13 14 13 12 11 11 14 11 13 14 14 11 13 12 13 13 13 14 13 15 13 14 13 12 14 14 13 13 14 13 15 14 14 13 14 13 13 13 13 13 13 13 15 12 12 13 15 14 13 13 12 13 14 11 11 13 14 12 13 13 14 14 12 13 13 12 11 10 11 12 14 12 12 12 12 12 12 13 11 13 12 13 11 13 12 11 11 10 12 13 13 11 12 12 11 10 0F 11 11 12 11 12 10 10 12 12 13 12 10 11 12 12 13 13 12 12 12 11 12 11 12 13 11 10 10 11 12 12 10 10 12 11 10 11 0F 11 10 10 11 10 11 10 11 10 10 12 10 11 10 10 10 11 12 11 11 10 10 10 10 11 11 0F 11 12 10 11 11 10 10 11 10 11 11 0F 10 11 10 12 10 0F 11 0F 10 0F 12 10 10 10 10 10 10 10 10 10 10 0F 0F 0F 0F 0F 0F 0F 0F 0F 0F 0F 0F 
19 19 19 19 19 19 19 19 19 19 19 1A 19 19 1A 19 17 17 19 15 15 18 16 1A 16 17 18 16 17 16 15 15 16 15 16 14 14 13 15 13 15 14 14 15 16 14 14 13 13 14 14 16 15 14 15 14 14 13 13 13 15 14 14 13 13 13 12 14 13 13 11 11 11 11 15 13 12 13 14 12 11 12 13 11 13 14 12 13 13 11 13 12 12 12 13 12 12 14 11 13 10 13 12 12 13 14 11 11 13 14 12 12 13 14 13 14 11 11 11 13 11 14 12 13 13 13 11 13 13 13 13 13 15 13 14 11 14 14 13 12 14 13 14 15 13 14 13 15 12 13 13 12 13 14 13 14 12 12 12 14 12 14 13 12 13 14 12 11 13 13 13 12 13 13 13 12 13 12 12 11 10 11 13 13 12 13 12 12 11 13 12 11 12 13 12 10 13 13 11 12 10 12 12 12 10 11 12 10 10 10 11 12 11 10 11 11 11 12 11 12 11 0E 10 12 12 13 12 11 11 12 11 11 12 12 12 11 10 10 11 13 11 11 11 11 10 11 11 0F 10 10 10 11 10 11 10 11 10 0F 12 10 11 10 10 10 13 10 11 11 11 10 11 10 10 12 0F 12 11 10 12 11 11 11 11 0F 11 12 10 10 11 10 12 11 0F 11 11 10 10 10 0F 0F 11 10 10 10 10 10 10 0F 0E 0F 0F 0F 0F 0F 0F 0F 0F 0F 0F 0F 
19 19 19 19 19 19 19 19 19 19 19 19 1C 18 18 18 1A 18 19 19 17 18 19 18 18 16 17 17 18 16 15 17 16 17 15 15 17 16 14 15 15 14 15 13 15 15 16 17 14 14 14 14 14 14 14 15 14 15 13 14 14 14 15 14 14 13 12 11 15 13 13 12 13 14 12 13 14 13 13 13 11 14 13 12 12 14 12 12 13 13 12 12 12 14 14 13 12 12 12 11 12 12 13 13 13 13 12 13 11 12 12 13 12 13 12 12 14 12 13 12 11 12 12 12 14 12 14 15 12 12 14 13 12 14 14 12 13 14 13 14 12 15 15 14 12 12 13 11 14 14 14 15 16 16 14 13 13 14 14 13 13 13 14 13 13 13 13 13 12 12 15 13 14 13 13 11 12 11 11 12 13 13 15 12 13 13 14 12 12 11 12 13 12 12 12 11 12 12 12 13 13 12 12 12 13 12 12 10 12 13 11 13 11 11 11 11 11 11 12 10 13 12 12 11 13 10 10 12 11 12 13 11 12 12 13 10 11 11 11 12 10 10 10 11 11 11 10 12 11 10 0F 12 11 10 11 12 11 11 11 0F 10 11 11 10 11 0F 12 11 12 10 0F 0E 12 10 10 11 11 12 0F 11 10 10 10 11 10 11 10 11 0F 11 10 11 0F 10 10 0F 12 10 11 11 0F 10 11 11 11 10 10 11 0F 10 10 10 10 10 10 10 10 10 10 10 
19 19 19 19 19 19 19 19 19 19 19 18 1A 18 17 19 19 19 17 19 16 18 1B 17 17 16 16 17 18 16 14 16 15 17 14 16 16 15 12 14 14 15 13 14 14 14 15 16 13 14 13 13 13 14 13 15 13 14 13 14 13 12 13 14 13 13 12 11 14 12 12 11 13 13 12 12 13 12 13 14 11 14 13 13 11 14 13 11 13 12 12 12 11 14 13 14 12 13 12 11 12 12 14 12 12 12 13 12 11 14 12 13 12 14 13 12 13 13 12 13 12 12 12 11 14 12 13 14 12 12 14 13 12 14 15 13 12 14 13 14 13 15 13 14 12 12 15 13 13 14 13 15 16 15 12 13 13 13 12 14 12 13 12 12 14 13 13 13 12 11 15 12 14 12 12 12 12 11 13 11 12 13 14 12 12 14 13 12 11 10 13 13 13 12 13 12 12 12 11 12 13 12 12 13 13 12 10 10 13 11 12 12 11 12 11 11 12 11 12 10 14 11 12 11 13 10 10 11 11 11 12 11 11 11 13 10 11 11 10 11 11 10 10 10 11 10 10 10 12 10 10 10 11 10 12 11 12 11 12 10 10 11 11 11 11 10 11 12 11 10 10 0F 12 10 10 11 10 12 0F 11 11 10 10 11 10 11 10 10 10 11 11 10 0F 11 10 11 11 11 11 11 0F 10 10 11 11 11 0F 12 0F 11 11 11 11 11 11 11 11 11 11 11 
19 19 19 19 19 19 19 19 19 19 19 1A 1B 18 1B 17 17 19 18 18 15 18 17 18 19 16 16 16 16 16 16 16 16 16 14 15 13 14 15 14 15 14 14 15 16 14 14 15 12 14 14 15 15 13 14 13 13 13 15 13 14 15 13 12 14 13 13 13 13 12 11 11 11 12 15 11 11 13 13 12 13 13 12 11 13 14 12 13 14 12 12 13 12 13 12 12 12 13 12 13 10 12 11 12 12 14 13 12 12 14 13 12 13 13 13 13 11 11 11 12 11 14 12 13 12 13 11 13 13 13 12 13 16 12 14 13 13 15 13 13 13 14 13 16 14 15 13 15 12 13 14 12 13 14 15 13 13 12 12 14 13 14 14 12 14 13 13 11 12 14 12 13 13 12 13 13 14 13 12 11 0F 11 12 14 11 14 12 11 12 12 13 11 13 12 12 11 13 12 12 13 10 11 13 12 0F 11 12 12 11 10 11 12 11 10 12 11 11 12 12 13 11 10 11 12 12 12 12 11 11 12 10 12 11 12 13 11 10 10 11 11 11 11 11 12 10 11 11 0F 11 10 11 11 10 11 10 10 12 0F 11 10 12 0E 11 10 12 10 11 10 10 11 10 10 10 12 0F 12 10 10 12 12 11 0F 11 11 11 12 10 10 11 10 11 10 11 11 10 10 0F 11 0F 10 10 10 10 11 10 10 0F 0F 0F 0F 0F 0F 0F 0F 0F 0F 0F 0F 0F 0F 
18 18 18 18 18 18 18 18 18 18 18 18 19 1B 18 18 19 19 17 16 16 18 15 18 17 16 15 16 16 15 15 16 16 15 14 14 12 13 16 13 14 13 16 14 15 14 14 13 13 14 14 15 14 13 15 14 13 13 14 13 14 15 13 12 13 13 12 13 12 14 12 11 10 12 15 12 12 13 13 13 12 13 12 11 13 14 12 13 13 11 13 12 12 12 13 11 12 13 13 13 10 13 12 12 12 14 12 12 13 14 12 12 13 13 13 13 12 11 11 12 10 14 13 13 12 13 12 13 12 13 13 13 15 13 14 13 14 14 14 14 14 14 13 16 14 15 13 15 12 13 14 13 13 15 14 14 13 11 12 14 13 13 14 12 14 14 12 11 13 14 12 12 13 13 13 12 14 13 12 11 10 11 13 14 11 13 11 11 12 12 12 11 13 12 12 10 13 12 11 12 10 11 12 12 0F 12 11 11 10 0F 12 12 11 10 11 11 11 12 13 12 12 0F 11 13 12 13 13 11 11 12 11 12 12 11 12 11 10 10 11 12 11 10 11 11 11 10 11 0F 12 0F 10 11 10 11 10 11 11 0F 11 10 12 10 11 10 13 11 11 10 10 10 11 10 11 11 0F 12 10 10 12 12 10 10 11 10 11 12 10 10 11 0F 11 10 10 11 10 0F 0F 11 0F 10 10 10 10 0F 10 10 10 0F 0E 0E 0E 0E 0E 0E 0E 0E 0E 0E 0E 0E 
19 19 19 19 19 19 19 19 19 19 19 19 1B 17 17 18 1A 17 17 18 18 18 19 17 18 14 16 17 17 17 15 16 14 17 16 15 15 14 14 14 14 12 13 14 14 15 14 16 13 14 13 14 14 15 14 14 14 16 14 15 13 13 14 14 13 12 13 11 14 12 12 11 13 14 12 12 13 12 13 14 12 14 13 11 12 13 12 11 13 13 12 12 12 14 13 14 12 13 12 12 12 12 13 12 13 12 13 13 11 13 12 13 13 13 13 11 13 13 12 13 12 13 12 11 13 13 13 14 13 12 14 13 13 14 14 13 14 14 15 13 13 15 14 15 12 13 14 14 14 14 14 16 15 15 14 13 13 12 13 15 14 12 13 13 14 13 12 13 13 12 15 13 13 13 13 11 12 11 15 12 14 14 15 12 13 13 14 12 11 12 12 13 13 12 11 12 13 12 12 12 13 12 12 13 13 12 12 10 13 13 11 13 11 11 10 11 11 11 12 11 13 11 13 11 12 10 10 12 10 10 11 10 11 12 12 10 12 11 0F 11 10 0F 10 10 11 11 11 12 12 10 10 10 11 10 12 11 12 11 11 10 10 10 11 11 11 0F 11 12 11 10 10 0E 12 11 10 10 10 12 0F 10 12 12 0F 11 0F 11 10 11 10 0F 11 12 0F 10 0F 10 10 11 11 11 0F 10 10 0F 10 12 0F 11 10 11 11 11 11 11 11 11 11 11 11 11 
19 19 19 19 19 19 19 19 19 19 19 18 1B 17 19 18 1A 17 17 18 17 17 19 17 18 15 16 16 17 16 15 16 14 16 15 14 15 16 12 14 15 13 14 12 14 14 14 15 13 15 13 14 14 14 13 13 13 15 13 13 14 13 14 14 13 11 13 10 14 12 12 13 13 13 12 12 13 12 13 13 12 14 13 11 11 15 13 10 13 13 12 12 11 14 13 14 12 11 12 10 12 12 13 12 13 12 12 12 10 13 12 13 12 13 14 12 14 13 14 13 13 13 11 11 14 12 14 15 13 13 14 13 12 14 14 14 13 14 14 14 13 16 14 14 12 13 15 12 14 14 14 15 16 15 14 14 13 13 14 13 13 14 13 12 13 13 13 13 12 12 15 12 14 12 12 11 12 11 12 12 13 13 14 13 13 13 13 12 11 10 12 12 13 12 12 12 12 11 13 12 14 11 12 12 13 12 12 11 13 12 11 13 11 10 11 11 11 11 12 10 13 12 12 11 12 10 10 12 12 11 12 11 11 11 12 0F 12 10 10 12 10 0F 10 10 10 12 10 11 12 10 10 10 11 0F 13 10 11 11 11 10 10 12 11 11 10 0F 11 12 11 0F 10 0E 12 11 10 11 0F 12 10 11 12 10 0F 11 10 11 10 10 10 11 11 11 0F 11 10 10 11 11 10 11 0F 10 11 12 10 11 10 11 0E 10 10 10 10 10 10 10 10 10 10 10 
18 18 18 18 18 18 18 18 18 18 18 1A 19 18 1A 16 17 19 17 16 16 17 15 18 17 17 16 17 16 16 14 16 15 14 14 14 14 13 15 14 15 15 15 16 17 15 15 13 12 13 14 14 15 13 15 14 14 12 14 14 14 15 15 12 13 13 12 14 13 13 11 11 10 12 14 12 12 13 13 13 11 13 13 12 13 14 12 13 13 12 14 12 12 13 13 13 11 12 12 14 11 13 13 13 13 14 12 12 12 14 14 13 12 14 13 14 12 11 11 13 11 14 13 13 11 14 14 14 15 13 13 13 15 13 15 13 14 15 14 15 14 14 13 17 15 14 15 15 12 14 13 13 13 14 15 14 13 13 13 16 14 14 15 13 15 14 11 12 13 14 13 12 13 15 13 13 14 12 12 12 11 12 12 14 11 12 12 12 12 12 12 12 13 12 14 11 13 12 11 12 10 12 12 14 0F 12 12 12 10 10 11 12 12 10 13 10 11 12 12 12 12 0F 11 12 11 12 11 11 11 12 10 11 11 11 12 11 0F 0F 12 12 11 11 11 12 10 10 10 10 11 10 11 11 10 13 11 11 10 0F 11 10 12 10 10 10 12 11 11 11 11 11 11 10 11 11 0F 11 11 11 12 11 11 10 11 10 10 12 10 10 11 10 12 10 10 11 10 10 0F 11 0F 10 12 11 10 0F 10 10 10 0F 0F 0F 0F 0F 0F 0F 0F 0F 0F 0F 0F 0F 
18 18 18 18 18 18 18 18 18 18 18 19 19 18 1A 16 16 17 17 16 15 17 15 18 16 16 15 14 15 15 15 15 15 14 15 12 13 13 15 13 13 14 14 15 15 15 14 12 12 13 13 15 14 13 13 14 14 13 14 13 13 14 13 12 13 12 13 14 12 13 12 10 11 10 14 11 12 14 13 12 11 12 12 11 13 14 11 13 13 12 13 12 11 12 12 13 12 13 12 13 10 13 11 13 11 13 12 12 13 14 14 13 13 14 13 13 12 12 12 13 10 14 14 14 12 13 12 14 13 13 13 13 15 14 14 13 15 16 14 13 15 15 16 16 14 15 14 15 12 14 12 12 14 15 14 15 12 14 13 15 14 14 14 12 13 14 12 11 12 14 13 12 13 13 13 12 14 13 13 12 10 11 12 14 12 12 12 13 11 12 13 10 13 12 11 11 13 12 12 11 0F 12 12 12 0F 11 13 10 10 10 10 12 12 10 11 11 10 12 12 12 12 11 11 12 12 12 12 12 11 12 11 11 11 11 13 11 0F 0F 11 12 12 10 10 12 11 10 11 0F 11 10 11 11 0F 10 10 11 12 0F 11 11 11 0F 11 0F 12 11 12 11 10 10 11 10 10 11 0F 11 11 10 12 12 10 10 11 11 11 12 0F 10 11 10 12 11 0F 12 10 10 0F 11 10 10 10 10 0F 0F 10 10 10 10 0E 0E 0E 0E 0E 0E 0E 0E 0E 0E 0E 0E 
17 17 17 17 17 17 17 17 17 17 17 18 1A 17 17 17 19 18 17 18 17 18 18 15 18 15 17 16 16 16 14 16 14 15 14 15 14 15 13 13 13 13 12 15 14 13 14 15 13 14 13 14 14 14 14 15 12 15 14 14 13 12 14 13 12 12 12 10 14 14 13 11 14 13 10 13 13 12 13 12 11 14 13 12 11 14 12 12 14 13 12 13 11 14 14 14 13 12 12 11 12 12 12 12 12 12 12 12 11 13 12 13 12 14 13 12 15 13 14 13 13 13 13 13 13 12 14 14 13 14 14 15 13 14 16 14 13 15 15 15 14 18 14 15 12 15 16 13 14 14 14 16 16 16 14 13 13 13 14 14 14 14 14 13 14 14 13 13 12 12 14 12 14 12 12 12 12 11 13 11 13 13 15 12 13 14 14 13 12 13 11 12 12 12 11 12 12 11 12 14 13 11 12 12 12 13 12 10 13 12 12 12 11 11 11 11 11 12 12 11 12 11 12 11 12 10 10 11 11 11 12 11 12 11 13 0F 12 10 10 12 10 0F 0F 10 11 11 10 11 12 12 0F 11 10 10 12 11 11 11 11 10 10 10 11 11 10 10 12 12 12 10 0F 0E 12 11 10 11 10 13 10 10 11 10 0F 10 10 11 0F 10 10 10 11 11 10 11 0F 10 10 10 10 11 0F 10 10 11 11 11 0F 11 0F 10 10 10 10 10 10 10 10 10 10 10 
18 18 18 18 18 18 18 18 18 18 18 18 1A 17 17 17 19 16 16 17 16 17 18 17 17 14 16 15 18 16 14 16 14 15 14 14 14 15 13 13 14 13 13 13 14 14 14 15 13 14 13 13 12 13 14 14 14 13 12 15 13 13 14 15 13 12 13 10 12 13 13 11 13 13 11 13 13 11 13 13 11 14 14 11 12 14 11 11 13 12 12 12 11 14 14 14 12 12 13 12 12 11 13 12 12 13 11 12 12 13 12 14 12 14 13 12 13 13 12 13 12 13 12 12 13 13 14 15 14 12 14 14 14 14 16 14 15 14 15 15 15 17 14 14 14 15 15 12 14 15 14 16 17 17 13 14 14 13 14 14 14 13 14 13 16 13 12 13 14 12 15 14 14 13 13 12 12 11 12 12 13 13 14 11 13 13 13 12 12 11 12 13 13 12 12 12 12 11 13 13 14 12 12 12 12 12 12 10 13 11 11 12 12 10 12 11 11 11 11 0F 13 11 11 10 11 10 11 11 11 11 12 11 11 11 13 10 12 10 10 11 10 0F 11 11 10 11 10 11 12 11 0F 10 10 10 12 11 10 11 10 11 0F 11 11 10 10 0F 11 12 11 0F 10 0E 12 10 10 11 0F 12 0F 11 11 11 0F 10 10 11 0F 10 0F 0F 11 11 0F 10 10 10 11 11 11 11 0F 10 10 11 10 11 0F 10 0F 10 10 10 10 10 10 10 10 10 10 10 
17 17 17 17 17 17 17 17 17 17 17 19 19 18 19 16 16 19 16 16 15 14 14 17 15 16 16 15 16 15 14 15 15 14 14 13 14 13 14 13 13 14 14 15 15 14 14 12 13 13 14 14 14 13 14 14 14 13 14 13 14 14 13 12 13 15 12 14 12 12 10 11 12 11 14 11 12 13 13 13 11 13 12 12 13 13 11 14 14 12 13 13 12 13 12 13 11 13 13 12 10 12 13 14 12 14 12 13 13 15 14 13 14 13 12 13 12 12 11 13 11 15 14 16 13 14 13 14 15 14 16 14 17 14 15 15 15 17 15 17 16 16 16 1B 16 16 16 17 13 14 15 13 14 15 16 16 14 12 13 16 14 14 15 13 14 15 13 12 13 16 13 13 14 14 12 12 14 13 13 12 10 12 13 14 11 13 11 12 12 13 13 12 14 14 13 10 14 12 12 12 10 12 12 12 0F 12 12 11 12 10 11 11 11 10 11 12 11 12 11 13 11 0F 11 12 12 12 12 10 11 12 10 10 11 11 13 10 10 10 10 12 11 11 11 11 10 11 11 0F 11 0F 10 11 10 10 10 12 10 10 12 10 11 10 10 0F 11 10 12 10 10 12 11 10 11 12 0F 12 11 0F 11 12 10 10 11 11 11 12 10 10 11 10 11 10 0F 11 11 0F 10 11 0F 10 0F 10 10 0F 0F 10 10 10 0F 0E 0E 0E 0E 0E 0E 0E 0E 0E 0E 0E 
17 17 17 17 17 17 17 17 17 17 17 18 17 19 19 16 16 17 16 15 16 16 14 16 15 15 14 15 15 15 15 15 15 14 14 13 12 13 15 12 13 14 13 14 14 14 14 13 12 13 13 14 14 12 13 13 12 12 14 13 13 15 13 13 13 12 12 13 12 12 11 10 10 12 14 12 11 12 13 13 11 12 12 12 12 14 11 13 12 12 12 13 12 12 13 13 11 12 13 13 0F 12 13 12 12 13 13 11 13 14 13 13 14 14 14 13 12 12 13 14 11 14 14 14 13 14 12 15 15 14 14 13 15 14 17 16 15 16 16 16 16 15 16 18 16 16 15 16 15 15 15 14 15 15 15 15 13 13 14 15 13 14 14 12 13 15 13 12 13 14 13 12 13 14 13 12 14 14 12 12 10 11 13 14 11 13 12 12 12 13 12 12 13 13 12 11 13 12 12 12 11 11 12 11 10 12 11 11 10 10 11 11 12 10 11 10 11 12 11 12 12 0F 11 12 12 12 12 12 11 12 10 10 11 12 12 10 10 0F 11 11 12 10 10 12 10 10 10 0E 11 0F 10 11 0F 10 0F 10 11 10 10 11 11 0F 10 0F 12 11 12 11 10 10 11 0F 11 12 0E 10 11 10 11 11 10 10 10 10 10 11 10 10 11 10 11 10 10 11 10 0F 0F 10 10 0F 11 10 0F 0F 10 10 0F 0F 0E 0E 0E 0E 0E 0E 0E 0E 0E 0E 0E 0E 
17 17 17 17 17 17 17 17 17 17 17 17 19 17 17 16 19 17 16 17 17 17 18 15 18 15 16 16 16 15 14 16 13 17 15 14 14 14 13 14 14 14 13 13 15 12 14 15 13 13 12 13 14 14 13 14 13 14 13 14 13 12 13 14 13 15 13 10 14 12 13 12 13 14 11 14 12 12 13 12 11 13 13 12 12 13 12 11 13 13 11 13 11 15 14 14 13 13 12 11 12 12 13 12 12 13 13 13 11 13 12 15 13 14 13 12 14 13 15 14 13 13 13 13 14 14 16 16 14 14 16 15 15 16 17 16 15 17 17 16 16 18 1A 17 17 16 17 15 16 17 18 17 17 18 16 14 16 15 14 15 16 15 14 14 14 14 14 14 13 12 14 13 13 12 12 12 13 12 12 12 13 14 15 14 14 13 14 11 13 11 12 13 13 12 13 12 11 12 12 13 13 12 13 13 12 12 12 10 13 13 12 13 11 11 11 11 13 11 12 10 13 10 11 11 12 10 10 12 11 11 12 10 12 11 12 10 12 11 10 11 10 10 10 11 11 11 10 12 12 10 10 10 10 0F 11 11 11 11 11 10 10 12 11 11 10 0F 11 12 11 10 11 0E 12 11 10 12 0F 12 11 11 11 10 10 10 10 11 10 0F 10 10 11 11 10 10 0F 10 10 10 11 10 0F 0F 10 10 10 10 0F 11 0F 10 10 10 10 10 10 10 10 10 10 10 
17 17 17 17 17 17 17 17 17 17 17 17 19 16 16 17 18 15 16 16 16 17 17 16 19 14 15 16 15 16 14 17 12 15 15 14 14 15 13 13 14 12 12 11 14 13 14 15 14 13 13 13 14 13 13 14 13 14 13 14 13 12 13 14 13 12 12 11 13 11 13 12 12 14 11 13 13 12 13 12 10 13 12 12 11 13 12 12 12 12 12 12 11 14 13 13 12 13 13 12 12 12 12 12 13 13 14 13 11 13 12 14 13 14 14 13 14 14 13 14 13 14 13 12 15 15 15 14 14 14 16 15 13 15 16 16 17 17 19 16 18 19 19 18 18 16 15 15 17 17 17 18 19 18 16 14 15 14 15 16 14 15 14 15 14 14 14 14 13 13 15 14 15 13 14 12 12 13 13 12 13 13 14 11 13 13 13 13 11 11 12 13 13 12 12 11 12 13 13 13 13 12 12 13 13 13 12 10 13 12 12 11 12 11 11 11 11 11 11 10 13 11 11 11 13 10 0F 11 11 12 12 11 11 11 12 10 11 10 10 11 10 0F 10 10 11 11 10 11 11 0F 0F 10 11 10 12 12 12 11 10 10 0F 11 10 10 10 0F 13 12 11 10 10 0F 12 11 10 11 0F 12 10 10 11 10 0F 10 0F 11 10 10 10 10 11 11 10 10 0F 0F 11 10 11 11 0F 0F 11 10 10 10 10 10 0E 10 10 10 10 10 10 10 10 10 10 10 
18 18 18 18 18 18 18 18 18 18 18 18 18 17 18 17 15 16 17 18 14 15 14 17 15 17 15 15 15 14 16 15 15 15 13 13 13 13 15 12 13 12 14 15 14 13 14 12 12 12 14 15 14 12 14 13 13 12 14 13 14 14 13 12 14 14 13 14 12 12 11 10 11 11 16 11 12 12 14 12 12 12 11 12 13 14 11 13 13 12 13 13 12 14 13 12 12 13 12 13 10 13 13 14 12 14 13 12 14 15 14 14 14 14 14 13 13 12 12 14 12 15 14 14 13 16 13 15 14 16 15 16 17 17 16 16 16 19 18 16 18 1A 18 1B 18 19 18 17 14 17 15 14 16 17 18 15 13 15 15 16 14 17 15 14 15 15 13 12 14 16 13 13 13 15 13 13 15 14 13 11 10 11 13 14 12 13 13 12 12 12 13 12 13 13 12 12 13 13 12 12 11 13 12 12 0F 13 11 11 0F 11 11 12 11 10 11 11 11 12 12 12 12 0F 11 11 11 11 12 11 11 12 10 11 10 11 12 11 0F 10 11 11 12 10 10 11 10 10 10 0E 12 10 12 10 10 10 10 11 11 10 11 10 11 0F 11 0F 11 10 12 11 10 10 11 11 11 11 0F 10 10 0F 11 11 10 0F 10 10 10 12 0F 10 11 0F 12 10 10 11 10 0F 0F 11 0F 10 0F 11 0F 10 0F 10 0F 0F 0E 0F 0F 0F 0F 0F 0F 0F 0F 0F 0F 0F 
17 17 17 17 17 17 17 17 17 17 17 18 17 17 18 17 15 17 15 14 14 16 14 16 16 15 15 15 15 15 15 14 15 14 14 13 12 12 15 13 14 13 14 14 14 13 14 13 12 13 14 14 13 12 14 13 13 12 14 12 13 13 12 13 13 12 12 13 13 12 12 10 11 10 15 12 12 12 12 13 13 12 12 11 13 14 12 13 13 12 12 12 12 13 13 13 13 13 13 13 11 12 13 12 13 15 13 12 12 14 13 13 14 14 14 14 13 14 13 14 12 16 14 15 14 15 14 15 17 14 17 16 18 16 17 16 18 18 19 18 18 18 18 1A 1A 19 19 18 16 16 17 16 16 16 17 16 13 13 14 17 15 16 15 13 15 15 15 13 14 15 13 13 13 13 13 12 14 13 13 12 10 11 13 14 12 12 11 11 13 13 13 11 13 13 12 11 13 13 12 12 10 12 12 11 0F 11 11 11 11 10 11 12 12 11 12 11 11 11 12 13 12 0F 11 11 11 12 12 11 11 12 11 10 12 11 13 10 0F 0F 10 12 12 11 11 11 10 11 10 0F 18 10 11 11 10 10 10 11 12 10 11 10 12 0F 10 10 12 11 11 11 11 10 11 10 11 11 0F 11 11 10 11 11 10 10 10 11 11 12 0F 10 10 10 11 10 10 11 0F 0F 0F 10 0F 10 10 10 0F 0F 0F 10 0F 0F 0E 0E 0E 0E 0E 0E 0E 0E 0E 0E 0E 0E 
17 17 17 17 17 17 17 17 17 17 17 15 19 16 15 16 19 15 15 17 15 16 18 15 16 14 14 16 16 15 14 15 13 16 13 14 15 15 13 14 13 14 13 13 14 13 16 15 14 13 13 14 14 13 14 14 14 15 14 14 14 12 14 14 13 12 13 10 14 12 12 11 13 13 11 13 14 11 13 12 12 14 14 13 11 14 13 12 13 13 13 12 11 14 13 14 14 13 13 12 13 12 13 12 13 14 13 13 13 13 12 15 13 14 14 13 15 14 15 14 13 15 14 13 17 15 16 16 16 16 18 16 16 16 17 18 16 19 18 18 1C 1B 19 1A 19 18 1A 17 18 17 19 19 18 17 16 16 15 16 15 16 16 16 15 14 15 14 13 14 14 13 16 14 15 13 13 13 12 12 13 13 14 12 14 12 14 13 13 12 12 12 12 14 12 12 11 12 12 12 12 14 13 12 13 12 13 12 12 0F 13 13 11 12 12 11 11 10 11 11 11 10 12 11 12 10 12 10 10 11 11 12 13 10 11 11 12 10 12 11 10 11 10 0F 0F 10 10 11 10 11 11 10 10 11 10 0F 11 11 11 12 11 10 10 12 10 11 10 0F 11 12 11 10 0F 0F 12 10 10 11 0F 13 10 10 11 10 0F 10 10 11 10 10 10 0F 10 11 0F 11 10 0F 10 10 11 11 0F 0F 10 10 10 10 10 11 0E 10 10 10 10 10 10 10 10 10 10 10 
17 17 17 17 17 17 17 17 17 17 17 15 18 17 14 16 18 16 16 16 15 16 16 14 16 13 15 14 15 14 14 15 12 16 14 13 14 15 13 12 12 13 12 12 13 13 14 15 12 14 13 13 13 14 14 14 13 14 13 14 13 12 14 13 12 12 12 10 13 12 12 11 13 13 10 12 13 12 13 13 11 14 12 12 11 13 12 12 13 13 13 13 11 15 14 14 13 12 12 11 12 11 14 13 13 15 13 14 12 14 13 14 13 14 15 13 15 14 14 14 13 15 14 14 16 15 16 17 16 15 17 16 15 17 16 18 18 19 18 18 18 1B 1A 1A 18 19 19 17 19 19 18 18 19 18 16 16 16 16 16 17 15 16 14 14 15 14 15 13 13 13 15 13 15 13 13 13 13 11 13 12 13 14 14 12 14 14 13 13 12 11 12 13 12 13 12 12 13 12 12 13 13 13 12 14 13 13 11 11 13 13 12 12 12 11 11 11 11 11 12 10 12 11 11 11 12 10 11 11 11 11 12 10 11 11 13 10 12 10 10 11 10 10 10 10 12 11 10 10 11 11 0F 10 11 10 12 11 11 11 10 11 0F 10 11 10 10 0E 10 12 11 11 0F 0F 12 11 10 11 0F 11 10 10 11 10 0F 10 0F 12 10 10 0F 0F 11 10 10 10 0F 10 11 10 10 10 0F 0F 0F 10 10 10 0F 11 0E 10 10 10 10 10 10 10 10 10 10 10 
17 17 17 17 17 17 17 17 17 17 17 17 17 16 17 16 14 17 16 13 14 15 14 16 15 15 13 15 15 15 15 15 15 13 13 14 12 13 14 13 13 14 14 14 14 13 15 12 13 13 13 14 13 12 14 13 13 13 14 13 13 14 13 12 13 12 12 13 13 12 11 11 11 12 14 11 12 13 13 12 12 12 12 13 13 15 11 14 14 13 13 12 12 13 13 12 12 13 13 14 11 14 13 13 14 14 13 14 13 17 14 13 16 15 14 15 13 13 13 14 14 17 16 17 14 15 16 16 16 17 18 16 19 17 19 19 18 1D 19 18 19 1A 19 1C 1B 19 1A 1B 17 18 17 17 16 18 19 17 15 14 14 19 15 17 16 14 16 16 14 13 14 15 13 14 14 14 15 14 14 15 14 13 10 12 15 14 13 14 12 12 12 12 12 12 13 13 13 11 14 12 11 13 11 13 12 12 0F 12 12 11 10 10 10 13 11 11 12 11 10 12 12 12 11 0F 11 12 11 12 12 11 12 12 11 11 11 11 12 11 10 0F 11 11 11 11 10 12 10 10 10 0F 12 0F 11 11 10 11 10 11 11 10 11 10 12 0F 10 0F 12 10 12 12 11 10 11 10 10 11 10 10 10 10 11 12 10 10 11 10 11 11 10 0F 11 10 11 0F 0F 11 0F 0F 0F 10 0F 10 0F 0F 10 0F 10 0F 0F 0E 0E 0E 0E 0E 0E 0E 0E 0E 0E 0E 0E 0E 
16 16 16 16 16 16 16 16 16 16 16 17 16 17 17 14 15 16 15 14 13 14 13 16 15 15 14 13 15 14 14 14 15 13 14 13 11 12 14 12 13 13 14 14 15 13 13 12 12 13 13 13 13 12 14 14 12 12 13 12 13 15 13 12 13 13 12 14 13 11 11 11 10 11 14 11 11 13 12 11 11 13 12 11 12 14 12 14 13 11 13 13 13 12 13 12 13 13 13 14 11 13 13 12 13 15 13 12 14 15 14 14 14 15 14 14 13 12 14 14 13 15 15 15 13 15 16 16 15 16 17 16 19 17 17 18 18 19 1A 19 19 1A 1A 1B 1A 1A 1A 1A 17 1B 17 19 17 18 18 16 14 14 17 18 15 16 14 14 14 15 13 11 14 15 13 14 13 14 13 12 14 13 13 11 0F 11 13 14 11 14 12 12 12 13 13 12 13 13 12 11 12 13 12 11 10 12 12 11 0F 13 11 11 10 0F 11 12 12 11 11 11 10 11 12 12 11 10 10 12 12 12 12 11 10 12 10 11 11 11 12 10 0F 10 10 11 11 10 10 11 10 10 10 0E 11 0F 10 11 10 10 10 11 11 10 11 0F 11 0F 0F 0F 12 11 11 10 11 0F 10 10 10 11 0E 11 10 0F 10 11 10 0F 11 10 11 12 0F 10 10 10 11 0F 0F 10 0F 0F 0F 10 0E 0F 0F 10 0F 0F 0F 0F 0F 0F 0E 0E 0E 0E 0E 0E 0E 0E 0E 0E 0E 0E 
17 17 17 17 17 17 17 17 17 17 17 16 18 15 14 16 16 16 15 16 15 15 16 15 16 14 14 15 16 15 13 15 13 17 14 14 14 13 13 12 14 13 12 12 13 14 14 14 13 13 12 13 12 13 14 14 14 15 13 14 12 12 14 13 15 11 12 11 13 12 12 12 13 13 12 12 14 11 14 13 12 14 14 12 11 14 12 13 13 12 11 11 13 15 14 14 12 13 13 12 12 13 14 12 14 14 13 13 11 13 12 15 14 15 14 14 16 17 15 15 18 15 14 14 17 16 16 16 17 15 18 18 14 17 18 19 19 1A 18 18 17 1B 1A 1B 19 18 1A 18 19 18 19 1A 1A 1A 16 17 19 15 16 16 16 16 15 15 16 15 14 13 14 14 16 14 15 13 14 13 12 11 14 12 13 14 15 13 14 13 14 12 11 11 12 14 13 13 12 12 12 12 12 13 13 12 11 13 12 13 11 11 14 12 12 12 11 11 11 12 11 11 11 10 13 12 11 10 12 10 10 10 10 10 12 10 11 11 12 10 11 11 10 11 10 0F 11 10 11 10 10 10 11 11 0F 10 10 0F 12 11 11 10 11 10 0F 11 12 11 10 0F 11 12 10 10 0F 0E 11 10 10 11 0F 11 0E 10 11 10 0F 10 0F 11 0F 10 0F 10 11 10 0F 10 0F 0F 10 10 11 10 0E 0E 0F 10 0F 0F 0E 10 0E 10 10 10 10 10 10 10 10 10 10 10 
16 16 16 16 16 16 16 16 16 16 16 15 19 17 14 16 17 16 15 17 15 16 16 14 17 14 15 15 15 13 13 15 13 15 13 13 13 14 12 12 13 12 11 11 13 14 15 15 13 13 12 13 13 14 13 14 14 14 13 14 14 12 14 13 12 11 12 11 14 11 13 10 14 12 11 11 12 11 13 13 11 14 13 12 10 15 11 12 12 13 12 12 11 14 14 13 12 13 13 12 12 11 13 13 14 14 14 14 12 14 13 14 14 15 14 14 16 15 15 14 14 15 14 14 14 14 17 17 16 15 18 17 15 18 19 16 17 19 19 1A 18 1A 19 1A 19 1B 1A 17 19 1A 19 1A 1C 1B 19 16 16 16 16 17 16 16 15 16 15 14 14 14 13 14 16 14 15 13 12 12 12 12 13 12 15 14 14 13 13 12 14 12 12 11 12 13 12 12 12 11 12 13 13 13 13 11 12 14 13 12 11 10 13 13 11 13 11 11 10 11 12 11 11 10 13 11 12 12 11 10 10 10 11 10 12 11 10 11 12 10 11 10 10 11 10 0F 0F 11 10 10 11 11 10 10 0F 10 10 10 12 10 11 11 11 10 0F 10 10 11 10 0F 12 11 10 0F 0F 0E 11 10 10 10 0F 11 0F 10 10 0F 0F 10 0E 10 0F 0F 10 0E 10 0F 0E 10 0F 0F 10 0F 11 10 0E 0F 0E 10 10 0F 0E 10 0E 0F 0F 0F 0F 0F 0F 0F 0F 0F 0F 0F 
17 17 17 17 17 17 17 17 17 17 17 17 15 17 17 15 14 16 15 14 14 14 13 16 15 16 14 13 15 15 14 14 14 13 12 13 13 13 14 12 12 13 14 13 14 13 14 12 11 13 13 14 13 12 14 13 14 12 13 13 13 14 13 11 12 13 13 13 12 12 11 11 11 11 14 12 12 14 13 13 12 12 11 12 13 14 11 15 14 12 13 13 12 13 13 13 12 13 13 14 11 13 13 14 13 17 14 13 13 15 14 14 15 15 14 14 13 13 14 15 14 18 15 16 14 15 15 17 15 16 17 19 19 16 18 1A 1A 1A 19 1B 19 1A 18 1C 1B 1B 1A 19 18 19 18 18 19 19 18 17 15 15 15 17 16 16 16 14 16 15 13 13 15 15 14 13 14 14 14 13 15 13 13 11 12 12 12 14 11 13 12 12 13 12 13 12 12 12 12 10 13 13 12 12 10 13 12 12 10 13 13 11 10 11 11 11 11 10 11 10 10 11 12 12 11 0F 11 13 11 12 12 11 11 12 11 10 11 11 12 10 0F 10 10 12 12 0F 10 11 10 11 10 0F 11 10 10 10 10 11 10 10 0F 0E 11 10 11 0F 10 0F 11 0F 11 11 11 11 10 10 10 10 0F 11 10 0F 10 11 10 0F 10 10 10 11 0F 10 10 0F 10 0F 0F 10 10 0F 0F 10 0E 0E 0F 0F 0E 0F 0F 0F 0F 0F 0D 0E 0E 0E 0E 0E 0E 0E 0E 0E 0E 0E 
17 17 17 17 17 17 17 17 17 17 17 17 16 17 18 14 14 16 16 13 13 14 13 16 15 15 14 14 15 14 14 14 14 13 13 13 12 13 14 12 14 13 13 14 14 14 13 13 11 13 13 14 14 13 13 13 13 13 14 13 13 13 13 12 12 13 12 13 12 12 11 11 10 11 13 11 11 12 14 12 12 12 12 11 13 13 12 14 13 12 13 12 12 13 14 12 13 14 12 14 11 13 14 13 14 15 14 13 14 15 14 15 15 16 14 15 13 13 14 15 13 16 14 15 13 16 16 17 16 17 17 15 18 17 18 18 18 18 19 18 19 18 19 1D 1B 19 19 1B 17 17 19 16 16 18 17 17 17 14 14 18 17 16 17 14 15 16 13 13 14 15 13 15 14 14 13 12 14 14 13 11 10 11 13 16 12 13 13 12 12 12 13 12 13 13 13 10 13 12 12 12 10 12 12 12 0F 12 11 10 10 10 11 12 11 10 11 11 10 12 12 12 10 10 11 12 11 13 12 11 10 12 10 11 11 11 13 11 0F 10 11 11 12 10 10 12 10 10 11 0F 10 10 0F 11 0F 11 10 11 10 0F 11 10 11 0F 10 10 11 0F 12 10 10 10 10 0F 0F 10 0F 10 11 0F 10 11 0F 0F 11 0F 10 11 0F 0F 10 0F 11 10 0F 10 0E 0F 0F 0F 0E 0F 0F 0F 0F 0F 0F 0F 0E 0E 0D 0E 0E 0E 0E 0E 0E 0E 0E 0E 0E 0E 
17 17 17 17 17 17 17 17 17 17 17 16 17 14 15 16 17 14 16 18 15 15 16 15 16 12 15 14 16 13 12 14 13 15 13 13 14 14 12 12 13 12 12 12 13 13 14 14 12 14 13 12 12 13 13 14 13 14 14 14 13 13 14 13 13 12 11 10 13 11 12 12 13 13 12 12 13 12 13 13 12 14 13 12 12 14 12 13 13 13 11 13 11 15 14 15 13 13 13 13 12 14 13 13 13 13 14 13 13 14 13 15 15 14 14 14 16 14 15 16 14 16 14 13 15 16 18 1A 16 15 18 18 15 17 18 18 16 19 19 17 17 1B 18 1A 1B 1A 19 18 19 19 1A 19 19 1B 18 16 17 16 17 17 16 15 14 14 16 15 13 16 13 12 15 13 15 13 14 12 13 11 14 13 14 14 14 12 14 13 14 12 11 11 11 13 13 14 12 12 14 12 12 14 13 13 12 12 13 13 11 10 13 12 12 12 12 11 12 11 11 12 12 10 12 11 12 11 12 11 11 11 11 11 12 10 11 11 13 10 12 11 10 11 10 0F 0F 10 11 10 10 10 11 10 0F 10 10 10 11 10 11 11 11 10 0E 11 10 11 10 0F 11 11 11 0F 0F 0F 11 0F 0F 10 0F 11 0E 10 10 10 0F 10 0F 11 0F 0F 0F 0F 10 11 0E 10 0E 10 10 10 10 10 0E 0F 0F 10 11 10 0E 10 0E 0F 0F 0F 0F 0F 0F 0F 0F 0F 0F 0F 
16 16 16 16 16 16 16 16 16 16 16 15 19 15 14 15 16 14 14 16 15 15 16 14 17 14 14 15 15 14 13 14 13 15 13 14 14 14 13 12 14 13 12 12 13 13 14 15 12 13 13 12 14 13 13 14 14 15 12 14 13 11 13 13 12 12 12 10 14 11 11 11 13 13 11 13 12 11 13 14 11 14 13 12 12 14 12 12 12 13 12 13 11 16 14 13 12 13 13 11 12 12 14 13 14 14 13 14 12 14 14 15 14 15 14 13 15 14 14 15 13 16 14 14 16 13 17 17 15 15 17 16 14 17 17 16 16 19 18 19 18 19 19 19 17 18 17 19 18 17 19 19 19 19 17 17 16 16 15 16 15 16 15 14 15 15 15 14 14 12 15 14 15 13 13 12 13 13 13 12 13 14 14 11 13 13 14 13 11 12 12 14 14 13 11 13 12 13 12 13 13 12 12 12 13 11 11 10 13 14 11 12 11 11 11 11 11 11 12 10 12 11 12 10 12 10 0F 10 10 11 12 11 11 12 12 10 12 11 10 11 10 0E 10 0F 11 12 10 12 12 10 10 10 10 10 11 10 10 11 11 10 0F 10 0F 10 10 0F 11 11 11 10 0E 0E 12 10 0F 11 0E 11 0F 0F 10 0F 0E 10 0E 11 0F 0F 0F 0E 10 10 0F 0F 0F 0F 10 0F 10 10 0E 0F 0F 0F 0F 0F 0E 10 0E 10 10 10 10 10 10 10 10 10 10 10 
16 16 16 16 16 16 16 16 16 16 16 17 14 15 16 15 14 15 15 13 14 14 12 15 14 16 14 13 15 13 13 13 14 13 14 12 12 13 14 12 12 12 14 14 14 12 13 12 11 12 14 14 13 13 14 13 13 12 13 12 12 15 13 12 12 12 12 14 11 12 10 10 10 11 13 10 12 14 12 14 12 12 12 12 12 15 12 14 14 13 13 13 12 13 13 12 13 14 11 13 11 13 13 13 13 16 13 14 13 15 14 15 16 15 14 15 14 13 13 15 13 16 15 15 14 15 15 16 17 15 16 15 18 16 17 16 18 18 18 17 18 18 19 1A 18 1A 1A 1A 17 19 18 16 17 18 18 17 17 16 18 17 17 15 16 14 16 15 13 13 14 16 14 13 15 13 15 12 14 13 13 12 12 12 12 14 12 13 12 12 12 13 12 12 13 13 12 11 13 12 11 12 10 12 12 13 0F 11 11 11 10 11 11 12 11 10 11 11 10 12 13 13 11 0F 11 11 12 12 12 11 10 12 10 11 11 11 13 10 0F 0F 11 13 12 10 10 11 10 10 10 0E 10 0F 0F 10 0F 10 0F 11 10 0F 11 10 12 0E 0F 0F 11 10 11 10 0F 10 10 0F 10 10 0F 10 0F 0F 10 11 0F 0F 10 0F 10 11 0E 0F 10 0F 11 0F 0E 10 0F 0F 0E 10 0E 0E 0F 0F 0E 0F 0F 0F 0F 0E 0D 0E 0E 0E 0E 0E 0E 0E 0E 0E 0E 0E 
16 16 16 16 16 16 16 16 16 16 16 16 16 15 17 16 14 15 16 13 14 14 13 14 14 15 14 13 15 14 13 15 13 13 14 12 12 12 13 11 14 13 14 14 14 12 14 12 11 13 14 15 14 12 14 12 12 12 13 12 13 14 13 12 13 13 12 13 12 11 10 10 11 11 15 12 12 12 13 12 13 12 12 12 14 14 12 14 13 12 12 13 12 13 13 13 12 14 13 12 11 13 13 12 14 15 12 12 14 14 15 13 15 14 14 15 12 12 13 14 12 17 16 16 14 14 14 15 14 16 16 15 17 15 16 16 17 19 16 17 18 19 18 19 19 1A 16 19 16 17 17 15 18 16 18 17 15 17 15 17 15 16 15 14 15 15 14 12 15 16 15 13 13 14 13 13 15 13 13 11 11 12 13 14 11 13 12 11 12 13 13 12 12 13 12 11 13 12 11 11 10 12 11 12 10 11 11 11 10 10 11 11 11 10 11 10 10 12 11 12 11 0E 10 11 11 12 12 11 10 12 10 12 11 10 12 10 0F 0F 10 11 11 10 10 11 0F 10 10 0F 11 0F 10 0F 10 10 10 11 10 0F 10 10 11 0F 10 0F 11 0F 10 11 10 0F 10 0F 0F 10 0E 10 10 0F 10 11 10 0F 10 0F 10 11 0E 0F 10 0F 11 0F 0E 10 0F 0F 0E 10 0E 0F 0F 0F 0F 0E 0F 10 0F 0E 0D 0E 0E 0E 0E 0E 0E 0E 0E 0E 0E 0E 
16 16 16 16 16 16 16 16 16 16 16 15 17 14 14 16 16 14 14 15 14 16 16 14 15 13 13 14 14 14 13 15 12 15 13 14 14 14 12 12 13 12 11 11 12 12 14 14 12 12 12 12 12 13 14 13 12 14 13 14 13 12 14 13 13 12 13 11 13 12 12 12 13 13 10 13 13 10 12 12 11 14 12 12 12 14 12 12 12 13 12 13 13 14 13 14 13 12 12 11 12 12 15 13 13 13 13 14 12 14 12 15 14 14 16 13 15 14 15 14 12 14 13 13 15 14 15 16 14 15 18 15 16 16 18 17 16 18 18 17 18 19 16 18 16 17 17 18 17 17 17 19 19 19 16 18 16 15 16 16 15 16 17 14 14 15 15 14 13 12 15 13 15 13 14 12 14 11 13 12 14 13 14 13 14 14 14 12 11 13 12 13 12 13 12 11 12 12 12 12 13 13 12 12 13 13 11 0F 13 12 11 11 10 10 10 11 12 11 11 0F 13 12 12 11 12 10 10 11 10 10 12 10 10 10 12 10 11 11 10 11 10 0F 10 10 10 0F 10 11 11 10 0F 10 10 10 11 11 12 11 10 10 0F 10 0F 10 10 0E 11 11 10 0F 0F 0D 11 10 0F 0F 0F 11 0D 0F 10 0F 0F 0F 0E 11 0F 0F 0F 0F 11 10 0E 0F 0E 0F 10 10 10 0F 0E 0E 0F 0F 0E 0F 0E 10 0E 0E 0E 0E 0E 0E 0E 0E 0E 0E 0E 0E 
15 15 15 15 15 15 15 15 15 15 15 15 17 13 13 14 17 15 14 15 14 15 15 14 16 12 14 14 14 14 12 15 13 14 12 13 13 14 11 11 13 12 12 12 13 13 14 14 12 12 12 11 13 12 13 14 12 14 12 14 13 12 12 13 12 11 13 10 14 11 12 12 14 13 11 12 12 11 14 13 11 14 12 12 10 14 12 12 12 13 11 12 11 14 13 14 13 12 12 11 12 13 13 14 13 13 13 15 12 14 12 16 14 15 14 14 14 14 14 15 13 14 13 13 16 14 14 16 14 15 16 16 15 16 16 17 16 16 16 16 16 19 17 18 16 15 17 16 17 18 18 18 19 19 17 15 15 15 14 16 14 16 13 14 15 14 13 14 13 12 14 14 15 12 12 11 12 11 12 12 13 14 14 12 14 13 13 12 11 12 13 13 13 13 11 12 11 12 11 12 13 12 12 12 13 13 11 10 12 11 12 12 11 10 11 10 11 10 12 10 12 10 11 11 12 10 10 11 10 11 12 10 10 10 13 10 11 10 10 11 10 0E 0F 10 10 10 0F 10 10 0F 0F 10 10 0F 11 10 10 11 11 10 0E 10 0F 0F 0F 0E 10 10 0F 0E 0E 0E 12 10 0F 0F 0F 11 0E 0F 10 0F 0E 0F 0F 10 0F 0E 0E 0F 0F 0F 0E 0F 0E 0F 10 0F 10 0F 0E 0E 0F 0F 0F 0F 0E 10 0E 0F 0F 0F 0F 0F 0F 0F 0F 0F 0F 0F 
15 15 15 15 15 15 15 15 15 15 15 15 15 15 16 13 13 14 15 13 12 14 13 15 13 14 13 14 15 14 14 14 13 13 12 12 11 12 14 13 12 13 13 13 14 13 14 12 11 13 13 15 13 11 14 13 13 13 12 13 13 13 13 11 13 12 12 13 12 12 11 11 10 10 14 11 10 12 13 13 12 13 12 11 13 14 12 14 13 13 13 13 11 13 12 13 13 13 12 13 11 12 14 13 13 15 13 13 13 15 14 13 14 14 15 15 13 13 13 14 13 16 15 16 14 15 15 17 15 15 16 15 17 16 16 15 17 16 15 17 16 18 16 19 18 16 16 1A 16 16 16 15 16 18 19 16 14 14 14 16 14 16 14 14 14 15 13 12 14 14 13 13 13 15 13 13 14 14 13 12 10 11 13 15 13 13 12 11 11 14 12 11 13 13 12 10 13 12 12 11 11 12 12 12 0F 11 12 12 10 11 10 11 11 10 12 10 11 12 11 11 11 0F 10 11 11 11 12 11 11 12 10 10 11 12 11 11 10 0F 10 12 12 11 0F 11 0F 10 10 0F 11 0F 10 11 0F 10 10 10 10 0F 11 0F 11 0E 10 0F 11 0F 10 10 0F 0F 10 0F 10 11 0E 10 10 0E 10 10 10 0F 10 0F 10 10 0F 0F 10 0F 10 0E 0F 10 0F 0E 0D 10 0E 0F 0F 0F 0F 0E 0E 0F 0F 0E 0D 0E 0E 0E 0E 0E 0E 0E 0E 0E 0E 0E 
14 14 14 14 14 14 14 14 14 14 14 15 15 16 15 13 13 16 15 13 13 13 12 15 13 14 13 13 13 13 14 14 13 14 13 12 11 11 13 11 12 12 14 15 13 12 13 13 11 12 13 14 13 12 13 12 14 12 13 12 13 13 12 12 12 13 11 13 12 12 11 10 11 11 14 10 11 12 12 12 11 13 11 11 13 13 12 13 13 12 12 13 13 12 14 11 12 13 13 14 10 13 13 13 14 15 12 12 13 14 14 13 15 15 14 15 14 11 12 14 12 15 14 14 13 14 14 14 14 15 15 15 17 14 15 16 15 18 17 16 15 17 16 19 17 17 16 16 16 15 16 14 16 15 16 16 14 13 14 16 15 15 15 13 15 14 13 11 14 14 13 13 12 15 14 12 14 13 12 12 10 11 12 14 11 13 12 11 12 12 13 12 13 13 12 11 13 12 11 11 10 12 12 12 0E 11 11 11 10 10 11 11 10 0F 11 10 10 11 11 12 10 0F 11 12 12 11 12 11 10 11 10 10 11 11 12 11 10 0F 10 11 11 10 10 11 0F 10 10 0E 10 0F 10 10 0F 10 0F 10 10 0E 10 10 10 0E 0F 0F 11 0F 11 10 10 0F 0F 0E 10 10 0E 10 10 0F 10 10 0F 0F 10 0F 0F 10 0E 0E 0F 0F 10 0F 0E 10 0F 0F 0E 10 0E 0F 0F 0F 0F 0E 0E 0F 0F 0E 0D 0D 0D 0D 0D 0D 0D 0D 0D 0D 0D 0D 
15 15 15 15 15 15 15 15 15 15 15 14 16 13 15 14 16 15 14 14 14 14 15 14 14 13 14 14 15 14 12 14 13 14 13 13 13 13 11 13 13 11 12 13 12 12 14 14 12 12 12 12 12 13 13 13 12 14 13 13 13 10 13 14 13 12 12 0F 12 11 13 11 12 13 11 12 12 12 13 12 12 14 13 12 11 13 12 13 13 12 12 13 11 15 14 14 12 13 12 12 13 12 14 13 14 13 13 14 11 12 13 13 13 14 14 12 14 13 14 14 13 15 14 13 14 13 16 15 15 13 17 15 14 15 16 14 16 15 16 15 16 18 16 16 15 15 17 14 16 16 16 17 18 18 16 14 15 14 14 15 14 14 13 14 14 14 13 14 13 12 15 12 15 13 12 12 13 11 13 12 14 13 14 12 15 13 14 12 11 11 11 14 13 12 11 13 11 11 11 13 13 12 12 12 13 13 12 10 13 12 10 12 10 10 10 11 10 11 12 0F 12 11 12 10 11 0F 10 12 10 10 12 11 11 10 11 0F 10 10 10 10 10 0E 10 0F 11 10 10 10 10 0F 0E 10 10 10 11 10 10 10 10 0F 0E 0F 0F 0F 10 0E 10 11 10 0F 0F 0D 10 0F 0F 11 10 10 0E 0F 0F 0F 0E 0E 0E 0F 0E 0F 0E 0F 0F 0F 0E 0F 0E 0F 0F 0F 0F 10 0E 0E 0F 0F 0F 0F 0E 10 0D 0F 0F 0F 0F 0F 0F 0F 0F 0F 0F 0F 
14 14 14 14 14 14 14 14 14 14 14 13 17 13 14 13 17 14 14 14 13 14 14 14 14 13 15 14 15 13 12 14 12 14 13 13 13 12 11 12 12 11 12 11 13 13 14 14 12 13 11 12 12 12 12 13 13 13 12 13 13 11 14 13 12 11 12 10 13 12 12 10 11 12 10 12 11 12 12 12 11 13 13 12 12 14 12 12 13 12 12 12 10 14 13 13 11 12 12 12 11 11 13 12 13 13 12 13 11 13 13 13 14 15 13 13 14 13 13 13 13 14 13 12 16 14 15 15 13 13 14 13 13 15 15 14 14 15 16 14 14 17 15 15 14 14 15 15 15 15 15 17 17 18 15 15 14 14 14 14 14 15 13 14 14 12 13 14 14 13 14 13 14 13 11 12 12 12 12 11 13 14 14 11 13 13 13 11 11 11 11 12 13 11 11 12 12 12 12 12 13 12 11 12 12 12 13 10 13 12 11 11 11 11 10 12 10 12 11 10 13 10 10 11 12 0F 0F 10 11 11 11 10 11 10 12 0F 10 10 0F 11 10 0E 0F 0F 10 10 10 0F 10 10 0E 0F 0F 0F 11 10 10 10 10 0F 0E 10 0E 0F 0F 0E 10 10 10 0F 0E 0E 11 0F 0E 0F 0E 10 0E 0F 10 0E 0E 0E 0F 10 0E 0E 0E 0E 10 0F 0D 0F 0E 0E 0F 0F 10 0F 0E 0E 0E 0F 10 0F 0E 10 0E 0F 0F 0F 0F 0F 0F 0F 0F 0F 0F 0F 
14 14 14 14 14 14 14 14 14 14 14 16 15 15 15 15 13 14 14 13 12 13 12 14 13 14 12 14 14 14 12 13 13 13 13 11 12 12 14 12 12 12 13 14 13 12 13 11 11 13 12 13 13 11 14 14 12 12 12 12 12 14 12 11 12 12 12 13 13 10 11 10 11 11 15 11 11 12 12 13 11 13 12 13 13 14 11 14 13 13 13 12 12 11 13 13 12 14 12 13 11 13 13 12 13 14 13 13 13 15 13 15 14 14 15 14 13 12 13 13 12 15 14 14 12 14 14 16 14 14 14 14 15 15 15 13 16 16 14 15 16 16 16 17 15 15 16 18 13 15 15 14 15 16 16 15 14 15 14 15 14 15 15 13 13 14 13 12 14 15 13 12 14 14 12 13 14 13 12 12 0F 11 13 14 11 12 13 11 11 13 12 12 13 13 13 10 13 13 12 11 12 12 12 12 0F 12 11 10 10 0F 11 11 11 10 11 10 0F 12 11 12 11 0F 10 11 11 12 12 10 10 11 11 11 11 11 11 10 0E 0F 10 11 11 10 10 10 10 10 0F 0E 11 0E 0F 10 0F 0F 0F 11 0F 0F 11 0F 11 0D 0F 0E 12 0F 10 10 0F 0F 0F 0F 0F 10 0E 0F 10 0E 0F 0F 0F 0F 10 0F 10 11 0E 0E 0F 0E 10 0F 0F 0F 0E 0F 0E 10 0D 0F 0F 0F 0F 0F 0E 0F 0F 0E 0D 0D 0D 0D 0D 0D 0D 0D 0D 0D 0D 0D 
15 15 15 15 15 15 15 15 15 15 15 15 14 14 15 13 12 14 14 12 12 13 13 14 13 13 13 12 13 13 13 13 13 13 13 12 11 12 14 12 13 12 13 13 14 13 13 11 11 13 13 13 13 11 13 12 13 12 13 12 13 14 12 12 12 12 11 12 11 11 11 10 10 11 13 11 11 12 12 12 12 12 12 11 12 13 11 13 13 11 12 13 12 12 12 12 12 13 12 14 0F 13 13 13 13 13 12 13 12 14 13 13 14 14 13 13 12 12 12 14 11 14 13 13 13 14 12 14 14 13 14 14 16 14 15 15 13 15 15 13 15 14 14 17 16 16 13 15 13 13 15 13 13 15 15 15 12 12 13 15 14 14 14 14 14 15 12 11 13 14 14 13 13 13 13 13 13 13 12 12 0F 10 13 13 11 13 12 12 11 11 13 11 13 12 12 11 13 12 11 11 10 11 11 11 0E 11 11 10 10 0F 11 11 11 10 11 10 10 11 11 11 11 0E 10 11 11 10 12 11 10 11 10 10 10 10 11 10 0E 0E 10 11 10 0F 0F 10 10 10 0F 0E 0F 0E 10 10 10 10 0F 10 0F 0E 11 0F 10 0E 0F 0E 10 0F 10 10 0F 0F 10 0E 0F 0F 0E 0F 0F 0F 0F 10 0F 0E 0F 0F 10 10 0D 0E 0F 0F 10 0F 0E 10 0F 0E 0E 0F 0D 0E 0F 0E 0E 0E 0E 0F 0E 0E 0D 0E 0E 0E 0E 0E 0E 0E 0E 0E 0E 0E 
15 15 15 15 15 15 15 15 15 15 15 14 16 13 13 14 14 14 14 15 14 14 16 14 15 11 14 15 14 14 13 14 12 14 13 13 12 14 11 12 12 11 10 11 13 12 14 14 12 13 13 12 12 13 13 12 13 14 12 13 12 12 13 13 13 12 11 10 14 11 12 12 12 12 12 12 11 11 12 13 11 13 14 11 11 13 12 11 13 13 11 13 12 14 14 13 13 12 12 11 12 12 13 12 13 12 12 12 12 13 12 14 13 14 14 11 14 13 14 14 13 14 13 13 14 12 14 14 14 14 15 14 13 14 15 14 14 15 14 13 14 18 14 15 14 13 15 13 15 15 15 16 16 17 15 15 14 13 14 14 14 14 14 13 14 12 14 13 12 12 14 12 14 12 14 11 12 11 14 11 12 14 15 12 13 13 13 12 11 10 12 13 13 12 11 11 11 12 11 13 12 12 12 13 12 11 11 10 12 12 11 13 11 11 10 10 11 11 11 10 12 0F 11 10 11 0F 0F 11 10 11 11 10 11 10 12 0F 11 10 10 10 10 0F 0F 0F 0F 0F 0F 10 10 10 0F 0F 0F 0F 10 10 10 0F 10 0F 0E 0F 0F 0F 10 0E 10 11 0F 0E 0E 0D 11 0F 0E 10 0E 10 0E 0F 10 0F 0E 0F 0E 10 0F 0E 0E 0E 0F 10 0D 0F 0F 0E 0F 0F 0F 10 0E 0F 0F 0F 10 0F 0E 11 0D 0F 0F 0F 0F 0F 0F 0F 0F 0F 0F 0F 
14 14 14 14 14 14 14 14 14 14 14 15 15 13 12 14 15 14 13 14 13 14 14 14 14 12 14 14 13 13 13 14 12 14 12 13 13 13 10 12 12 11 10 11 13 12 14 15 12 12 12 12 12 12 12 13 12 14 12 14 13 12 12 12 11 12 11 0F 13 11 12 11 12 12 11 12 12 10 12 13 11 13 12 11 11 14 11 11 12 12 11 12 10 13 12 13 13 13 12 10 12 11 12 12 12 13 13 14 11 12 12 14 12 14 13 12 15 13 13 13 11 12 12 11 14 13 14 15 13 12 14 14 13 14 15 13 13 14 15 14 12 15 15 15 12 13 14 13 14 14 15 16 16 16 15 14 14 12 13 14 14 14 13 13 14 14 14 13 12 12 14 12 14 12 12 12 11 11 12 11 13 12 14 11 13 13 13 11 10 11 12 13 11 11 11 11 11 12 11 13 12 11 11 12 13 12 11 10 13 11 10 11 11 10 10 10 11 11 11 10 13 10 10 10 11 10 0F 12 10 10 10 10 10 10 12 0F 11 0F 0F 11 0E 0E 0F 10 0F 10 0F 10 10 0E 0E 0F 0F 0F 10 0F 10 10 0F 0F 0E 10 0F 10 0E 0D 10 10 0F 0E 0E 0D 10 0F 0F 0E 0E 10 0E 0F 0F 0F 0E 0E 0E 10 0E 0F 0E 0E 0F 0F 0E 0F 0E 0E 0F 0F 0F 0F 0D 0E 0E 0F 0F 0F 0E 10 0E 0F 0F 0F 0F 0F 0F 0F 0F 0F 0F 0F 
14 14 14 14 14 14 14 14 14 14 14 15 14 15 15 13 12 14 14 13 11 13 11 15 13 13 13 12 13 13 13 13 13 12 12 13 11 11 13 10 13 12 12 13 13 12 13 11 11 12 13 14 12 11 12 12 12 12 12 12 13 14 13 11 12 12 10 13 12 12 11 11 10 11 13 11 10 12 12 11 11 12 12 11 12 13 11 12 12 11 13 13 12 13 13 12 11 13 12 13 10 13 12 12 12 14 12 12 12 14 13 13 13 14 12 13 12 12 13 13 11 14 13 13 13 15 12 14 13 14 13 13 16 12 14 13 13 15 13 13 14 14 14 17 15 14 14 14 13 14 13 12 14 16 13 13 11 12 13 15 14 14 14 12 14 14 12 11 13 14 13 12 13 12 13 13 13 12 12 12 0F 11 13 13 11 12 11 11 11 12 12 11 12 12 12 10 12 12 12 10 0F 11 13 10 0E 11 11 10 10 0F 10 11 11 10 11 0F 0F 11 11 12 11 0E 0F 11 11 12 11 10 10 11 0F 10 10 10 11 0F 0E 0D 10 11 10 10 0F 11 0F 10 0F 0D 10 0E 0F 10 0F 0F 0F 0F 0E 0E 0F 0F 10 0E 0E 0E 10 0E 10 0F 0F 0E 0F 0E 0F 10 0E 10 0F 0F 0F 10 0E 0F 10 0E 0F 10 0E 0E 0F 0E 0F 0F 0F 10 0F 0E 0E 0F 0D 0F 0E 0F 0F 0E 0F 0E 0E 0E 0D 0D 0D 0D 0D 0D 0D 0D 0D 0D 0D 0D 
13 13 13 13 13 13 13 13 13 13 13 15 14 14 15 13 13 14 14 12 10 13 11 15 12 14 13 12 13 13 13 14 13 12 11 11 12 12 13 11 12 12 13 13 13 12 12 12 11 12 12 13 13 11 13 13 12 12 13 12 13 13 12 11 13 12 11 13 12 11 11 11 10 10 14 11 10 11 12 12 11 11 11 11 12 14 11 13 13 12 13 12 12 12 13 12 13 14 12 12 10 13 12 11 13 14 12 13 12 14 13 13 13 13 13 14 11 10 12 12 10 14 14 15 11 13 11 14 14 12 14 13 15 13 14 13 14 15 14 12 13 14 13 16 15 14 14 16 12 13 14 13 14 14 14 14 12 11 13 14 12 14 14 12 14 13 11 10 12 14 13 11 13 13 13 12 14 12 12 10 0F 10 12 13 10 12 11 11 11 12 12 11 11 12 11 10 12 12 11 11 0F 11 11 12 0E 11 11 10 10 0F 10 10 10 10 11 10 0F 12 11 11 10 0E 10 10 10 11 11 0F 10 11 0F 10 10 10 11 0F 0F 0E 0F 10 10 0F 0F 11 0F 0F 0F 0E 10 0E 0F 10 0E 0F 0F 0F 0F 0E 10 0E 10 0E 0F 0E 10 0F 10 0F 0E 0E 0E 0E 0F 0F 0E 10 0F 0E 0F 10 0F 0E 0F 0F 0F 10 0E 0E 0F 0E 10 0E 0E 10 0E 0E 0D 10 0E 0F 0F 0E 0E 0E 0E 0F 0F 0E 0D 0D 0D 0D 0D 0D 0D 0D 0D 0D 0D 0D 
13 13 13 13 13 13 13 13 13 13 13 14 16 13 12 13 16 14 13 14 15 13 16 14 14 12 13 13 13 13 11 13 11 14 12 12 13 13 12 12 14 12 12 11 13 12 13 13 12 12 11 13 12 13 13 12 12 14 12 13 13 11 13 13 13 11 12 10 13 11 12 11 12 12 11 12 13 12 13 11 10 14 13 11 10 13 12 11 12 12 11 12 12 14 13 13 11 12 11 11 12 11 13 12 13 14 12 12 11 13 12 14 12 13 13 11 13 13 12 13 12 13 12 12 13 12 14 13 12 14 14 14 12 14 14 14 13 14 13 12 12 15 13 14 13 13 14 13 14 15 13 14 15 16 13 12 14 12 13 13 14 13 13 13 13 13 13 12 12 12 15 12 14 12 11 11 12 11 12 11 13 13 14 12 12 12 12 12 11 11 12 13 12 11 11 11 12 12 12 13 13 11 11 11 12 12 11 0F 12 12 11 11 11 10 10 0F 10 0F 11 0F 12 10 10 11 11 0F 0F 10 10 0F 11 0F 10 0F 11 0F 10 10 0F 10 0F 0E 0F 0F 10 0F 0F 10 10 0F 0E 0F 0F 0E 10 10 0F 0F 0F 0F 0D 10 0F 0F 0F 0D 10 0F 0F 0F 0E 0D 10 0F 0E 0F 0E 10 0E 0F 0F 0E 0E 0F 0E 10 0E 0F 0E 0E 0F 0F 0E 0F 0F 0E 10 0F 0F 0F 0E 0E 0F 0F 0F 0F 0E 10 0E 0F 0F 0F 0F 0F 0F 0F 0F 0F 0F 0F 
14 14 14 14 14 14 14 14 14 14 14 12 17 14 12 13 14 12 13 15 14 14 15 14 14 12 13 14 14 14 12 13 11 13 12 13 13 13 11 12 12 11 12 10 12 13 14 13 12 12 12 12 13 12 13 14 11 14 12 13 12 10 13 12 12 11 12 10 13 11 11 11 13 11 10 11 12 10 12 13 11 13 12 12 10 13 11 11 12 11 11 12 11 14 13 13 12 11 12 12 11 11 13 11 12 13 11 12 11 12 12 14 12 13 14 11 14 12 13 13 11 13 12 11 14 12 14 14 12 13 13 13 11 13 14 14 13 14 14 13 12 15 14 14 12 13 13 12 13 14 14 16 15 15 13 14 13 13 13 13 13 13 13 12 13 12 12 11 11 11 14 13 13 12 11 11 12 11 12 11 12 13 14 11 12 12 13 12 11 10 12 12 11 12 11 11 12 11 11 12 13 12 11 13 11 11 11 0F 13 12 11 12 11 11 10 10 11 10 11 0F 12 10 11 10 11 0F 0F 10 10 0F 11 0F 10 0F 11 0F 10 0F 0F 10 0F 0E 0F 0F 10 0F 0F 10 10 0F 0E 0F 0E 0E 10 10 10 0F 0F 0F 0E 10 0F 0F 0E 0D 0F 10 0F 0E 0D 0C 11 0E 0E 0F 0E 10 0E 0E 0F 0E 0E 0F 0D 0F 0F 0E 0E 0E 10 0F 0E 0F 0E 0F 10 0F 0F 0F 0E 0E 0F 0F 0F 0F 0E 10 0D 0E 0E 0E 0E 0E 0E 0E 0E 0E 0E 0E 
15 15 15 15 15 15 15 15 15 15 15 15 13 14 14 13 13 14 13 13 11 12 13 14 13 14 13 13 14 13 13 13 13 12 13 11 12 12 13 12 12 12 12 13 13 12 13 11 11 12 12 14 13 10 13 13 12 12 13 12 13 13 13 11 12 12 11 13 11 12 11 10 10 10 13 10 11 11 12 12 12 12 11 11 12 15 11 13 13 11 12 12 12 13 13 11 11 13 12 12 10 12 12 12 12 13 12 11 13 14 13 12 14 14 12 13 11 11 10 13 11 14 13 13 12 13 12 13 13 13 13 13 14 12 14 13 14 14 13 13 13 14 14 15 13 14 13 14 12 13 12 11 15 13 13 13 12 12 12 15 12 14 14 12 12 14 11 11 12 14 11 12 13 12 13 12 13 13 12 10 0F 10 13 13 10 12 12 11 11 11 12 11 12 13 11 10 13 12 11 11 0F 12 11 11 0E 12 11 0F 0F 0F 10 11 10 0F 11 10 0F 11 11 11 11 0E 10 11 11 11 11 10 10 11 0F 0F 10 10 12 0F 0E 0E 10 10 10 0F 0F 10 0F 0F 0F 0D 10 0E 0F 0F 0E 0F 0F 0F 0F 0E 0F 0E 10 0E 0F 0E 10 0F 0F 0F 0F 0F 0E 0E 0F 0F 0D 0F 0F 0E 0F 10 0E 0E 10 0F 0F 10 0E 0E 0F 0E 10 0F 0E 0F 0F 0E 0E 10 0E 0F 0F 0F 0E 0F 0F 0F 0E 0E 0E 0E 0E 0E 0E 0E 0E 0E 0E 0E 0E 0E 
13 13 13 13 13 13 13 13 13 13 13 13 14 13 15 13 12 13 13 12 11 13 12 13 12 13 11 13 13 12 11 12 13 12 11 11 10 11 12 12 11 11 12 12 14 12 13 10 10 12 12 13 13 11 13 12 12 12 12 11 12 13 12 11 12 12 11 12 11 11 10 10 10 11 13 10 10 12 11 11 10 12 11 10 11 14 11 12 12 11 12 13 12 12 12 11 12 12 12 11 0F 12 11 12 12 13 11 11 12 14 12 13 12 13 12 12 11 0F 11 13 10 14 13 13 10 13 12 12 13 11 11 13 14 12 14 13 13 13 12 13 13 14 12 15 13 13 13 14 11 12 13 11 13 13 13 13 12 11 11 13 12 13 13 11 13 13 11 11 11 13 11 11 12 12 14 13 13 12 11 10 10 11 12 13 11 12 10 10 11 12 12 11 12 12 12 10 12 12 10 11 0F 12 11 11 0E 11 11 10 0F 0F 10 11 11 0F 10 0F 0F 11 11 11 11 0F 10 11 10 10 11 0F 0F 11 10 10 10 0F 11 0E 0E 0E 10 10 10 0F 0F 10 0E 0F 0F 0D 10 0E 0E 0F 0E 0F 0E 0F 0F 0D 0F 0E 10 0D 0E 0D 10 0F 10 0F 0F 0E 0E 0E 0E 10 0D 0F 0F 0E 0F 10 0F 0E 0F 0E 0F 0F 0D 0E 0F 0E 10 0E 0E 10 0F 0E 0E 0F 0D 0E 0F 0F 0E 0E 0E 0F 0E 0D 0D 0D 0D 0D 0D 0D 0D 0D 0D 0D 0D 0D 
15 15 15 15 15 15 15 15 15 15 15 13 16 13 13 13 14 13 12 14 13 14 14 12 14 11 14 12 13 12 11 13 11 14 12 12 12 13 11 12 12 10 10 10 13 12 13 13 12 12 11 12 12 13 12 13 12 14 13 13 12 10 13 12 12 11 12 11 13 11 12 11 11 12 11 12 12 11 12 12 11 13 13 12 11 12 11 11 12 11 13 11 10 14 13 13 11 12 11 10 11 11 12 12 13 11 13 13 10 13 12 13 12 14 13 11 12 12 12 13 12 12 11 11 14 12 13 14 12 12 13 14 11 12 14 13 13 13 13 12 11 14 13 14 10 11 13 11 13 13 14 14 15 15 13 12 12 11 13 13 13 13 12 12 14 13 12 12 12 12 14 12 13 12 12 11 11 10 12 11 12 13 14 10 13 12 12 12 11 11 11 12 11 11 10 10 11 11 10 12 12 11 11 11 11 12 10 0F 12 11 10 11 11 0F 10 0F 10 10 10 0E 11 10 10 0F 10 0F 0F 10 0F 0F 10 10 10 0F 11 0E 10 0F 0E 0F 0F 0E 0E 0F 0F 0E 0E 0E 0F 0F 0D 0E 0F 0E 0F 10 0F 0F 0F 0E 0E 0F 0F 0F 0F 0D 10 10 0F 0E 0E 0C 10 0E 0E 0F 0E 10 0D 0F 0F 0F 0E 0E 0D 0F 0E 0E 0E 0F 0E 0F 0E 0F 0D 0E 0F 0F 0F 0F 0D 0D 0F 0F 0F 0F 0D 10 0D 0E 0E 0E 0E 0E 0E 0E 0E 0E 0E 0E 
15 15 15 15 15 15 15 15 15 15 15 13 16 13 12 13 15 12 12 14 12 13 14 13 14 12 14 13 13 12 11 13 11 13 12 13 13 13 11 12 13 11 10 11 12 12 12 13 13 12 11 11 12 13 12 13 11 13 13 13 12 11 13 13 11 11 12 0F 13 11 11 10 12 12 10 11 12 10 12 12 10 13 11 11 10 12 12 10 12 12 12 12 11 14 13 12 11 12 12 11 12 11 13 12 12 12 12 12 10 12 11 13 12 13 12 11 13 12 12 12 11 12 12 11 12 11 13 14 11 12 13 12 12 13 13 13 12 13 13 12 12 14 12 14 11 13 12 10 12 13 12 14 14 15 11 12 12 11 12 12 12 12 11 11 13 13 12 12 12 11 14 11 13 11 11 11 11 10 11 11 12 12 13 11 13 11 12 11 11 10 12 12 12 11 11 11 11 11 10 12 11 11 11 12 11 11 11 0F 12 11 10 10 10 10 10 10 10 10 10 0F 11 10 10 0F 11 10 0F 0F 0F 0F 11 0E 0F 0F 11 0F 10 0F 0E 10 0F 0E 0E 0F 0F 0F 0F 0F 10 0E 0E 0E 0F 0E 10 0F 0F 10 0F 0E 0E 0F 0F 0F 0E 0E 10 0F 0F 0E 0D 0D 10 0E 0E 0F 0E 10 0D 0F 0F 0E 0D 0F 0E 10 0E 0E 0E 0E 0F 0F 0E 0F 0E 0E 0F 0F 10 0F 0D 0E 0E 0F 0F 0F 0E 10 0D 0E 0E 0E 0E 0E 0E 0E 0E 0E 0E 0E 
14 14 14 14 14 14 14 14 14 14 14 15 14 14 14 12 12 13 13 12 11 13 11 15 13 14 13 12 13 13 12 13 13 12 12 11 11 11 12 12 12 11 12 13 13 12 13 11 11 11 12 13 13 10 13 12 11 11 13 12 12 13 12 10 11 11 11 13 11 11 10 10 10 10 14 10 11 12 11 12 11 11 11 10 13 13 11 12 13 11 13 12 11 12 11 12 12 12 11 13 10 12 13 12 12 13 12 11 11 14 13 12 12 13 12 13 12 10 10 12 11 13 13 12 12 13 11 13 11 12 13 12 15 12 13 12 13 14 13 12 12 13 12 14 14 13 13 14 11 12 12 12 11 13 13 13 11 10 12 13 12 13 13 11 12 14 11 10 12 14 12 12 13 12 12 12 13 12 11 11 0F 10 11 13 10 12 11 11 11 12 12 11 12 12 12 10 12 12 11 11 0E 11 11 11 0E 10 10 10 0F 0F 10 10 11 0F 10 0F 0E 10 11 10 10 0D 10 10 11 10 10 0F 0F 10 0F 0F 10 10 10 0F 0D 0E 10 10 10 0F 0F 10 0F 0F 0F 0D 10 0E 0F 0F 0E 0F 0E 0F 0F 0D 0F 0E 10 0D 0F 0E 10 0F 0F 0F 0E 0E 0F 0F 0F 0F 0D 0F 0F 0E 0F 10 0F 0E 0F 0E 0F 10 0D 0E 0F 0E 10 0E 0E 10 0F 0E 0E 10 0E 0F 0E 0F 0E 0E 0E 0F 0F 0E 0D 0D 0D 0D 0D 0D 0D 0D 0D 0D 0D 0D 
13 13 13 13 13 13 13 13 13 13 13 14 13 14 14 12 12 12 12 10 10 12 11 13 13 12 11 11 13 13 12 12 13 11 12 11 11 10 13 11 12 12 12 13 13 12 12 11 10 11 12 13 13 11 12 13 11 11 11 12 12 14 12 11 12 11 11 12 11 11 10 0F 11 10 14 11 11 12 12 12 11 11 11 11 12 13 11 12 12 11 12 11 11 11 12 11 11 12 11 13 0F 12 12 12 12 13 11 11 11 13 12 12 12 13 12 12 11 0F 10 11 10 13 13 13 10 12 11 13 12 12 12 12 14 12 13 12 13 13 12 11 12 12 12 15 12 13 13 14 10 12 11 11 12 13 13 12 10 11 12 14 11 12 13 11 13 12 10 11 12 12 11 11 12 12 13 11 12 12 11 11 0F 0F 12 13 11 12 11 10 11 11 11 10 12 12 10 10 13 11 10 10 0F 10 11 10 0E 10 10 0F 0F 0F 10 10 10 0E 10 0F 0F 10 11 10 0F 0E 0F 10 10 11 11 10 0F 11 0F 10 10 10 11 0F 0D 0D 0F 10 10 0F 0E 10 0F 0E 0F 0D 10 0E 0F 0F 0E 0F 0E 0F 0F 0E 0F 0E 0F 0E 0E 0E 10 0E 10 0F 0F 0E 0F 0E 0E 10 0D 0F 0F 0E 0F 10 0E 0E 0F 0E 0F 10 0E 0E 0F 0E 10 0F 0E 0F 0E 0E 0D 0F 0E 0E 0E 0F 0E 0D 0E 0E 0E 0E 0D 0D 0D 0D 0D 0D 0D 0D 0D 0D 0D 0D 
14 14 14 14 14 14 14 14 14 14 14 13 15 12 13 12 14 14 12 14 12 15 14 13 13 11 13 12 13 12 12 13 11 14 12 11 13 13 11 11 12 11 10 11 12 13 13 13 11 13 11 11 12 12 13 12 12 13 12 13 11 11 13 13 12 11 12 10 13 12 11 11 12 12 10 10 11 11 12 12 10 14 12 11 10 13 11 10 12 12 11 11 11 14 12 13 11 11 11 11 11 11 12 11 12 12 12 12 11 11 11 12 12 13 12 11 12 12 12 12 10 13 12 11 13 11 13 14 12 11 13 13 12 13 13 11 11 13 12 11 12 13 12 13 11 12 13 11 12 13 13 14 14 14 12 12 14 11 11 12 12 11 11 11 13 12 12 11 11 11 14 12 13 10 11 12 12 11 11 11 11 13 12 11 12 12 12 11 11 10 10 11 12 12 11 11 0F 11 11 11 11 11 10 12 11 10 0F 0E 12 11 10 11 0F 0F 10 0F 10 0F 10 0F 12 10 10 0E 10 0F 0E 0F 10 0F 11 0F 10 0F 11 0E 10 0F 0F 10 0E 0D 0E 0E 0F 0F 0E 0F 0F 0F 0D 0F 0E 0F 0F 0F 0F 0F 0F 0E 0E 0F 0E 0F 0E 0D 10 10 0F 0E 0E 0C 10 0E 0E 0F 0E 10 0E 0F 0F 0E 0E 0F 0E 0F 0E 0F 0F 0E 0F 0F 0D 0F 0E 0E 0F 0F 0F 0F 0E 0E 0E 0F 0F 0F 0E 10 0E 0F 0F 0F 0F 0F 0F 0F 0F 0F 0F 0F 
14 14 14 14 14 14 14 14 14 14 14 12 14 11 13 13 14 13 12 14 12 12 14 12 14 11 13 14 13 12 12 14 10 13 11 13 12 12 11 11 10 11 10 11 12 11 13 13 11 12 11 12 12 12 12 13 12 13 12 13 12 11 12 12 11 10 11 10 12 11 12 10 12 11 11 12 11 11 12 12 11 13 12 12 10 13 10 11 12 11 11 11 10 13 12 12 11 12 11 10 11 11 13 11 12 12 11 12 10 11 12 12 11 12 12 10 13 11 11 12 11 11 10 10 12 11 13 13 12 10 13 12 11 12 13 12 12 12 12 10 11 14 12 12 11 11 12 11 12 12 12 14 13 13 11 11 13 12 12 12 11 13 12 12 12 13 11 12 11 12 14 11 12 11 12 11 12 10 12 10 13 12 13 10 12 12 12 10 10 10 12 12 11 11 11 11 11 11 10 11 11 11 10 11 10 11 10 0E 11 12 10 11 10 0F 0F 0F 10 10 10 0F 11 0F 10 0F 10 0F 0F 0F 0F 10 10 0F 0F 0F 11 0E 0F 0F 0E 0F 0E 0D 0E 0E 0F 0F 0F 0F 0F 0F 0E 0F 0E 0E 10 0F 0F 0F 0F 0E 0D 0F 0E 0E 0E 0D 0F 0F 0E 0E 0E 0D 10 0E 0E 0F 0D 10 0D 0F 0F 0E 0D 0E 0D 0F 0E 0E 0E 0E 0F 0F 0E 0F 0D 0F 0F 0F 0F 10 0D 0E 0F 0F 0F 0F 0E 0F 0D 0F 0F 0F 0F 0F 0F 0F 0F 0F 0F 0F 
13 13 13 13 13 13 13 13 13 13 13 13 12 13 14 12 12 14 13 11 11 12 11 13 12 13 12 11 13 12 12 12 12 13 12 11 11 10 12 10 13 12 12 13 12 12 13 11 11 12 11 12 12 12 13 12 11 12 12 11 12 13 11 10 11 12 11 12 11 10 10 10 10 10 13 10 10 11 11 11 10 11 11 11 13 12 11 12 13 11 12 12 11 12 12 12 11 12 11 12 0F 12 12 12 11 13 11 11 12 13 12 11 12 13 12 12 10 10 11 12 10 13 13 12 10 12 11 12 12 12 12 12 13 11 13 11 12 14 11 12 11 12 12 13 12 13 11 14 10 11 11 10 12 12 13 12 11 12 11 13 12 13 12 11 12 12 11 10 11 12 12 11 12 14 13 12 13 11 11 10 0F 10 11 13 10 12 10 10 11 11 11 10 10 12 11 10 12 11 10 10 0F 10 10 10 0D 10 10 0F 0E 0E 0F 10 10 0F 0F 0F 0F 10 10 11 0F 0E 0E 0F 0F 10 10 0F 10 10 0E 0F 0F 0F 10 0F 0E 0D 0F 10 10 0F 0E 0F 0E 0E 0E 0D 0F 0E 0E 0F 0E 0E 0E 0F 10 0D 10 0E 0F 0D 0E 0D 0F 0E 0F 0F 0F 0E 0E 0E 0E 0F 0D 0F 0F 0E 0F 0F 0E 0E 0F 0F 0E 10 0D 0D 10 0E 10 0E 0E 0F 0E 0E 0E 0F 0E 0E 0E 0E 0D 0E 0E 0F 0F 0D 0D 0C 0C 0C 0C 0C 0C 0C 0C 0C 0C 0C 
13 13 13 13 13 13 13 13 13 13 13 13 13 13 14 12 11 14 12 11 11 12 11 14 12 13 11 11 13 12 12 11 13 12 11 11 10 11 11 10 12 12 11 12 13 11 12 10 10 11 12 13 13 11 13 12 11 11 12 11 12 13 11 10 12 12 11 12 10 11 10 0F 10 10 13 10 10 11 12 12 10 11 11 11 12 12 11 12 12 11 12 12 11 12 13 11 11 12 11 12 10 12 11 11 12 13 11 10 12 12 11 12 12 13 12 12 10 10 11 12 10 13 13 13 12 12 11 13 11 12 12 12 13 11 12 11 12 13 12 11 11 12 12 14 12 12 11 12 10 12 11 11 12 13 12 12 10 11 11 13 11 12 12 11 12 12 10 11 11 14 11 10 12 12 12 11 12 12 11 10 0F 10 11 12 10 11 11 10 10 11 11 11 11 11 11 0F 11 10 0F 10 0F 10 10 10 0D 10 10 0F 0E 0E 0F 10 0F 0E 10 0F 0E 10 0F 11 0F 0D 0F 10 10 11 11 0F 0F 10 0F 0F 10 10 11 0E 0D 0E 0F 0F 0F 0E 0F 10 0F 0F 0E 0D 10 0D 0F 0F 0E 0E 0E 0F 0F 0D 0F 0D 0F 0D 0F 0D 10 0E 0F 0F 0E 0F 0E 0E 0E 0F 0E 0F 0F 0E 0F 10 0F 0E 0F 0E 0F 10 0D 0E 0F 0E 10 0F 0E 0F 0F 0E 0E 0F 0E 0F 0F 0F 0D 0E 0E 0F 0F 0E 0D 0D 0D 0D 0D 0D 0D 0D 0D 0D 0D 0D 
12 12 12 12 12 12 12 12 12 12 12 13 16 13 11 13 13 12 12 13 12 13 15 12 14 11 14 12 13 12 11 13 10 13 13 12 12 12 11 11 11 12 11 11 13 12 13 14 12 12 11 12 11 12 12 13 12 13 11 12 12 11 13 13 12 11 11 10 13 11 11 0F 11 12 10 11 12 10 12 12 10 13 12 11 11 12 12 10 12 12 10 11 10 13 12 13 12 12 11 11 10 11 12 11 11 12 11 11 10 12 11 13 11 13 11 11 12 11 12 13 11 11 12 10 12 10 13 14 11 11 13 12 11 12 13 11 12 12 12 12 12 12 12 11 10 11 12 11 11 12 13 13 14 14 12 12 12 11 12 12 12 12 12 11 13 12 12 11 11 11 14 11 12 11 11 10 12 10 12 11 12 12 12 11 11 11 12 11 10 10 10 12 11 10 10 10 11 10 11 11 12 10 10 11 11 11 10 0E 11 10 0F 11 10 0F 0F 0F 10 10 10 0F 11 0F 10 0F 10 0F 0F 10 0F 0F 10 0E 0F 0F 11 0E 10 0F 0F 10 0E 0D 0D 0E 0E 0E 0E 0F 0F 0F 0E 0E 0E 0E 10 0F 0F 10 0F 0E 0E 0F 0F 0F 0E 0D 0F 10 0F 0E 0D 0C 10 0F 0E 0F 0E 10 0E 0F 0F 0E 0E 0E 0D 10 0E 0E 0E 0E 0F 0F 0D 0F 0E 0F 0F 0F 0F 0F 0E 0E 0E 0F 0F 10 0E 10 0D 0F 0F 0F 0F 0F 0F 0F 0F 0F 0F 0F 
12 12 12 12 12 12 12 12 12 12 12 13 14 11 13 12 13 12 12 14 13 12 14 13 14 11 12 12 13 11 11 12 10 13 12 12 11 12 10 12 12 11 11 10 12 12 13 13 11 12 12 11 11 12 13 12 12 13 12 12 12 11 12 12 11 11 12 0F 13 10 11 10 11 11 10 12 12 10 12 12 11 13 12 11 10 13 11 10 12 11 10 11 10 14 12 12 12 11 12 10 10 10 12 10 12 11 11 11 10 12 11 13 11 13 11 10 12 11 12 12 11 11 10 11 12 10 12 13 11 10 12 12 11 12 13 12 11 13 13 11 11 14 11 13 11 11 12 11 11 12 13 14 13 13 11 11 12 11 11 11 12 11 11 11 12 11 11 12 11 11 13 11 12 10 11 10 10 10 11 0F 12 11 13 11 12 11 12 10 10 10 10 11 11 10 10 11 10 11 10 11 11 11 10 11 10 10 10 0D 12 10 0F 11 0F 0F 0F 0F 0F 0F 10 0E 10 0F 0F 0F 0F 0E 0E 0E 0F 0F 10 0E 0F 0F 10 0E 10 0F 0F 0F 0E 0E 0D 0F 0F 0E 0E 0F 0F 0E 0E 0E 0E 0E 0F 0F 0F 0F 0F 0E 0E 0F 0F 0F 0E 0D 0F 10 0F 0E 0D 0C 10 0F 0E 0F 0E 10 0E 0F 0F 0E 0D 0E 0E 0F 0E 0E 0E 0E 0F 0F 0E 0F 0D 0F 0F 0F 10 0F 0D 0D 0F 0F 0F 0F 0E 0F 0D 0F 0F 0F 0F 0F 0F 0F 0F 0F 0F 0F 
13 13 13 13 13 13 13 13 13 13 13 13 13 13 14 12 11 14 12 10 11 12 11 14 13 11 12 11 13 12 12 11 12 12 12 11 11 11 12 11 11 12 13 13 13 12 11 10 11 11 13 13 13 12 12 11 11 11 11 12 13 13 11 11 12 11 11 12 12 10 0F 10 0F 10 13 10 11 11 11 11 11 11 11 11 12 13 11 12 12 11 11 11 11 11 12 10 11 13 11 12 10 11 12 11 13 13 12 11 11 13 12 12 12 13 12 12 11 10 10 12 10 13 11 13 11 12 11 12 12 12 12 12 13 10 13 12 11 13 12 11 11 12 12 14 12 12 11 13 10 11 12 11 11 13 13 13 11 10 11 12 11 12 12 11 13 13 10 11 11 13 11 11 12 12 11 12 13 11 11 10 0F 10 12 13 10 11 10 10 10 10 11 10 11 11 10 0F 11 10 10 0F 0E 10 10 10 0E 10 10 0F 0E 0E 0F 10 10 0F 0F 0F 0F 0F 10 11 0F 0D 0E 10 10 11 10 0F 0F 10 0F 0F 0F 0F 10 0F 0E 0D 10 0F 10 0E 0E 10 0E 0F 0E 0D 0F 0D 0F 0F 0E 0F 0D 0F 0F 0D 10 0E 0F 0D 0F 0E 10 0F 0F 0F 0E 0F 0E 0E 0E 0F 0D 0E 0F 0E 10 10 0E 0F 0F 0E 0F 0F 0E 0E 0E 0E 0F 0F 0E 10 0E 0E 0E 10 0E 0E 0F 0E 0F 0E 0F 0F 0F 0E 0D 0D 0D 0D 0D 0D 0D 0D 0D 0D 0D 0D 
11 11 11 11 11 11 11 11 11 11 11 13 13 13 13 11 12 12 12 10 10 12 12 13 11 13 11 11 13 12 11 12 13 12 12 10 11 10 12 10 11 12 12 12 12 12 12 10 10 11 12 12 12 10 12 11 12 11 11 12 12 13 12 10 11 11 10 13 11 11 10 0F 0F 10 13 0F 11 12 13 11 10 11 10 10 11 12 10 12 12 10 11 11 11 12 13 11 10 11 11 12 0F 11 11 11 11 12 11 11 11 13 11 12 12 13 11 12 10 0F 10 13 0F 12 12 12 10 12 11 12 12 11 11 12 14 12 11 10 12 12 12 11 11 13 12 13 11 12 11 12 10 11 11 10 10 12 11 11 10 0F 11 12 12 12 12 10 12 12 10 10 11 12 10 11 12 12 12 10 11 11 11 10 0E 10 10 12 0F 12 10 0F 10 10 11 0F 11 11 10 0F 11 10 0F 0F 0E 0F 10 10 0D 10 0F 0F 0D 0E 0F 0F 0F 0E 10 0E 0E 0F 0F 10 0F 0D 0F 10 0E 10 10 0F 0F 10 0E 0F 0F 0F 10 0F 0E 0E 0F 0F 10 0E 0E 10 0F 0E 0F 0D 10 0E 0F 0F 0E 0F 0E 0E 0E 0D 0F 0E 10 0D 0F 0D 10 0E 0F 0F 0E 0E 0F 0E 0F 0F 0D 0F 0F 0E 0F 10 0E 0E 0F 0E 0F 10 0E 0E 0F 0E 0F 0E 0E 0F 0F 0E 0D 0F 0E 0E 0E 0F 0E 0E 0F 0E 0E 0E 0D 0D 0D 0D 0D 0D 0D 0D 0D 0D 0D 0D 
13 13 13 13 13 13 13 13 13 13 13 12 14 12 12 13 14 12 12 12 12 13 14 12 14 11 13 13 13 12 12 14 10 14 11 11 12 13 11 12 13 10 11 10 11 12 13 13 11 12 13 11 11 12 12 12 11 14 12 13 12 10 12 12 11 12 11 0F 13 11 12 10 12 12 10 12 11 11 12 11 10 13 12 12 10 12 11 10 11 12 11 11 11 13 12 13 11 11 11 10 10 10 12 10 11 12 11 12 10 11 11 12 11 12 12 10 13 11 12 12 11 12 11 11 13 12 12 13 12 12 13 12 10 12 12 11 11 12 12 10 10 13 12 12 10 11 12 11 12 12 12 12 13 14 12 11 11 11 11 12 12 11 11 11 12 11 11 11 11 11 12 11 13 11 11 0F 10 10 11 10 11 12 13 10 11 11 11 10 10 0F 10 11 11 10 10 0F 10 10 10 11 10 11 10 10 10 10 0F 0E 11 10 10 10 0F 0E 0F 0F 0F 0F 10 0E 11 0F 0F 0F 10 0E 0E 0F 0F 0F 10 0F 0F 0F 11 0E 10 0E 0E 0F 0F 0D 0E 0E 0F 0F 0E 0F 0E 0F 0D 0E 0E 0E 0F 0F 0F 10 0F 0E 0D 0E 0F 0E 0E 0D 0F 10 0F 0E 0D 0D 10 0E 0E 0F 0E 10 0D 0F 0F 0E 0E 0E 0D 0F 0E 0E 0E 0E 10 0F 0E 0F 0E 0F 0F 0F 0F 0F 0E 0E 0E 0F 0F 0F 0E 0F 0D 0F 0F 0F 0F 0F 0F 0F 0F 0F 0F 0F 
12 12 12 12 12 12 12 12 12 12 12 12 13 12 11 11 12 12 12 12 12 13 14 13 13 11 13 12 12 11 10 12 10 13 11 11 12 12 11 11 11 10 10 10 12 12 12 13 11 12 11 11 12 12 13 12 12 13 12 13 12 10 12 12 12 10 12 10 11 11 11 10 12 11 10 11 11 11 11 12 0F 13 11 11 10 12 10 10 12 11 10 10 10 13 12 12 11 11 10 10 10 10 12 10 12 12 10 11 10 11 11 12 11 12 12 11 13 12 11 11 10 11 11 10 12 11 12 13 10 10 12 12 10 11 12 11 12 12 12 11 11 13 11 13 10 10 12 11 11 12 12 12 14 13 12 10 12 10 11 12 10 11 10 10 12 11 11 12 11 10 13 10 12 11 11 0F 0F 0F 12 10 10 11 12 0F 11 11 12 10 0F 0F 10 11 10 10 0F 10 10 0F 0F 11 10 10 10 11 10 10 0F 0E 11 10 0F 10 0F 0E 0F 0E 0F 0F 0F 0E 11 0F 0F 0E 0F 0F 0E 0F 0F 0E 10 0F 0F 0E 10 0E 0F 0E 0E 10 0E 0D 0E 0E 0F 0F 0E 0F 0F 0E 0D 0E 0E 0E 10 0E 0F 0F 0E 0E 0D 0F 0E 0E 0E 0D 0F 10 0F 0D 0D 0D 0F 0E 0E 0F 0D 10 0D 0E 0F 0E 0D 0E 0E 10 0E 0E 0E 0E 0F 0F 0E 0E 0E 0E 0F 0F 0F 0F 0E 0E 0E 0F 0E 0F 0E 0F 0D 0F 0F 0F 0F 0F 0F 0F 0F 0F 0F 0F 
12 12 12 12 12 12 12 12 12 12 12 13 12 12 13 11 11 13 13 11 11 11 11 13 12 13 12 11 11 12 12 11 12 13 11 11 10 10 12 11 10 10 12 12 13 11 13 11 10 11 12 13 13 12 12 12 12 11 12 11 13 13 12 10 11 13 11 13 10 11 0F 0F 10 10 14 0F 10 11 11 12 10 11 11 11 11 13 11 13 13 11 12 11 11 12 12 10 11 12 11 12 0F 12 11 11 11 13 11 11 12 12 12 11 11 13 12 11 11 0F 10 12 10 13 11 12 10 12 11 12 12 12 11 11 13 11 11 10 12 13 11 13 11 12 11 14 12 12 11 12 10 12 10 10 13 12 13 12 10 10 10 13 10 12 12 10 11 12 10 0F 11 12 10 11 11 12 12 11 12 11 10 10 0E 0F 11 12 10 11 0F 0F 0F 10 10 0E 11 10 10 0F 11 0F 0F 0F 0E 0F 10 0F 0D 0F 0F 0F 0E 0D 0F 0F 0F 0E 10 0E 0E 0F 10 11 10 0D 0F 10 0F 10 11 0F 0E 11 0F 0F 0F 10 11 0E 0D 0D 0E 10 10 0E 0F 10 0E 0F 0E 0C 0F 0D 0F 0F 0E 0F 0E 0F 0E 0D 10 0E 0F 0D 0F 0E 0F 0F 0E 0F 0E 0F 0F 0E 0E 0F 0D 0F 0F 0E 0F 0F 0F 0E 0F 0F 0F 10 0D 0D 0F 0E 10 0E 0E 0F 0E 0E 0E 0F 0E 0E 0F 0E 0F 0E 0E 0F 0E 0E 0D 0D 0D 0D 0D 0D 0D 0D 0D 0D 0D 0D 
12 12 12 12 12 12 12 12 12 12 12 13 12 13 14 12 11 13 13 11 10 11 10 13 12 12 12 11 12 11 12 12 12 12 11 10 11 10 12 10 11 10 11 12 14 11 12 11 10 10 11 13 12 10 12 12 11 11 11 11 12 13 11 11 11 12 10 12 10 10 10 0F 0E 0F 13 10 11 11 12 10 0F 11 10 11 11 12 10 12 12 11 11 11 11 12 12 10 12 12 11 13 0E 11 11 10 11 13 11 10 11 12 12 11 12 11 10 12 10 0F 10 11 0F 13 11 12 10 11 11 12 12 11 11 11 13 12 12 11 11 12 11 12 11 11 11 14 11 11 11 11 0F 11 10 10 10 11 12 11 10 10 11 12 11 12 12 0F 11 12 10 0F 11 12 10 10 11 10 10 10 12 11 10 0F 0D 0F 10 12 0F 11 10 10 0F 0F 10 10 10 10 0F 0E 10 10 0F 0F 0E 0F 0F 0E 0C 10 0F 0F 0E 0D 0F 0F 0F 0E 10 0E 0E 0F 0F 10 0F 0D 0E 0F 10 0F 10 0F 0E 0F 0E 0F 0F 0F 10 0E 0D 0D 0F 0F 0F 0E 0E 0F 0E 0E 0E 0C 0F 0E 0E 0E 0E 0F 0E 0F 0F 0E 0F 0E 10 0D 0E 0D 10 0E 0F 0F 0E 0F 0E 0E 0F 10 0D 0F 0F 0E 0F 0F 0E 0E 0F 0E 0E 0F 0D 0E 10 0D 10 0F 0E 0F 0E 0E 0D 0F 0D 0E 0E 0E 0E 0E 0E 0F 0F 0D 0D 0D 0D 0D 0D 0D 0D 0D 0D 0D 0D 0D 
12 12 12 12 12 12 12 12 12 12 12 11 13 12 11 12 14 12 12 13 12 13 15 12 14 11 12 14 13 12 11 13 10 14 11 12 12 12 11 11 11 11 10 10 12 11 13 12 11 11 11 12 11 12 13 12 12 13 12 13 12 11 13 11 11 11 11 0F 12 11 12 10 11 12 10 11 11 11 13 12 10 13 12 10 10 12 11 11 12 11 10 11 11 13 12 13 12 11 11 10 10 11 12 12 12 12 11 12 11 11 11 12 10 13 12 11 13 11 11 12 10 12 10 10 12 11 12 12 11 10 13 12 11 11 13 11 12 12 12 11 11 13 11 12 10 10 13 11 11 11 12 14 13 13 11 11 11 11 11 11 11 11 10 10 12 11 11 10 11 10 13 11 12 10 11 0F 10 10 10 10 11 11 12 0F 11 11 11 10 10 0E 10 10 10 10 0F 0E 0F 10 10 10 10 10 0F 10 10 10 0F 0E 11 10 0E 10 0F 0E 0F 0F 0F 0F 10 0E 11 0F 10 0F 10 0E 0E 0F 0F 0F 10 0F 0F 0E 10 0E 0F 0F 0E 0F 0E 0D 0E 0E 0F 0F 0E 0F 0E 0E 0D 0E 0E 0D 10 0F 0F 0F 0F 0E 0D 0F 0F 0F 0E 0D 0F 10 0F 0E 0E 0C 10 0E 0E 0F 0E 10 0D 0E 0F 0E 0E 0F 0E 0F 0E 0E 0E 0E 10 0F 0E 0F 0E 0E 0F 0F 0F 0F 0D 0E 0E 0F 0F 0E 0E 10 0D 0E 0E 0E 0E 0E 0E 0E 0E 0E 0E 0E 
13 13 13 13 13 13 13 13 13 13 13 11 14 12 11 11 13 12 12 13 11 12 14 11 12 10 12 13 13 12 11 13 10 13 10 12 12 12 10 10 11 11 10 11 11 12 13 13 11 11 11 11 12 11 13 12 12 13 11 12 11 10 12 12 10 10 11 0F 12 10 11 10 12 11 10 11 11 10 11 13 10 13 11 10 10 12 11 10 11 11 11 11 11 14 12 12 11 11 10 0F 11 11 12 11 11 12 10 11 0F 11 10 12 10 12 12 10 12 10 11 11 10 11 0F 0F 12 10 12 12 11 10 11 12 0F 12 12 11 11 11 11 11 10 13 11 11 11 10 11 10 11 12 12 12 13 13 11 10 11 10 12 11 11 11 10 10 11 10 11 0F 10 10 12 10 11 10 10 0F 0F 0F 10 0F 10 10 12 0F 11 11 10 10 0F 0E 0F 10 10 10 0E 0F 0E 0F 0F 10 11 0F 0F 10 10 0F 0F 0D 11 10 0E 10 0F 0E 0E 0F 10 0F 0F 0F 11 0E 0F 0F 10 0E 0E 0F 0E 0F 10 0F 0F 0F 10 0D 0F 0E 0D 0F 0E 0D 0E 0E 0F 0E 0E 0F 0F 0E 0D 0E 0E 0E 0F 0F 0F 0F 0E 0D 0D 0E 0E 0E 0E 0D 0E 0F 0F 0E 0D 0D 10 0F 0E 0F 0D 0F 0D 0F 0F 0F 0E 0F 0D 0F 0E 0E 0E 0E 0F 0F 0E 0E 0D 0E 0F 0E 10 0F 0E 0D 0F 0F 0F 0F 0E 10 0D 0F 0F 0F 0F 0F 0F 0F 0F 0F 0F 0F 
12 12 12 12 12 12 12 12 12 12 12 13 11 12 13 12 11 13 13 11 10 11 11 13 11 12 11 11 11 11 10 11 12 11 11 10 10 10 12 10 10 11 11 12 13 11 11 11 11 13 12 13 12 11 11 12 11 11 11 11 12 13 11 10 11 10 10 12 10 10 0F 0F 0F 10 13 0F 11 11 12 11 10 11 12 10 11 12 10 12 12 10 11 12 10 12 11 10 11 12 11 12 0E 11 11 11 11 12 11 10 10 13 12 11 11 11 11 11 10 10 10 11 0F 12 11 11 10 12 10 12 11 10 11 12 13 11 11 10 12 12 11 10 11 11 11 13 11 12 11 11 10 11 10 10 10 11 12 11 10 0F 10 13 10 11 11 10 11 11 0F 0F 10 12 10 10 10 11 11 10 11 10 10 0F 0D 0E 0F 11 0F 10 10 0F 0F 11 10 0F 10 10 10 0E 10 10 0F 0F 0D 0F 0F 10 0C 0F 0E 0E 0D 0D 0F 0F 0F 0D 0F 0E 0E 10 0F 10 0F 0D 0E 0F 0F 10 10 0F 0E 10 0F 0E 0F 0E 10 0F 0D 0D 0F 10 0F 0E 0E 0F 0E 0F 0E 0C 0F 0D 0E 0F 0E 0F 0E 0F 0F 0D 0F 0E 10 0D 0F 0D 0F 0E 10 0E 0E 0E 0E 0E 0F 0F 0D 0F 0F 0E 0F 0F 0E 0E 0F 0E 0F 10 0E 0E 0F 0E 0F 0E 0E 0F 0E 0E 0E 0F 0D 0E 0F 0F 0E 0E 0E 0F 0F 0E 0D 0D 0D 0D 0D 0D 0D 0D 0D 0D 0D 0D 
12 12 12 12 12 12 12 12 12 12 12 12 11 12 13 10 11 13 11 11 10 10 10 13 10 12 11 11 13 11 12 11 13 11 12 10 10 10 12 11 11 11 12 12 13 12 12 11 10 12 11 12 12 11 12 12 11 11 11 11 11 12 11 11 11 11 10 12 11 11 0F 0F 0F 0F 13 0F 11 12 12 11 10 11 10 11 11 12 11 12 12 0F 11 11 12 11 11 11 11 12 11 12 0E 11 11 11 11 13 10 10 12 12 12 11 12 12 12 12 10 10 0F 11 0F 12 12 11 10 11 11 12 12 11 11 11 13 10 12 11 11 13 10 10 11 10 11 14 11 11 11 12 10 11 10 10 10 12 11 11 10 0F 0F 12 10 11 11 0F 11 12 10 0E 11 11 10 0F 11 11 10 10 11 10 10 0F 0D 0E 0F 11 0F 10 0F 0F 0F 10 10 0F 10 10 0F 0E 10 10 0F 0E 0D 0F 10 0F 0C 0F 0F 0E 0D 0D 0E 0F 0E 0D 0F 0E 0D 10 0F 10 0F 0D 0E 10 0F 10 10 0F 0E 10 0F 0F 0F 0F 10 0F 0D 0D 0F 0F 0F 0E 0E 10 0E 0E 0E 0C 0F 0E 0F 0E 0D 0E 0E 0F 0E 0D 0F 0D 0F 0D 0E 0D 10 0E 0F 0F 0E 0E 0E 0E 0E 0F 0D 0F 0F 0E 0F 0F 0F 0E 0F 0E 10 0F 0D 0E 0F 0E 0F 0E 0E 10 0E 0E 0D 0F 0D 0E 0F 0F 0E 0E 0E 0F 0E 0E 0D 0D 0D 0D 0D 0D 0D 0D 0D 0D 0D 0D 
10 10 10 10 10 10 10 10 10 10 10 11 14 13 11 12 13 12 11 13 12 13 14 12 13 10 13 12 13 11 11 13 11 14 12 11 11 11 10 10 11 11 0F 10 13 11 12 13 11 12 11 11 12 11 12 12 11 13 11 13 13 10 13 11 12 11 11 10 13 11 11 11 12 12 0F 11 12 11 12 11 10 13 11 10 10 12 11 11 12 11 10 11 10 14 12 12 12 12 11 10 10 10 12 11 12 12 10 11 10 12 10 11 11 12 11 0F 12 10 11 11 10 11 10 10 12 11 12 12 11 11 12 12 10 11 13 11 11 12 11 0F 11 12 11 11 11 10 11 10 12 11 12 13 13 13 11 11 11 0F 11 11 11 11 10 11 11 10 10 11 11 10 12 0F 11 10 0F 10 10 0F 10 10 10 11 12 0F 11 10 10 0F 0F 0F 10 11 10 10 0F 0F 10 10 0F 10 11 10 0F 10 10 10 0E 0D 10 10 10 10 0E 0F 0F 0E 0F 0F 10 0E 11 0F 0F 0F 10 0E 0E 0E 0F 0E 10 0F 0F 0E 10 0D 0F 0E 0E 0F 0F 0D 0E 0E 0F 0F 0F 0E 0F 0E 0D 0F 0E 0E 10 0F 0F 0F 0F 0D 0E 0F 0F 0F 0E 0D 0F 10 0F 0E 0D 0D 0F 0F 0E 0E 0E 10 0D 0F 0F 0F 0D 0F 0D 0F 0E 0E 0E 0E 10 0F 0E 0F 0E 0E 0F 0F 10 0F 0D 0E 0F 0F 0F 0F 0E 0F 0E 0F 0F 0F 0F 0F 0F 0F 0F 0F 0F 0F 
11 11 11 11 11 11 11 11 11 11 11 11 13 12 11 12 13 12 11 13 11 12 13 12 14 11 12 12 12 11 11 13 10 13 11 12 12 12 11 10 10 10 10 10 11 11 13 13 11 11 10 11 11 11 12 12 11 13 11 11 11 11 12 12 11 0F 11 10 12 11 11 0F 11 11 10 11 11 10 12 11 10 12 11 11 10 12 10 10 11 11 10 11 10 13 12 13 10 12 10 0F 13 10 11 10 10 11 11 10 10 11 10 11 10 11 11 10 12 11 11 11 10 11 10 10 11 11 12 12 10 10 12 11 10 11 12 11 11 11 10 11 10 13 11 11 10 10 11 10 11 11 11 12 12 14 10 10 10 10 10 10 10 11 0F 0F 11 10 10 10 10 10 12 0F 11 10 10 0F 0F 0E 0F 0F 0F 10 11 0F 10 0F 10 0F 0F 0E 0F 10 10 0F 0E 0F 0E 0F 0F 10 10 0F 0F 0F 0F 10 0E 0D 10 10 0F 0F 0F 0E 0E 0F 0F 0F 0F 0E 10 0F 0F 0E 0F 0D 0E 0F 0F 0F 0F 0F 0F 0F 10 0E 0F 0E 0E 0F 0E 0C 0D 0E 0E 0F 0E 0E 0F 0E 0D 0E 0D 0D 10 0E 0F 0E 0F 0E 0D 0F 0E 0E 0E 0D 10 10 0F 0E 0D 0C 0F 0E 0F 0E 0E 10 0D 0F 0F 0E 0D 0E 0E 0F 0E 0F 0D 0E 0E 0F 0D 0F 0D 0F 0F 0E 10 0F 0D 0E 0E 0F 0F 0F 0E 10 0D 0F 0F 0F 0F 0F 0F 0F 0F 0F 0F 0F 
13 13 13 13 13 13 13 13 13 13 13 13 12 13 14 11 12 12 12 11 10 11 10 13 12 12 10 11 13 12 11 11 13 11 11 0F 10 11 12 10 11 10 12 12 12 11 12 10 11 11 13 13 12 11 12 12 12 12 12 11 12 12 11 11 11 11 11 12 11 11 10 0F 0E 0F 13 10 10 11 11 10 10 11 11 11 12 11 11 12 11 10 11 11 10 11 12 12 10 12 11 12 0F 12 13 10 11 12 10 10 11 13 11 12 11 12 12 11 10 10 10 10 0F 12 11 12 0F 11 10 12 12 11 11 10 14 10 12 10 11 12 11 10 11 12 11 13 11 11 10 11 0F 10 10 0F 10 11 11 11 0F 0F 10 12 10 11 10 0F 11 10 0F 0F 10 11 10 10 11 10 10 0F 10 11 0F 0F 0D 0E 10 11 0F 10 0F 0F 0F 0F 0F 0E 10 0F 0F 0E 10 10 0F 0E 0D 0F 0F 0F 0D 0F 0E 0F 0D 0E 0E 0F 0F 0D 0F 0F 0E 10 0F 10 0F 0D 0F 10 10 10 11 0F 0F 10 0E 0F 0F 0E 11 0F 0D 0D 0F 0F 0F 0F 0E 10 0E 0E 0E 0C 10 0D 0E 0E 0D 0F 0E 0E 0E 0D 0F 0E 10 0D 0E 0D 10 0F 0F 0F 0E 0E 0F 0E 0F 0F 0D 0F 0F 0E 10 0F 0E 0E 0F 0F 0E 10 0D 0F 0F 0E 0F 0F 0D 10 0E 0E 0D 0F 0D 0E 0F 0F 0E 0E 0E 0E 0E 0E 0D 0D 0D 0D 0D 0D 0D 0D 0D 0D 0D 0D 
11 11 11 11 11 11 11 11 11 11 11 13 11 11 14 11 11 13 12 10 0F 11 10 13 10 12 11 10 11 12 11 12 11 11 10 10 10 10 12 0F 10 11 11 11 13 11 12 10 10 11 11 12 12 11 12 11 11 11 12 11 11 12 11 11 11 12 10 12 10 10 0F 0F 0F 0F 12 10 10 12 11 10 10 12 11 10 11 12 11 12 11 10 11 10 10 11 12 11 10 11 10 11 0E 12 11 11 10 12 11 10 11 12 12 11 11 12 11 12 10 0E 0F 10 0F 12 11 11 10 11 10 11 10 11 10 11 12 10 11 10 10 11 11 11 11 11 11 12 11 11 10 11 0F 11 10 0F 0F 11 12 11 10 0F 10 12 10 11 10 0E 10 10 0F 0E 10 11 10 0F 10 10 10 10 10 0F 0F 0E 0D 0E 10 11 0E 0F 0F 0E 0E 0F 10 0F 10 0F 0F 0E 10 0F 0D 0F 0D 0E 0F 0F 0C 0E 0E 0E 0D 0D 0E 0F 0F 0E 0E 0E 0D 0F 0F 10 0E 0D 0E 0F 0F 10 10 0F 0E 0F 0E 0E 0F 0F 10 0F 0E 0D 0F 10 0F 0E 0E 0F 0E 0E 0E 0C 0F 0D 0E 0F 0E 0E 0E 0E 0E 0D 0F 0D 0F 0D 0F 0D 10 0F 0F 0F 0E 0E 0E 0E 0E 0F 0D 0F 0F 0E 0F 0F 0E 0E 0F 0F 0F 10 0D 0E 0F 0E 10 0F 0D 0F 0E 0E 0E 0F 0E 0E 0E 0F 0E 0E 0E 0E 0E 0E 0D 0D 0D 0D 0D 0D 0D 0D 0D 0D 0D 0D 
12 12 12 12 12 12 12 12 12 12 12 12 14 12 11 12 13 11 11 12 12 13 13 11 13 11 12 12 13 11 10 12 0F 12 10 11 12 12 11 11 12 10 10 10 11 11 13 12 11 12 11 11 12 11 11 12 11 12 10 13 10 10 13 12 12 10 10 0F 12 10 10 10 12 11 10 12 10 10 12 12 10 13 12 10 11 12 11 10 11 11 10 12 0F 13 12 12 10 11 10 0F 11 10 11 12 11 12 10 11 10 11 10 11 10 13 12 10 11 10 11 10 11 11 10 10 13 10 12 12 10 10 12 11 0F 12 11 10 11 11 11 11 10 12 10 12 0F 0F 11 0F 10 11 11 12 13 12 10 11 11 0F 10 10 0F 10 0F 0F 11 10 0F 10 0F 0F 11 0F 10 10 0F 0E 0F 0E 10 0E 10 10 11 0F 10 10 10 0F 0F 0E 0F 10 0F 10 0F 0F 0F 0F 0E 10 10 0F 10 10 0F 0F 0F 0D 10 0F 0F 10 0F 0E 0E 0E 0F 0F 0F 0E 10 0F 0F 0F 10 0E 0E 0F 0E 0F 10 0E 0F 0F 10 0E 0F 0E 0D 0F 0E 0D 0D 0E 0E 0F 0E 0F 0F 0E 0E 0F 0E 0E 10 0F 0F 0F 0F 0E 0D 0F 0E 0E 0E 0D 0F 0F 0F 0E 0D 0C 10 0F 0E 0F 0E 0F 0D 0F 0F 0E 0E 0E 0D 0F 0E 0E 0E 0E 0F 0F 0E 0F 0E 0F 0F 0F 0F 10 0E 0E 0E 0F 0F 0F 0D 10 0E 0F 0F 0F 0F 0F 0F 0F 0F 0F 0F 0F 
11 11 11 11 11 11 11 11 11 11 11 10 13 11 11 11 12 12 11 12 11 12 13 11 12 11 12 12 12 12 11 13 0F 13 11 12 11 11 10 10 10 10 0F 10 11 10 12 12 10 11 10 11 11 11 11 13 11 13 11 12 12 10 12 12 11 10 11 0F 11 10 11 0F 11 12 10 11 12 10 11 11 0F 12 11 11 10 12 10 10 10 12 10 10 0F 13 12 11 11 11 10 0F 10 10 11 11 10 12 10 11 0F 11 10 13 11 13 11 10 12 10 10 11 10 11 10 0F 11 11 13 11 10 10 11 10 0F 10 12 11 10 11 10 0F 10 12 10 11 0F 0F 11 10 10 12 11 11 13 12 11 10 10 0E 10 10 10 10 0F 0F 10 0F 10 10 10 0E 11 0F 10 0F 0E 0E 0F 0E 10 0E 10 11 11 10 10 10 10 0F 0E 0E 0F 0F 0F 10 0F 0E 0E 0F 0E 10 10 10 0F 10 0F 0F 0F 0E 10 0F 0F 10 0F 0E 0F 0E 0F 0F 0F 0D 10 0F 0F 0F 10 0E 0E 0E 0E 0E 10 0E 0F 0E 10 0E 0F 0E 0E 0F 0E 0E 0E 0E 0F 0F 0E 0E 0F 0E 0D 0F 0E 0E 0F 0E 0E 10 0F 0E 0D 0F 0F 0E 0E 0D 0F 10 0F 0E 0D 0D 10 0E 0E 0E 0D 10 0D 0E 0F 0E 0E 0E 0E 10 0E 0E 0D 0E 0F 0F 0E 0F 0D 0E 0F 0E 0F 0F 0E 0E 0E 0F 0F 0F 0E 10 0D 0F 0F 0F 0F 0F 0F 0F 0F 0F 0F 0F 
11 11 11 11 11 11 11 11 11 11 11 12 13 12 13 11 11 12 11 10 0F 11 11 12 11 12 11 10 13 11 11 11 12 11 12 10 10 0F 11 10 11 10 12 11 13 12 11 11 10 12 12 11 12 10 13 11 11 12 11 10 12 12 12 11 11 11 10 12 10 10 10 0F 0F 0F 13 0F 10 11 11 11 0F 11 10 10 11 12 0F 11 12 11 11 11 12 11 11 10 10 11 10 12 0E 11 11 11 10 12 10 0F 12 13 12 10 12 14 11 11 0F 10 10 11 0F 12 11 11 0F 11 10 12 10 11 11 11 13 0F 11 11 11 12 11 11 10 11 10 13 10 11 10 12 0F 10 10 0F 10 11 10 10 0F 0F 0F 11 0F 11 10 0F 11 11 0E 0E 10 11 0F 0F 10 10 0F 0F 10 10 0F 0F 0D 0E 0F 10 0E 10 0F 0E 0E 0F 10 0E 10 0F 0F 0E 10 0F 0F 0F 0D 0F 0E 0F 0C 0F 0F 0E 0D 0D 0E 0F 0F 0E 0F 0E 0E 0F 0F 10 0F 0D 0E 0F 0F 0F 0F 0F 0F 10 0E 0F 0F 0F 10 0E 0D 0D 0E 0F 0F 0E 0E 0F 0E 0E 0E 0D 0F 0D 0F 0E 0E 0F 0D 0E 0E 0D 0F 0E 10 0E 0E 0E 10 0E 0F 0F 0E 0E 0E 0E 0E 0F 0D 0E 0E 0E 10 0F 0E 0E 0F 0F 0F 0F 0D 0E 0F 0E 0F 0E 0D 0F 0F 0E 0D 0F 0E 0E 0E 0E 0E 0E 0E 0E 0E 0E 0D 0D 0D 0D 0D 0D 0D 0D 0D 0D 0D 0D 
12 12 12 12 12 12 12 12 12 12 12 12 10 11 12 10 11 11 11 10 0F 10 0F 12 11 12 11 10 12 11 12 11 12 10 11 0F 0F 0F 11 10 10 12 11 12 12 10 11 10 10 11 12 12 12 10 12 11 12 11 11 12 11 12 11 10 10 11 10 12 10 11 0F 0F 0F 0F 12 0F 10 10 10 10 10 11 11 0F 11 12 10 12 11 10 12 11 12 11 12 10 10 12 10 11 0E 10 10 11 11 12 10 10 11 12 12 11 11 12 10 12 0F 0F 0F 11 0F 12 11 11 10 11 11 11 11 10 10 10 13 10 10 0F 11 12 10 10 10 11 10 12 10 11 10 11 0F 10 10 0F 0F 11 11 10 0E 0F 0F 12 0F 11 10 0E 10 10 0E 0E 10 11 0F 0F 10 10 10 0E 11 10 0F 0E 0D 0E 0F 10 0E 10 0F 0F 0E 0F 10 0E 10 0F 0F 0E 10 0F 0E 0E 0D 0E 0F 0F 0C 0F 0E 0E 0D 0D 0E 0F 0F 0E 0F 0D 0D 0E 0F 10 0E 0D 0E 0F 0E 0F 0F 0E 0E 10 0F 0F 0F 10 10 0E 0D 0D 0E 0F 10 0F 0D 0F 0E 0E 0E 0C 0F 0D 0E 0E 0E 0E 0E 0F 0F 0D 0E 0E 10 0D 0E 0D 0F 0E 10 0F 0F 0E 0F 0E 0E 0F 0D 0F 0F 0E 0F 0F 0E 0E 0F 0E 0F 10 0E 0E 0F 0E 10 0F 0E 10 0E 0E 0D 0F 0C 0F 0E 0F 0E 0E 0E 0E 0E 0E 0D 0D 0D 0D 0D 0D 0D 0D 0D 0D 0D 0D 
12 12 12 12 12 12 12 12 12 12 12 11 14 11 10 12 13 11 11 13 11 12 14 12 13 10 12 12 12 11 11 12 11 12 11 12 11 12 0F 10 11 0F 10 0F 11 11 12 12 11 11 10 10 11 12 11 12 11 13 11 12 11 10 12 11 11 10 11 0F 12 10 11 11 11 11 10 10 10 11 12 11 0F 12 11 10 10 12 10 11 11 11 10 10 0F 12 11 11 11 11 10 0F 11 10 11 11 12 11 10 12 10 10 10 12 10 11 11 10 12 0F 11 11 10 11 0F 0F 12 10 11 11 10 10 11 11 0F 10 11 11 10 11 10 0F 11 12 10 11 0F 0F 10 0F 10 11 11 12 13 12 11 11 10 0F 0F 10 0F 10 0F 0F 11 0F 0E 10 10 0F 11 0F 10 0F 0F 0E 0F 0E 0F 0F 10 11 10 0F 0F 10 10 0E 0E 0E 0E 0F 0F 0F 0E 0E 0F 0F 0E 10 10 0F 0F 10 0F 0F 0E 0D 10 10 0E 10 0E 0E 0E 0E 0E 0E 0F 0E 11 0F 0F 0F 10 0E 0E 0F 0E 0F 0F 0E 0F 0E 10 0D 0F 0E 0D 0F 0E 0E 0D 0E 0F 0E 0E 0F 0E 0E 0E 0E 0F 0E 10 0F 0F 0F 0F 0E 0D 0F 0F 0F 0E 0D 0F 10 0F 0D 0D 0C 10 0E 0E 0F 0E 10 0D 0E 0F 0E 0D 0E 0E 10 0E 0E 0E 0E 10 0F 0E 0F 0E 0F 0F 0E 0F 0F 0E 0E 0E 0F 0F 0F 0E 10 0E 0F 0F 0F 0F 0F 0F 0F 0F 0F 0F 0F 
11 11 11 11 11 11 11 11 11 11 11 10 13 12 10 11 12 10 11 12 11 12 13 12 13 10 12 12 11 11 10 12 10 12 11 11 11 12 10 10 11 10 11 10 11 11 12 12 10 11 10 10 11 11 11 12 12 12 11 11 10 10 11 12 10 11 11 0F 12 10 10 10 11 12 10 11 11 0F 10 11 0F 12 11 10 10 12 11 10 11 11 10 11 0F 12 11 11 11 10 10 10 10 0F 12 10 11 11 0F 10 10 12 11 12 10 11 11 10 12 10 10 11 0F 10 10 0F 12 11 11 12 10 10 10 10 0F 11 10 10 10 11 10 10 10 12 11 11 0E 0F 10 0F 10 11 10 12 11 12 10 10 0F 0F 10 10 0F 10 0F 10 10 10 0F 0F 0F 0E 11 0F 11 0F 0F 0E 0E 0E 0F 0E 10 10 10 0E 10 0E 10 0E 0E 0E 0F 0F 0F 0F 0F 0E 0E 0F 0E 0F 10 0F 0F 0F 10 0F 0E 0D 10 0F 0E 0F 0F 0E 0E 0E 0F 0E 0F 0E 10 0E 0F 0F 0F 0E 0E 0E 0F 0F 10 0F 0E 0E 0F 0F 0F 0E 0E 0F 0E 0D 0D 0E 0F 0E 0F 0F 0F 0E 0D 0E 0E 0E 0F 0F 0F 0E 0F 0E 0D 0F 0E 0E 0E 0C 10 10 0F 0E 0D 0D 10 0E 0E 0F 0D 10 0D 0F 0F 0E 0E 0E 0E 0F 0E 0E 0D 0E 0F 0E 0E 0F 0D 0E 0F 0F 0F 0F 0E 0D 0F 0F 0F 0F 0E 0F 11 0F 0F 0F 0F 0F 0F 0F 0F 0F 0F 0F 
12 12 12 12 12 12 12 12 12 12 12 12 11 12 13 10 10 12 12 0F 10 11 0F 12 11 11 12 0F 11 11 12 11 11 10 11 10 0F 10 11 10 11 11 11 12 12 10 12 10 11 10 11 13 12 11 12 11 12 11 11 12 12 13 11 10 11 11 11 12 10 11 0F 0F 0F 0F 13 0F 10 10 11 11 12 11 11 11 10 13 10 11 12 10 11 11 11 11 11 11 11 11 10 11 0E 11 11 11 11 12 10 10 11 12 11 11 11 11 11 11 10 0F 10 11 0F 12 11 11 0F 11 11 11 11 10 11 11 12 11 11 10 11 11 10 11 0F 10 10 12 10 11 10 11 0E 10 10 0E 10 10 11 10 0F 0F 0F 10 0F 11 11 0E 10 11 0F 0F 10 12 0F 0F 10 0F 0F 0F 10 0F 0F 0E 0C 0E 0F 11 0E 10 0F 0E 0F 0F 10 0F 0F 10 10 0E 10 0F 0E 0E 0D 0E 0F 0F 0C 0F 0F 0E 0D 0D 0E 0F 0F 0D 0F 0E 0E 0F 0F 0F 0F 0D 0E 10 0F 0F 10 0F 0F 10 0E 0F 0F 0F 10 0E 0E 0E 0F 0F 10 0E 0E 0F 0E 0F 0E 0D 10 0E 0E 0F 0E 0F 0E 0E 0F 0E 0F 0E 10 0D 0E 0D 0F 0F 10 0F 0E 0E 0F 0E 0E 0F 0E 0F 0F 0E 0F 10 0F 0E 0F 0E 0F 12 0E 0E 0F 0E 10 0F 0E 0F 0F 0E 0E 0F 0D 0F 0F 0F 0E 0E 0E 0E 0E 0E 0D 0D 0D 0D 0D 0D 0D 0D 0D 0D 0D 0D 
12 12 12 12 12 12 12 12 12 12 12 12 11 12 13 10 10 12 12 0F 10 11 0F 12 11 11 12 0F 11 11 12 11 11 10 11 10 0F 10 11 10 11 11 11 12 12 10 12 10 11 10 11 13 12 11 12 11 12 11 11 12 12 13 11 10 11 11 11 12 10 11 0F 0F 0F 0F 13 0F 10 10 11 11 12 11 11 11 10 13 10 11 12 10 11 11 11 11 11 11 11 11 10 11 0E 11 11 11 11 12 10 10 11 12 11 11 11 11 11 11 10 0F 10 11 0F 12 11 11 0F 11 11 11 11 10 11 11 12 11 11 10 11 11 10 11 0F 10 10 12 10 11 10 11 0E 10 10 0E 10 10 11 10 0F 0F 0F 10 0F 11 11 0E 10 11 0F 0F 10 12 0F 0F 10 0F 0F 0F 10 0F 0F 0E 0C 0E 0F 11 0E 10 0F 0E 0F 0F 10 0F 0F 10 10 0E 10 0F 0E 0E 0D 0E 0F 0F 0C 0F 0F 0E 0D 0D 0E 0F 0F 0D 0F 0E 0E 0F 0F 0F 0F 0D 0E 10 0F 0F 10 0F 0F 10 0E 0F 0F 0F 10 0E 0E 0E 0F 0F 10 0E 0E 0F 0E 0F 0E 0D 10 0E 0E 0F 0E 0F 0E 0E 0F 0E 0F 0E 10 0D 0E 0D 0F 0F 10 0F 0E 0E 0F 0E 0E 0F 0E 0F 0F 0E 0F 10 0F 0E 0F 0E 0F 12 0E 0E 0F 0E 10 0F 0E 0F 0F 0E 0E 0F 0D 0F 0F 0F 0E 0E 0E 0E 0E 0E 0D 0D 0D 0D 0D 0D 0D 0D 0D 0D 0D 0D 
12 12 12 12 12 12 12 12 12 12 12 12 11 12 13 10 10 12 12 0F 10 11 0F 12 11 11 12 0F 11 11 12 11 11 10 11 10 0F 10 11 10 11 11 11 12 12 10 12 10 11 10 11 13 12 11 12 11 12 11 11 12 12 13 11 10 11 11 11 12 10 11 0F 0F 0F 0F 13 0F 10 10 11 11 12 11 11 11 10 13 10 11 12 10 11 11 11 11 11 11 11 11 10 11 0E 11 11 11 11 12 10 10 11 12 11 11 11 11 11 11 10 0F 10 11 0F 12 11 11 0F 11 11 11 11 10 11 11 12 11 11 10 11 11 10 11 0F 10 10 12 10 11 10 11 0E 10 10 0E 10 10 11 10 0F 0F 0F 10 0F 11 11 0E 10 11 0F 0F 10 12 0F 0F 10 0F 0F 0F 10 0F 0F 0E 0C 0E 0F 11 0E 10 0F 0E 0F 0F 10 0F 0F 10 10 0E 10 0F 0E 0E 0D 0E 0F 0F 0C 0F 0F 0E 0D 0D 0E 0F 0F 0D 0F 0E 0E 0F 0F 0F 0F 0D 0E 10 0F 0F 10 0F 0F 10 0E 0F 0F 0F 10 0E 0E 0E 0F 0F 10 0E 0E 0F 0E 0F 0E 0D 10 0E 0E 0F 0E 0F 0E 0E 0F 0E 0F 0E 10 0D 0E 0D 0F 0F 10 0F 0E 0E 0F 0E 0E 0F 0E 0F 0F 0E 0F 10 0F 0E 0F 0E 0F 12 0E 0E 0F 0E 10 0F 0E 0F 0F 0E 0E 0F 0D 0F 0F 0F 0E 0E 0E 0E 0E 0E 0D 0D 0D 0D 0D 0D 0D 0D 0D 0D 0D 0D 
12 12 12 12 12 12 12 12 12 12 12 12 11 12 13 10 10 12 12 0F 10 11 0F 12 11 11 12 0F 11 11 12 11 11 10 11 10 0F 10 11 10 11 11 11 12 12 10 12 10 11 10 11 13 12 11 12 11 12 11 11 12 12 13 11 10 11 11 11 12 10 11 0F 0F 0F 0F 13 0F 10 10 11 11 12 11 11 11 10 13 10 11 12 10 11 11 11 11 11 11 11 11 10 11 0E 11 11 11 11 12 10 10 11 12 11 11 11 11 11 11 10 0F 10 11 0F 12 11 11 0F 11 11 11 11 10 11 11 12 11 11 10 11 11 10 11 0F 10 10 12 10 11 10 11 0E 10 10 0E 10 10 11 10 0F 0F 0F 10 0F 11 11 0E 10 11 0F 0F 10 12 0F 0F 10 0F 0F 0F 10 0F 0F 0E 0C 0E 0F 11 0E 10 0F 0E 0F 0F 10 0F 0F 10 10 0E 10 0F 0E 0E 0D 0E 0F 0F 0C 0F 0F 0E 0D 0D 0E 0F 0F 0D 0F 0E 0E 0F 0F 0F 0F 0D 0E 10 0F 0F 10 0F 0F 10 0E 0F 0F 0F 10 0E 0E 0E 0F 0F 10 0E 0E 0F 0E 0F 0E 0D 10 0E 0E 0F 0E 0F 0E 0E 0F 0E 0F 0E 10 0D 0E 0D 0F 0F 10 0F 0E 0E 0F 0E 0E 0F 0E 0F 0F 0E 0F 10 0F 0E 0F 0E 0F 12 0E 0E 0F 0E 10 0F 0E 0F 0F 0E 0E 0F 0D 0F 0F 0F 0E 0E 0E 0E 0E 0E 0D 0D 0D 0D 0D 0D 0D 0D 0D 0D 0D 0D 
12 12 12 12 12 12 12 12 12 12 12 12 11 12 13 10 10 12 12 0F 10 11 0F 12 11 11 12 0F 11 11 12 11 11 10 11 10 0F 10 11 10 11 11 11 12 12 10 12 10 11 10 11 13 12 11 12 11 12 11 11 12 12 13 11 10 11 11 11 12 10 11 0F 0F 0F 0F 13 0F 10 10 11 11 12 11 11 11 10 13 10 11 12 10 11 11 11 11 11 11 11 11 10 11 0E 11 11 11 11 12 10 10 11 12 11 11 11 11 11 11 10 0F 10 11 0F 12 11 11 0F 11 11 11 11 10 11 11 12 11 11 10 11 11 10 11 0F 10 10 12 10 11 10 11 0E 10 10 0E 10 10 11 10 0F 0F 0F 10 0F 11 11 0E 10 11 0F 0F 10 12 0F 0F 10 0F 0F 0F 10 0F 0F 0E 0C 0E 0F 11 0E 10 0F 0E 0F 0F 10 0F 0F 10 10 0E 10 0F 0E 0E 0D 0E 0F 0F 0C 0F 0F 0E 0D 0D 0E 0F 0F 0D 0F 0E 0E 0F 0F 0F 0F 0D 0E 10 0F 0F 10 0F 0F 10 0E 0F 0F 0F 10 0E 0E 0E 0F 0F 10 0E 0E 0F 0E 0F 0E 0D 10 0E 0E 0F 0E 0F 0E 0E 0F 0E 0F 0E 10 0D 0E 0D 0F 0F 10 0F 0E 0E 0F 0E 0E 0F 0E 0F 0F 0E 0F 10 0F 0E 0F 0E 0F 12 0E 0E 0F 0E 10 0F 0E 0F 0F 0E 0E 0F 0D 0F 0F 0F 0E 0E 0E 0E 0E 0E 0D 0D 0D 0D 0D 0D 0D 0D 0D 0D 0D 0D 
12 12 12 12 12 12 12 12 12 12 12 12 11 12 13 10 10 12 12 0F 10 11 0F 12 11 11 12 0F 11 11 12 11 11 10 11 10 0F 10 11 10 11 11 11 12 12 10 12 10 11 10 11 13 12 11 12 11 12 11 11 12 12 13 11 10 11 11 11 12 10 11 0F 0F 0F 0F 13 0F 10 10 11 11 12 11 11 11 10 13 10 11 12 10 11 11 11 11 11 11 11 11 10 11 0E 11 11 11 11 12 10 10 11 12 11 11 11 11 11 11 10 0F 10 11 0F 12 11 11 0F 11 11 11 11 10 11 11 12 11 11 10 11 11 10 11 0F 10 10 12 10 11 10 11 0E 10 10 0E 10 10 11 10 0F 0F 0F 10 0F 11 11 0E 10 11 0F 0F 10 12 0F 0F 10 0F 0F 0F 10 0F 0F 0E 0C 0E 0F 11 0E 10 0F 0E 0F 0F 10 0F 0F 10 10 0E 10 0F 0E 0E 0D 0E 0F 0F 0C 0F 0F 0E 0D 0D 0E 0F 0F 0D 0F 0E 0E 0F 0F 0F 0F 0D 0E 10 0F 0F 10 0F 0F 10 0E 0F 0F 0F 10 0E 0E 0E 0F 0F 10 0E 0E 0F 0E 0F 0E 0D 10 0E 0E 0F 0E 0F 0E 0E 0F 0E 0F 0E 10 0D 0E 0D 0F 0F 10 0F 0E 0E 0F 0E 0E 0F 0E 0F 0F 0E 0F 10 0F 0E 0F 0E 0F 12 0E 0E 0F 0E 10 0F 0E 0F 0F 0E 0E 0F 0D 0F 0F 0F 0E 0E 0E 0E 0E 0E 0D 0D 0D 0D 0D 0D 0D 0D 0D 0D 0D 0D 
12 12 12 12 12 12 12 12 12 12 12 12 11 12 13 10 10 12 12 0F 10 11 0F 12 11 11 12 0F 11 11 12 11 11 10 11 10 0F 10 11 10 11 11 11 12 12 10 12 10 11 10 11 13 12 11 12 11 12 11 11 12 12 13 11 10 11 11 11 12 10 11 0F 0F 0F 0F 13 0F 10 10 11 11 12 11 11 11 10 13 10 11 12 10 11 11 11 11 11 11 11 11 10 11 0E 11 11 11 11 12 10 10 11 12 11 11 11 11 11 11 10 0F 10 11 0F 12 11 11 0F 11 11 11 11 10 11 11 12 11 11 10 11 11 10 11 0F 10 10 12 10 11 10 11 0E 10 10 0E 10 10 11 10 0F 0F 0F 10 0F 11 11 0E 10 11 0F 0F 10 12 0F 0F 10 0F 0F 0F 10 0F 0F 0E 0C 0E 0F 11 0E 10 0F 0E 0F 0F 10 0F 0F 10 10 0E 10 0F 0E 0E 0D 0E 0F 0F 0C 0F 0F 0E 0D 0D 0E 0F 0F 0D 0F 0E 0E 0F 0F 0F 0F 0D 0E 10 0F 0F 10 0F 0F 10 0E 0F 0F 0F 10 0E 0E 0E 0F 0F 10 0E 0E 0F 0E 0F 0E 0D 10 0E 0E 0F 0E 0F 0E 0E 0F 0E 0F 0E 10 0D 0E 0D 0F 0F 10 0F 0E 0E 0F 0E 0E 0F 0E 0F 0F 0E 0F 10 0F 0E 0F 0E 0F 12 0E 0E 0F 0E 10 0F 0E 0F 0F 0E 0E 0F 0D 0F 0F 0F 0E 0E 0E 0E 0E 0E 0D 0D 0D 0D 0D 0D 0D 0D 0D 0D 0D 0D 
12 12 12 12 12 12 12 12 12 12 12 12 11 12 13 10 10 12 12 0F 10 11 0F 12 11 11 12 0F 11 11 12 11 11 10 11 10 0F 10 11 10 11 11 11 12 12 10 12 10 11 10 11 13 12 11 12 11 12 11 11 12 12 13 11 10 11 11 11 12 10 11 0F 0F 0F 0F 13 0F 10 10 11 11 12 11 11 11 10 13 10 11 12 10 11 11 11 11 11 11 11 11 10 11 0E 11 11 11 11 12 10 10 11 12 11 11 11 11 11 11 10 0F 10 11 0F 12 11 11 0F 11 11 11 11 10 11 11 12 11 11 10 11 11 10 11 0F 10 10 12 10 11 10 11 0E 10 10 0E 10 10 11 10 0F 0F 0F 10 0F 11 11 0E 10 11 0F 0F 10 12 0F 0F 10 0F 0F 0F 10 0F 0F 0E 0C 0E 0F 11 0E 10 0F 0E 0F 0F 10 0F 0F 10 10 0E 10 0F 0E 0E 0D 0E 0F 0F 0C 0F 0F 0E 0D 0D 0E 0F 0F 0D 0F 0E 0E 0F 0F 0F 0F 0D 0E 10 0F 0F 10 0F 0F 10 0E 0F 0F 0F 10 0E 0E 0E 0F 0F 10 0E 0E 0F 0E 0F 0E 0D 10 0E 0E 0F 0E 0F 0E 0E 0F 0E 0F 0E 10 0D 0E 0D 0F 0F 10 0F 0E 0E 0F 0E 0E 0F 0E 0F 0F 0E 0F 10 0F 0E 0F 0E 0F 12 0E 0E 0F 0E 10 0F 0E 0F 0F 0E 0E 0F 0D 0F 0F 0F 0E 0E 0E 0E 0E 0E 0D 0D 0D 0D 0D 0D 0D 0D 0D 0D 0D 0D 
12 12 12 12 12 12 12 12 12 12 12 12 11 12 13 10 10 12 12 0F 10 11 0F 12 11 11 12 0F 11 11 12 11 11 10 11 10 0F 10 11 10 11 11 11 12 12 10 12 10 11 10 11 13 12 11 12 11 12 11 11 12 12 13 11 10 11 11 11 12 10 11 0F 0F 0F 0F 13 0F 10 10 11 11 12 11 11 11 10 13 10 11 12 10 11 11 11 11 11 11 11 11 10 11 0E 11 11 11 11 12 10 10 11 12 11 11 11 11 11 11 10 0F 10 11 0F 12 11 11 0F 11 11 11 11 10 11 11 12 11 11 10 11 11 10 11 0F 10 10 12 10 11 10 11 0E 10 10 0E 10 10 11 10 0F 0F 0F 10 0F 11 11 0E 10 11 0F 0F 10 12 0F 0F 10 0F 0F 0F 10 0F 0F 0E 0C 0E 0F 11 0E 10 0F 0E 0F 0F 10 0F 0F 10 10 0E 10 0F 0E 0E 0D 0E 0F 0F 0C 0F 0F 0E 0D 0D 0E 0F 0F 0D 0F 0E 0E 0F 0F 0F 0F 0D 0E 10 0F 0F 10 0F 0F 10 0E 0F 0F 0F 10 0E 0E 0E 0F 0F 10 0E 0E 0F 0E 0F 0E 0D 10 0E 0E 0F 0E 0F 0E 0E 0F 0E 0F 0E 10 0D 0E 0D 0F 0F 10 0F 0E 0E 0F 0E 0E 0F 0E 0F 0F 0E 0F 10 0F 0E 0F 0E 0F 12 0E 0E 0F 0E 10 0F 0E 0F 0F 0E 0E 0F 0D 0F 0F 0F 0E 0E 0E 0E 0E 0E 0D 0D 0D 0D 0D 0D 0D 0D 0D 0D 0D 0D 
12 12 12 12 12 12 12 12 12 12 12 12 11 12 13 10 10 12 12 0F 10 11 0F 12 11 11 12 0F 11 11 12 11 11 10 11 10 0F 10 11 10 11 11 11 12 12 10 12 10 11 10 11 13 12 11 12 11 12 11 11 12 12 13 11 10 11 11 11 12 10 11 0F 0F 0F 0F 13 0F 10 10 11 11 12 11 11 11 10 13 10 11 12 10 11 11 11 11 11 11 11 11 10 11 0E 11 11 11 11 12 10 10 11 12 11 11 11 11 11 11 10 0F 10 11 0F 12 11 11 0F 11 11 11 11 10 11 11 12 11 11 10 11 11 10 11 0F 10 10 12 10 11 10 11 0E 10 10 0E 10 10 11 10 0F 0F 0F 10 0F 11 11 0E 10 11 0F 0F 10 12 0F 0F 10 0F 0F 0F 10 0F 0F 0E 0C 0E 0F 11 0E 10 0F 0E 0F 0F 10 0F 0F 10 10 0E 10 0F 0E 0E 0D 0E 0F 0F 0C 0F 0F 0E 0D 0D 0E 0F 0F 0D 0F 0E 0E 0F 0F 0F 0F 0D 0E 10 0F 0F 10 0F 0F 10 0E 0F 0F 0F 10 0E 0E 0E 0F 0F 10 0E 0E 0F 0E 0F 0E 0D 10 0E 0E 0F 0E 0F 0E 0E 0F 0E 0F 0E 10 0D 0E 0D 0F 0F 10 0F 0E 0E 0F 0E 0E 0F 0E 0F 0F 0E 0F 10 0F 0E 0F 0E 0F 12 0E 0E 0F 0E 10 0F 0E 0F 0F 0E 0E 0F 0D 0F 0F 0F 0E 0E 0E 0E 0E 0E 0D 0D 0D 0D 0D 0D 0D 0D 0D 0D 0D 0D 
12 12 12 12 12 12 12 12 12 12 12 12 11 12 13 10 10 12 12 0F 10 11 0F 12 11 11 12 0F 11 11 12 11 11 10 11 10 0F 10 11 10 11 11 11 12 12 10 12 10 11 10 11 13 12 11 12 11 12 11 11 12 12 13 11 10 11 11 11 12 10 11 0F 0F 0F 0F 13 0F 10 10 11 11 12 11 11 11 10 13 10 11 12 10 11 11 11 11 11 11 11 11 10 11 0E 11 11 11 11 12 10 10 11 12 11 11 11 11 11 11 10 0F 10 11 0F 12 11 11 0F 11 11 11 11 10 11 11 12 11 11 10 11 11 10 11 0F 10 10 12 10 11 10 11 0E 10 10 0E 10 10 11 10 0F 0F 0F 10 0F 11 11 0E 10 11 0F 0F 10 12 0F 0F 10 0F 0F 0F 10 0F 0F 0E 0C 0E 0F 11 0E 10 0F 0E 0F 0F 10 0F 0F 10 10 0E 10 0F 0E 0E 0D 0E 0F 0F 0C 0F 0F 0E 0D 0D 0E 0F 0F 0D 0F 0E 0E 0F 0F 0F 0F 0D 0E 10 0F 0F 10 0F 0F 10 0E 0F 0F 0F 10 0E 0E 0E 0F 0F 10 0E 0E 0F 0E 0F 0E 0D 10 0E 0E 0F 0E 0F 0E 0E 0F 0E 0F 0E 10 0D 0E 0D 0F 0F 10 0F 0E 0E 0F 0E 0E 0F 0E 0F 0F 0E 0F 10 0F 0E 0F 0E 0F 12 0E 0E 0F 0E 10 0F 0E 0F 0F 0E 0E 0F 0D 0F 0F 0F 0E 0E 0E 0E 0E 0E 0D 0D 0D 0D 0D 0D 0D 0D 0D 0D 0D 0D 
